{
    "1BVC": {
        "pearson": [
            -0.24782485529454995,
            0.03326194791552217
        ],
        "spearman": [
            -0.18603101290030155,
            0.11252587832287843
        ]
    },
    "1LZ1": {
        "pearson": [
            -0.38181226440947696,
            2.7692926781620704e-05
        ],
        "spearman": [
            -0.402841070125553,
            8.848897333023298e-06
        ]
    },
    "2CI2": {
        "pearson": [
            -0.3085609787312677,
            0.005662839783663846
        ],
        "spearman": [
            -0.3362101516201847,
            0.0024505570564034205
        ]
    },
    "2RN2": {
        "pearson": [
            -0.18036572643255788,
            0.11648043937662905
        ],
        "spearman": [
            -0.12539189080495752,
            0.27721018632319305
        ]
    }
}