{
    "1BVC": {
        "pearson": [
            -0.4958183174291338,
            7.058980256513914e-06
        ],
        "spearman": [
            -0.5649797850585704,
            1.5726943842489778e-07
        ],
        "count": 74,
        "pearson - filtered rosetta [-1;7]": [
            -0.46800001972693506,
            3.392560003972064e-05
        ],
        "spearman - filtered rosetta [-1;7]": [
            -0.5378505285114776,
            1.103578434308163e-06
        ],
        "count - filtered rosetta [-1;7]": 72
    },
    "1LZ1": {
        "pearson": [
            -0.4980974170636926,
            1.7104237461670985e-08
        ],
        "spearman": [
            -0.5295711693786492,
            1.3763025544597599e-09
        ],
        "count": 114,
        "pearson - filtered rosetta [-1;7]": [
            -0.5038301471222697,
            1.2805040366676562e-08
        ],
        "spearman - filtered rosetta [-1;7]": [
            -0.5391565856926267,
            7.228817207300064e-10
        ],
        "count - filtered rosetta [-1;7]": 113
    },
    "2CI2": {
        "pearson": [
            -0.43714532383982013,
            5.621835632397996e-05
        ],
        "spearman": [
            -0.5104989622971507,
            1.5364437506375684e-06
        ],
        "count": 79,
        "pearson - filtered rosetta [-1;7]": [
            -0.43714532383982013,
            5.621835632397996e-05
        ],
        "spearman - filtered rosetta [-1;7]": [
            -0.5104989622971507,
            1.5364437506375684e-06
        ],
        "count - filtered rosetta [-1;7]": 79
    },
    "2RN2": {
        "pearson": [
            -0.42461155774478027,
            0.00011869047910341626
        ],
        "spearman": [
            -0.3300360837027014,
            0.00337552844197564
        ],
        "count": 77,
        "pearson - filtered rosetta [-1;7]": [
            -0.48566542769616317,
            2.3364823687042965e-05
        ],
        "spearman - filtered rosetta [-1;7]": [
            -0.43512733413530913,
            0.00018667514676955828
        ],
        "count - filtered rosetta [-1;7]": 69
    },
    "overall": {
        "pearson": [
            -0.451619007880553,
            1.0837605519264915e-18
        ],
        "spearman": [
            -0.4817133396237058,
            2.1872080131587864e-21
        ],
        "count": 344,
        "pearson - filtered rosetta [-1;7]": [
            -0.46059277675366067,
            6.846400872655224e-19
        ],
        "spearman - filtered rosetta [-1;7]": [
            -0.4976022575921871,
            3.1077645121588594e-22
        ],
        "count - filtered rosetta [-1;7]": 333
    }
}