{
    "1BVC": {
        "pearson": [
            -0.4958183174291338,
            7.058980256513914e-06
        ],
        "spearman": [
            -0.5649797850585704,
            1.5726943842489778e-07
        ]
    },
    "1LZ1": {
        "pearson": [
            -0.4980974170636926,
            1.7104237461670985e-08
        ],
        "spearman": [
            -0.5295711693786492,
            1.3763025544597599e-09
        ]
    },
    "2CI2": {
        "pearson": [
            -0.43714532383982013,
            5.621835632397996e-05
        ],
        "spearman": [
            -0.5104989622971507,
            1.5364437506375684e-06
        ]
    },
    "2RN2": {
        "pearson": [
            -0.42461155774478027,
            0.00011869047910341626
        ],
        "spearman": [
            -0.3300360837027014,
            0.00337552844197564
        ]
    }
}