{
    "CRIPT": {
        "pearson": [
            0.38348789623629675,
            2.9625597656782645e-59
        ],
        "spearman": [
            0.3431691776439289,
            4.691477168778911e-47
        ],
        "count": 1659
    },
    "Tm2F": {
        "pearson": [
            0.2804039038543057,
            2.379383318378815e-31
        ],
        "spearman": [
            0.21750080030119595,
            3.2532869391975926e-19
        ],
        "count": 1659
    }
}