{
    "react_rel": {
        "pearson": [
            0.4074361516329267,
            1.6829680453112315e-58
        ],
        "spearman": [
            0.35963793400028343,
            4.651329795640011e-45
        ],
        "count": 1435
    }
}