{
    "react_rel": {
        "pearson": [
            0.4115513921906291,
            9.155790218699285e-60
        ],
        "spearman": [
            0.39643065826608576,
            3.3217465978638035e-55
        ],
        "count": 1435
    }
}