{
    "log_proba_mt__minus__log_proba_wt vs. IFN_gamma (pg/ml)": {
        "Sr": 0.27574833882655114,
        "Sr_pval": 0.0002509602300976511,
        "Pr": 0.3405440574619655,
        "Pr_pval": 4.85395367761763e-06,
        "num": 172
    },
    "blosum vs. IFN_gamma (pg/ml)": {
        "Sr": 0.2174733347098187,
        "Sr_pval": 0.00416064211939098,
        "Pr": 0.24663740792014044,
        "Pr_pval": 0.001107979454142637,
        "num": 172
    },
    "blosum vs. log_proba_mt__minus__log_proba_wt": {
        "Sr": 0.30571547462554965,
        "Sr_pval": 4.537413437727399e-05,
        "Pr": 0.33428692713806385,
        "Pr_pval": 7.402351653260025e-06,
        "num": 172
    },
    "combined_score vs. IFN_gamma (pg/ml)": {
        "Sr": 0.2908748946107476,
        "Sr_pval": 0.00010838534060682065,
        "Pr": 0.3671353140355509,
        "Pr_pval": 7.273107251016554e-07,
        "num": 172
    }
}