{
    "1A7V": {
        "pearson": [
            -0.1992247909834181,
            0.5140598666276477
        ],
        "spearman": [
            -0.18732853451452894,
            0.539987828132436
        ],
        "count": 13
    },
    "1BA3": {
        "pearson": [
            -0.9046814322694025,
            0.09531856773059744
        ],
        "spearman": [
            -0.39999999999999997,
            0.6
        ],
        "count": 4
    },
    "1BFM": {
        "pearson": [
            -1.0,
            1.0
        ],
        "spearman": [
            -0.9999999999999999,
            NaN
        ],
        "count": 2
    },
    "1D5G": {
        "pearson": [
            1.0,
            1.0
        ],
        "spearman": [
            0.9999999999999999,
            NaN
        ],
        "count": 2
    },
    "1DIV": {
        "pearson": [
            -0.6003168183024066,
            4.059920557143301e-06
        ],
        "spearman": [
            -0.5732465738694231,
            1.354608821085381e-05
        ],
        "count": 50
    },
    "1EKG": {
        "pearson": [
            -0.9524958603947302,
            0.04750413960526978
        ],
        "spearman": [
            -0.7999999999999999,
            0.20000000000000007
        ],
        "count": 4
    },
    "1FT8": {
        "pearson": [
            -0.6452680167854898,
            0.017232983767666687
        ],
        "spearman": [
            -0.6648351648351648,
            0.013165575845550252
        ],
        "count": 13
    },
    "1FXA": {
        "pearson": [
            -0.7164141905058665,
            0.013127713936979783
        ],
        "spearman": [
            -0.7727272727272727,
            0.005299487178643863
        ],
        "count": 11
    },
    "1G3P": {
        "pearson": [
            -0.5020418396459767,
            0.007622337193032955
        ],
        "spearman": [
            -0.2834453797035129,
            0.1519406729131459
        ],
        "count": 27
    },
    "1GUA": {
        "pearson": [
            -0.5411785249284146,
            5.9441930979458315e-05
        ],
        "spearman": [
            -0.5470408163265306,
            4.758309444024396e-05
        ],
        "count": 49
    },
    "1H0X": {
        "pearson": [
            1.0,
            1.0
        ],
        "spearman": [
            0.9999999999999999,
            NaN
        ],
        "count": 2
    },
    "1HCQ": {
        "pearson": [
            -1.0,
            1.0
        ],
        "spearman": [
            -0.9999999999999999,
            NaN
        ],
        "count": 2
    },
    "1ITM": {
        "pearson": [
            0.8648063385969031,
            0.3348822332651507
        ],
        "spearman": [
            1.0,
            0.0
        ],
        "count": 3
    },
    "1IV7": {
        "pearson": [
            -0.9148306022913274,
            0.26464798025313746
        ],
        "spearman": [
            -1.0,
            0.0
        ],
        "count": 3
    },
    "1J8I": {
        "pearson": [
            -0.12526591194770628,
            0.8130839401570844
        ],
        "spearman": [
            -0.08827348295047496,
            0.8679336982351336
        ],
        "count": 6
    },
    "1JLV": {
        "pearson": [
            0.6031581344559989,
            0.5878175690002784
        ],
        "spearman": [
            0.5,
            0.6666666666666667
        ],
        "count": 3
    },
    "1L6H": {
        "pearson": [
            -0.7390467495130403,
            0.4705524839463574
        ],
        "spearman": [
            -0.5,
            0.6666666666666667
        ],
        "count": 3
    },
    "1LVM": {
        "pearson": [
            0.2567862686045152,
            0.6766791133962156
        ],
        "spearman": [
            0.5642880936468347,
            0.32172333582430024
        ],
        "count": 5
    },
    "1N18": {
        "pearson": [
            -0.6889488200626688,
            0.3110511799373312
        ],
        "spearman": [
            -0.6000000000000001,
            0.3999999999999999
        ],
        "count": 4
    },
    "1N88": {
        "pearson": [
            0.08137422968720712,
            0.7562008271343211
        ],
        "spearman": [
            0.055248712474451865,
            0.8331955320776143
        ],
        "count": 17
    },
    "1NM1": {
        "pearson": [
            -1.0,
            1.0
        ],
        "spearman": [
            -0.9999999999999999,
            NaN
        ],
        "count": 2
    },
    "1O1U": {
        "pearson": [
            -0.5282595256511122,
            0.28131826827477346
        ],
        "spearman": [
            -0.33394720739540396,
            0.5177002083054396
        ],
        "count": 6
    },
    "1O6X": {
        "pearson": [
            0.046997218887171524,
            0.8440210294644839
        ],
        "spearman": [
            -0.021820924160668685,
            0.9272438955862656
        ],
        "count": 20
    },
    "1OSI": {
        "pearson": [
            0.16315565762228612,
            0.8368443423777139
        ],
        "spearman": [
            0.39999999999999997,
            0.6
        ],
        "count": 4
    },
    "1PFL": {
        "pearson": [
            -0.5175781760580153,
            0.37173486753477947
        ],
        "spearman": [
            -0.3,
            0.6238376647810728
        ],
        "count": 5
    },
    "1PRG": {
        "pearson": [
            0.6689297322011192,
            0.10035508146324144
        ],
        "spearman": [
            0.6785714285714287,
            0.0937502539598313
        ],
        "count": 7
    },
    "1R6R": {
        "pearson": [
            0.4307894150522097,
            0.5692105849477902
        ],
        "spearman": [
            0.39999999999999997,
            0.6
        ],
        "count": 4
    },
    "1SPD": {
        "pearson": [
            -1.0,
            1.0
        ],
        "spearman": [
            -0.9999999999999999,
            NaN
        ],
        "count": 2
    },
    "1X0J": {
        "pearson": [
            -0.41711162114861056,
            0.351845918522345
        ],
        "spearman": [
            -0.6785714285714287,
            0.0937502539598313
        ],
        "count": 7
    },
    "1XWS": {
        "pearson": [
            0.2484194012355837,
            0.7515805987644164
        ],
        "spearman": [
            -0.39999999999999997,
            0.6
        ],
        "count": 4
    },
    "1XXN": {
        "pearson": [
            0.04173107481092915,
            0.946881771226704
        ],
        "spearman": [
            0.10259783520851543,
            0.8695979205185651
        ],
        "count": 5
    },
    "1XZO": {
        "pearson": [
            -0.1475998626498835,
            0.8524001373501164
        ],
        "spearman": [
            0.0,
            1.0
        ],
        "count": 4
    },
    "2BJD": {
        "pearson": [
            -0.9997147556504036,
            0.015205964414384966
        ],
        "spearman": [
            -1.0,
            0.0
        ],
        "count": 3
    },
    "2C9Q": {
        "pearson": [
            -1.0,
            1.0
        ],
        "spearman": [
            -0.9999999999999999,
            NaN
        ],
        "count": 2
    },
    "2CLR": {
        "pearson": [
            -0.9005723859256004,
            0.0994276140743997
        ],
        "spearman": [
            -1.0,
            0.0
        ],
        "count": 4
    },
    "2DVV": {
        "pearson": [
            -1.0,
            1.0
        ],
        "spearman": [
            -0.9999999999999999,
            NaN
        ],
        "count": 2
    },
    "2HBB": {
        "pearson": [
            -0.6251501133789439,
            3.4087796595447433e-06
        ],