{
    "1A7V": {
        "pearson": [
            -0.19976815978348822,
            0.5128890086699535
        ],
        "spearman": [
            -0.18732853451452894,
            0.539987828132436
        ],
        "count": 13
    },
    "1BA3": {
        "pearson": [
            -0.904276861351387,
            0.09572313864861304
        ],
        "spearman": [
            -0.39999999999999997,
            0.6
        ],
        "count": 4
    },
    "1BFM": {
        "pearson": [
            -1.0,
            1.0
        ],
        "spearman": [
            -0.9999999999999999,
            NaN
        ],
        "count": 2
    },
    "1D5G": {
        "pearson": [
            1.0,
            1.0
        ],
        "spearman": [
            0.9999999999999999,
            NaN
        ],
        "count": 2
    },
    "1DIV": {
        "pearson": [
            -0.5984815769299273,
            4.420894206730635e-06
        ],
        "spearman": [
            -0.5650827205094665,
            1.9084391944614306e-05
        ],
        "count": 50
    },
    "1EKG": {
        "pearson": [
            -0.9524931965619439,
            0.04750680343805613
        ],
        "spearman": [
            -0.7999999999999999,
            0.20000000000000007
        ],
        "count": 4
    },
    "1FT8": {
        "pearson": [
            -0.645260902432548,
            0.017234615116466404
        ],
        "spearman": [
            -0.6648351648351648,
            0.013165575845550252
        ],
        "count": 13
    },
    "1FXA": {
        "pearson": [
            -0.693779389021022,
            0.017884429488610663
        ],
        "spearman": [
            -0.7727272727272727,
            0.005299487178643863
        ],
        "count": 11
    },
    "1G3P": {
        "pearson": [
            -0.5021646039037546,
            0.007605166420000193
        ],
        "spearman": [
            -0.2834453797035129,
            0.1519406729131459
        ],
        "count": 27
    },
    "1GUA": {
        "pearson": [
            -0.5424199704036514,
            5.672537714011737e-05
        ],
        "spearman": [
            -0.5470408163265306,
            4.758309444024396e-05
        ],
        "count": 49
    },
    "1H0X": {
        "pearson": [
            1.0,
            1.0
        ],
        "spearman": [
            0.9999999999999999,
            NaN
        ],
        "count": 2
    },
    "1HCQ": {
        "pearson": [
            -1.0,
            1.0
        ],
        "spearman": [
            -0.9999999999999999,
            NaN
        ],
        "count": 2
    },
    "1ITM": {
        "pearson": [
            0.8424668222615226,
            0.36220517676493846
        ],
        "spearman": [
            1.0,
            0.0
        ],
        "count": 3
    },
    "1IV7": {
        "pearson": [
            -0.9148494493597212,
            0.2646182677034375
        ],
        "spearman": [
            -1.0,
            0.0
        ],
        "count": 3
    },
    "1J8I": {
        "pearson": [
            -0.07254753555585244,
            0.8913696107626579
        ],
        "spearman": [
            -0.08827348295047496,
            0.8679336982351336
        ],
        "count": 6
    },
    "1JLV": {
        "pearson": [
            0.6031892379171824,
            0.5877927434820227
        ],
        "spearman": [
            0.5,
            0.6666666666666667
        ],
        "count": 3
    },
    "1L6H": {
        "pearson": [
            -0.735672623182267,
            0.4737324168991913
        ],
        "spearman": [
            -0.5,
            0.6666666666666667
        ],
        "count": 3
    },
    "1LVM": {
        "pearson": [
            0.25680525690627576,
            0.6766557474869486
        ],
        "spearman": [
            0.5642880936468347,
            0.32172333582430024
        ],
        "count": 5
    },
    "1N18": {
        "pearson": [
            -0.6889544602332479,
            0.3110455397667522
        ],
        "spearman": [
            -0.6000000000000001,
            0.3999999999999999
        ],
        "count": 4
    },
    "1N88": {
        "pearson": [
            0.0007786725853690807,
            0.9976334967929087
        ],
        "spearman": [
            0.04788221747785829,
            0.855198696261628
        ],
        "count": 17
    },
    "1NM1": {
        "pearson": [
            -1.0,
            1.0
        ],
        "spearman": [
            -0.9999999999999999,
            NaN
        ],
        "count": 2
    },
    "1O1U": {
        "pearson": [
            -0.515441270006387,
            0.29530923671014364
        ],
        "spearman": [
            -0.030358837035945815,
            0.9544757346935633
        ],
        "count": 6
    },
    "1O6X": {
        "pearson": [
            0.05714864298438729,
            0.8108612291942373
        ],
        "spearman": [
            0.0052671196249889935,
            0.9824171775279963
        ],
        "count": 20
    },
    "1OSI": {
        "pearson": [
            0.1747162251403319,
            0.8252837748596682
        ],
        "spearman": [
            0.39999999999999997,
            0.6
        ],
        "count": 4
    },
    "1PFL": {
        "pearson": [
            -0.49795604727208603,
            0.39325753210852316
        ],
        "spearman": [
            -0.09999999999999999,
            0.8728885715695383
        ],
        "count": 5
    },
    "1PRG": {
        "pearson": [
            0.668905247887917,
            0.1003721538184859
        ],
        "spearman": [
            0.6785714285714287,
            0.0937502539598313
        ],
        "count": 7
    },
    "1R6R": {
        "pearson": [
            0.21580089572692654,
            0.7841991042730734
        ],
        "spearman": [
            0.39999999999999997,
            0.6
        ],
        "count": 4
    },
    "1SPD": {
        "pearson": [
            -1.0,
            1.0
        ],
        "spearman": [
            -0.9999999999999999,
            NaN
        ],
        "count": 2
    },
    "1X0J": {
        "pearson": [
            -0.38914095668434256,
            0.3882357115860507
        ],
        "spearman": [
            -0.6785714285714287,
            0.0937502539598313
        ],
        "count": 7
    },
    "1XWS": {
        "pearson": [
            0.24844576624984957,
            0.7515542337501504
        ],
        "spearman": [
            -0.39999999999999997,
            0.6
        ],
        "count": 4
    },
    "1XXN": {
        "pearson": [
            0.04170906584201878,
            0.9469097695179919
        ],
        "spearman": [
            0.10259783520851543,
            0.8695979205185651
        ],
        "count": 5
    },
    "1XZO": {
        "pearson": [
            -0.1278824613843594,
            0.8721175386156406
        ],
        "spearman": [
            0.0,
            1.0
        ],
        "count": 4
    },
    "2BJD": {
        "pearson": [
            -0.9997146352631712,
            0.015209173063249665
        ],
        "spearman": [
            -1.0,
            0.0
        ],
        "count": 3
    },
    "2C9Q": {
        "pearson": [
            -1.0,
            1.0
        ],
        "spearman": [
            -0.9999999999999999,
            NaN
        ],
        "count": 2
    },
    "2CLR": {
        "pearson": [
            -0.9005712719954582,
            0.09942872800454183
        ],
        "spearman": [
            -1.0,
            0.0
        ],
        "count": 4
    },
    "2DVV": {
        "pearson": [
            -1.0,
            1.0
        ],
        "spearman": [
            -0.9999999999999999,
            NaN
        ],
        "count": 2
    },
    "2HBB": {
        "pearson": [
            -0.6251503600223351,
            3.4087404822542346e-06
        ],