{
    "fitness": {
        "pearson": [
            0.382979880142275,
            3.0020773547725873e-54
        ],
        "spearman": [
            0.37725327086009147,
            1.446278449863061e-52
        ],
        "count": 1519
    }
}