{
    "fitness": {
        "pearson": [
            0.3650767057116251,
            4.244777810368362e-49
        ],
        "spearman": [
            0.3582155882447135,
            3.286686993338825e-47
        ],
        "count": 1519
    }
}