{
    "acetamide_normalized_fitness": {
        "pearson": [
            0.28790502604967405,
            1.0370290420063602e-126
        ],
        "spearman": [
            0.4082021604233717,
            1.1968520116790973e-264
        ],
        "count": 6629
    },
    "isobutyramide_normalized_fitness": {
        "pearson": [
            0.43114088564355324,
            1.3936268672955432e-295
        ],
        "spearman": [
            0.4540019224724705,
            0.0
        ],
        "count": 6568
    },
    "propionamide_normalized_fitness": {
        "pearson": [
            0.3607470264208579,
            5.509157329188022e-203
        ],
        "spearman": [
            0.4120436892123889,
            3.4814984938254693e-270
        ],
        "count": 6631
    }
}