{
    "acetamide_normalized_fitness": {
        "pearson": [
            0.30915100143790647,
            2.2754972145262635e-146
        ],
        "spearman": [
            0.43111592778383,
            2.0190526126311615e-297
        ],
        "count": 6610
    },
    "isobutyramide_normalized_fitness": {
        "pearson": [
            0.4460854353538387,
            8.857065e-318
        ],
        "spearman": [
            0.47080818474553354,
            0.0
        ],
        "count": 6548
    },
    "propionamide_normalized_fitness": {
        "pearson": [
            0.3778306410392137,
            2.279527056831128e-223
        ],
        "spearman": [
            0.4329663626423925,
            2.737287927472053e-300
        ],
        "count": 6611
    }
}