{
    "log_proba_mt__minus__log_proba_wt vs. -EC50": {
        "Sr": 0.21056466821066466,
        "Sr_pval": 0.005561942851107388,
        "Pr": 0.1792501422980742,
        "Pr_pval": 0.01863314182028644,
        "num": 172
    },
    "blosum vs. -EC50": {
        "Sr": 0.3279589714903336,
        "Sr_pval": 1.1238171101349226e-05,
        "Pr": 0.34282061405933184,
        "Pr_pval": 4.1535708982062115e-06,
        "num": 172
    },
    "blosum vs. log_proba_mt__minus__log_proba_wt": {
        "Sr": 0.4489985309613716,
        "Sr_pval": 6.502870995652771e-10,
        "Pr": 0.4635095249553752,
        "Pr_pval": 1.5227339499230738e-10,
        "num": 172
    },
    "combined_score vs. -EC50": {
        "Sr": 0.2768848684374451,
        "Sr_pval": 0.0002360064489843741,
        "Pr": 0.2854410900396387,
        "Pr_pval": 0.00014734658266933712,
        "num": 172
    }
}