{
    "log_proba_mt__minus__log_proba_wt vs. -EC50": {
        "Sr": 0.226941513186734,
        "Sr_pval": 0.00275554929451694,
        "Pr": 0.24078800233967756,
        "Pr_pval": 0.001463498496677217,
        "num": 172
    },
    "blosum vs. -EC50": {
        "Sr": 0.2817996352455732,
        "Sr_pval": 0.00018039107294154578,
        "Pr": 0.35210964460965455,
        "Pr_pval": 2.171324280629995e-06,
        "num": 172
    },
    "blosum vs. log_proba_mt__minus__log_proba_wt": {
        "Sr": 0.42744800121501836,
        "Sr_pval": 4.970966613972326e-09,
        "Pr": 0.4558619904147969,
        "Pr_pval": 3.300527356406089e-10,
        "num": 172
    },
    "combined_score vs. -EC50": {
        "Sr": 0.2944129443862763,
        "Sr_pval": 8.844544369490968e-05,
        "Pr": 0.347562258977247,
        "Pr_pval": 2.990550358053315e-06,
        "num": 172
    }
}