{
    "log_proba_mt__minus__log_proba_wt vs. -EC50": {
        "Sr": -0.0081344793945267,
        "Sr_pval": 0.9156565113366073,
        "Pr": -0.0006213843114512944,
        "Pr_pval": 0.9935452199754706,
        "num": 172
    },
    "blosum vs. -EC50": {
        "Sr": 0.030896021200542852,
        "Sr_pval": 0.6874345896905518,
        "Pr": 0.0696803331204638,
        "Pr_pval": 0.3637250535318197,
        "num": 172
    },
    "blosum vs. log_proba_mt__minus__log_proba_wt": {
        "Sr": 0.2915637105708602,
        "Sr_pval": 0.00010420077283226595,
        "Pr": 0.2996055434694721,
        "Pr_pval": 6.531153976315046e-05,
        "num": 172
    },
    "combined_score vs. -EC50": {
        "Sr": 0.015677042419233678,
        "Sr_pval": 0.8382630054463037,
        "Pr": 0.03254600652707869,
        "Pr_pval": 0.6716848705477633,
        "num": 172
    }
}