{
    "log_proba_mt__minus__log_proba_wt vs. -EC50": {
        "Sr": 0.1841675464114632,
        "Sr_pval": 0.015586949489270476,
        "Pr": 0.05331609961617323,
        "Pr_pval": 0.48728742605352227,
        "num": 172
    },
    "blosum vs. -EC50": {
        "Sr": 0.18178058344066128,
        "Sr_pval": 0.017006615584561586,
        "Pr": 0.21528862756648404,
        "Pr_pval": 0.004564932550419176,
        "num": 172
    },
    "blosum vs. log_proba_mt__minus__log_proba_wt": {
        "Sr": 0.41842906559782655,
        "Sr_pval": 1.1172468801051938e-08,
        "Pr": 0.41246102725550704,
        "Pr_pval": 1.8847658020583888e-08,
        "num": 172
    },
    "combined_score vs. -EC50": {
        "Sr": 0.2013996616106902,
        "Sr_pval": 0.008066475210579696,
        "Pr": 0.14376083416421917,
        "Pr_pval": 0.059911737676752966,
        "num": 172
    }
}