{
    "log_proba_mt__minus__log_proba_wt vs. -EC50": {
        "Sr": 0.24152810302941244,
        "Sr_pval": 0.0014133774384007174,
        "Pr": 0.24293382044657102,
        "Pr_pval": 0.0013224747277613955,
        "num": 172
    },
    "blosum vs. -EC50": {
        "Sr": 0.20164498686541152,
        "Sr_pval": 0.007988165146114301,
        "Pr": 0.26183560923865823,
        "Pr_pval": 0.0005211675796531644,
        "num": 172
    },
    "blosum vs. log_proba_mt__minus__log_proba_wt": {
        "Sr": 0.4823631741555748,
        "Sr_pval": 2.0797868187624666e-11,
        "Pr": 0.44867811978345484,
        "Pr_pval": 6.709580368915512e-10,
        "num": 172
    },
    "combined_score vs. -EC50": {
        "Sr": 0.28570079870374354,
        "Sr_pval": 0.00014522016506165805,
        "Pr": 0.2937314127480789,
        "Pr_pval": 9.199695914515592e-05,
        "num": 172
    }
}