{
    "log_proba_mt__minus__log_proba_wt vs. -EC50": {
        "Sr": 0.12773787767034192,
        "Sr_pval": 0.09493940789415,
        "Pr": 0.15947724983980946,
        "Pr_pval": 0.03664776942684444,
        "num": 172
    },
    "blosum vs. -EC50": {
        "Sr": 0.34537649184108626,
        "Sr_pval": 3.481831980829148e-06,
        "Pr": 0.3719814016279285,
        "Pr_pval": 5.050107486860724e-07,
        "num": 172
    },
    "blosum vs. log_proba_mt__minus__log_proba_wt": {
        "Sr": 0.4426143877240696,
        "Sr_pval": 1.2057250343459864e-09,
        "Pr": 0.4928248829544842,
        "Pr_pval": 6.531543957517011e-12,
        "num": 172
    },
    "combined_score vs. -EC50": {
        "Sr": 0.26005145502616667,
        "Sr_pval": 0.0005707614130724933,
        "Pr": 0.30384863174782795,
        "Pr_pval": 5.075896698685966e-05,
        "num": 172
    }
}