{
    "log_proba_mt__minus__log_proba_wt vs. -EC50": {
        "Sr": 0.3159318130127586,
        "Sr_pval": 2.4231850679693332e-05,
        "Pr": 0.3632359544839442,
        "Pr_pval": 9.712364038513076e-07,
        "num": 172
    },
    "blosum vs. -EC50": {
        "Sr": 0.23942600657826604,
        "Sr_pval": 0.0015599993065044267,
        "Pr": 0.2658310773308903,
        "Pr_pval": 0.00042419947926758357,
        "num": 172
    },
    "blosum vs. log_proba_mt__minus__log_proba_wt": {
        "Sr": 0.4083707400151204,
        "Sr_pval": 2.6814421520887923e-08,
        "Pr": 0.41535189319947335,
        "Pr_pval": 1.4648770856763714e-08,
        "num": 172
    },
    "combined_score vs. -EC50": {
        "Sr": 0.33534025500315795,
        "Sr_pval": 6.899152197188336e-06,
        "Pr": 0.3728380231298495,
        "Pr_pval": 4.731818803298977e-07,
        "num": 172
    }
}