{
    "CRIPT": {
        "pearson": [
            0.2821427406026267,
            9.808906583287541e-32
        ],
        "spearman": [
            0.2839376043293398,
            3.903775257555607e-32
        ],
        "count": 1659
    },
    "Tm2F": {
        "pearson": [
            0.18861639791808307,
            9.457957146384537e-15
        ],
        "spearman": [
            0.17162970752322781,
            1.9553447811431424e-12
        ],
        "count": 1659
    }
}