{
    "Overall": {
        "all_types_of_mutations": {
            "Pr": -0.2318283903354209,
            "Pr_pval": 6.613880652943157e-06,
            "Sr": -0.22309728289264144,
            "Sr_pval": 1.4805938450445437e-05,
            "num": 370.0,
            "num_struc": 38.0
        },
        "single_point_mutations": {
            "Pr": -0.13572680224969022,
            "Pr_pval": 0.028972086682305994,
            "Sr": -0.12229091157194706,
            "Sr_pval": 0.049304241044358134,
            "num": 259.0,
            "num_struc": 35.0
        },
        "multi_point_mutations": {
            "Pr": -0.4859119304193902,
            "Pr_pval": 6.441396849479349e-08,
            "Sr": -0.4473339550988338,
            "Sr_pval": 8.557850722326988e-07,
            "num": 111.0,
            "num_struc": 16.0
        }
    },
    "Per-Structure": {
        "all_types_of_mutations": {
            "Pr": -0.13037416231381702,
            "Pr_pval": 0.014135606473797458,
            "Sr": -0.10791789841570527,
            "Sr_pval": 0.0007040896604209634,
            "num": 266.0,
            "num_struc": 8.0
        },
        "single_point_mutations": {
            "Pr": -0.12291690066611435,
            "Pr_pval": 0.4244386807468102,
            "Sr": -0.157904415483725,
            "Sr_pval": 0.2925112306355032,
            "num": 180.0,
            "num_struc": 7.0
        },
        "multi_point_mutations": {
            "Pr": -0.037749561363281614,
            "Pr_pval": 4.268641870076343e-08,
            "Sr": -0.04544266574701844,
            "Sr_pval": 9.914164805596985e-09,
            "num": 79.0,
            "num_struc": 2.0
        }
    }
}