{
    "Overall": {
        "all_types_of_mutations": {
            "Pr": -0.23206264510575447,
            "Pr_pval": 6.469585784108531e-06,
            "Sr": -0.22413485431506852,
            "Sr_pval": 1.347610845930011e-05,
            "num": 370.0,
            "num_struc": 38.0
        },
        "single_point_mutations": {
            "Pr": -0.1369917223214437,
            "Pr_pval": 0.027495378426841893,
            "Sr": -0.12510501546139735,
            "Sr_pval": 0.04426786173183724,
            "num": 259.0,
            "num_struc": 35.0
        },
        "multi_point_mutations": {
            "Pr": -0.4859150804853796,
            "Pr_pval": 6.439951186151305e-08,
            "Sr": -0.4473339550988338,
            "Sr_pval": 8.557850722326987e-07,
            "num": 111.0,
            "num_struc": 16.0
        }
    },
    "Per-Structure": {
        "all_types_of_mutations": {
            "Pr": -0.13162145756649246,
            "Pr_pval": 0.013792737278744915,
            "Sr": -0.10894271820918427,
            "Sr_pval": 0.0006794572337409702,
            "num": 266.0,
            "num_struc": 8.0
        },
        "single_point_mutations": {
            "Pr": -0.12445689332990169,
            "Pr_pval": 0.41949448342498075,
            "Sr": -0.15917045330326232,
            "Sr_pval": 0.28526190407316365,
            "num": 180.0,
            "num_struc": 7.0
        },
        "multi_point_mutations": {
            "Pr": -0.03769373250518193,
            "Pr_pval": 4.263165242557958e-08,
            "Sr": -0.04544266574701844,
            "Sr_pval": 9.914164805596985e-09,
            "num": 79.0,
            "num_struc": 2.0
        }
    }
}