{
    "Overall": {
        "all_types_of_mutations": {
            "Pr": -0.14325149732747175,
            "Pr_pval": 0.005772629134341126,
            "Sr": -0.15705779863935104,
            "Sr_pval": 0.002448221524742856,
            "num": 370.0,
            "num_struc": 38.0
        },
        "single_point_mutations": {
            "Pr": -0.17945256834033396,
            "Pr_pval": 0.003760237579287828,
            "Sr": -0.2223646318085287,
            "Sr_pval": 0.0003102734639498865,
            "num": 259.0,
            "num_struc": 35.0
        },
        "multi_point_mutations": {
            "Pr": -0.1471657479936893,
            "Pr_pval": 0.12323383896130306,
            "Sr": -0.14126035216626245,
            "Sr_pval": 0.13918061182550492,
            "num": 111.0,
            "num_struc": 16.0
        }
    },
    "Per-Structure": {
        "all_types_of_mutations": {
            "Pr": -0.27354307425513297,
            "Pr_std": 0.213279350253037,
            "Pr_pval": 0.011071394624620414,
            "Sr": -0.2714657181780192,
            "Sr_std": 0.23494686089957925,
            "Sr_pval": 0.008263325212011416,
            "num": 266.0,
            "num_struc": 8.0
        },
        "single_point_mutations": {
            "Pr": -0.32928771282475505,
            "Pr_std": 0.21906981998589398,
            "Pr_pval": 0.003221772287355444,
            "Sr": -0.3454256648406857,
            "Sr_std": 0.20616050445874637,
            "Sr_pval": 0.002888038972269836,
            "num": 180.0,
            "num_struc": 7.0
        },
        "multi_point_mutations": {
            "Pr": 0.09959145571942891,
            "Pr_std": 0.18049289304156607,
            "Pr_pval": 0.3608189275290789,
            "Sr": 0.036746936735328056,
            "Sr_std": 0.13453638358685596,
            "Sr_pval": 0.5366073470617857,
            "num": 79.0,
            "num_struc": 2.0
        }
    }
}