{
    "Overall": {
        "all_types_of_mutations": {
            "Pr": -0.14174342209385069,
            "Pr_pval": 0.006312988940614554,
            "Sr": -0.144782377496315,
            "Sr_pval": 0.005266941927205502,
            "num": 370.0,
            "num_struc": 38.0
        },
        "single_point_mutations": {
            "Pr": -0.17315469168699074,
            "Pr_pval": 0.005200896066434448,
            "Sr": -0.20566616482877517,
            "Sr_pval": 0.0008699004558403652,
            "num": 259.0,
            "num_struc": 35.0
        },
        "multi_point_mutations": {
            "Pr": -0.140649425555916,
            "Pr_pval": 0.14091587309835452,
            "Sr": -0.12455657329696718,
            "Sr_pval": 0.19274261066826387,
            "num": 111.0,
            "num_struc": 16.0
        }
    },
    "Per-Structure": {
        "all_types_of_mutations": {
            "Pr": -0.2683250951379944,
            "Pr_pval": 0.014826827882799168,
            "Sr": -0.2502951777628246,
            "Sr_pval": 0.0213209912820853,
            "num": 266.0,
            "num_struc": 8.0
        },
        "single_point_mutations": {
            "Pr": -0.32243780604623895,
            "Pr_pval": 0.004303099184475811,
            "Sr": -0.31756642318621736,
            "Sr_pval": 0.008622173147865848,
            "num": 180.0,
            "num_struc": 7.0
        },
        "multi_point_mutations": {
            "Pr": 0.13399176984204456,
            "Pr_pval": 0.342050977932497,
            "Sr": 0.044732828958364314,
            "Sr_pval": 0.575219222996646,
            "num": 79.0,
            "num_struc": 2.0
        }
    }
}