{
    "Overall": {
        "all_types_of_mutations": {
            "Pr": -0.2318283903354209,
            "Pr_pval": 6.613880652943041e-06,
            "Sr": -0.22309728289264144,
            "Sr_pval": 1.4805938450445437e-05,
            "num": 370.0
        },
        "single_point_mutations": {
            "Pr": -0.13572680224969022,
            "Pr_pval": 0.028972086682298524,
            "Sr": -0.12229091157194706,
            "Sr_pval": 0.049304241044358134,
            "num": 259.0
        },
        "multi_point_mutations": {
            "Pr": -0.4859119304193903,
            "Pr_pval": 6.441396849479348e-08,
            "Sr": -0.4473339550988338,
            "Sr_pval": 8.557850722326987e-07,
            "num": 111.0
        }
    },
    "Per-Structure": {
        "all_types_of_mutations": {
            "Pr": -0.13037416231381702,
            "Pr_pval": 0.014135606473797187,
            "Sr": -0.10791789841570527,
            "Sr_pval": 0.0007040896604209634,
            "num": 266.0
        },
        "single_point_mutations": {
            "Pr": -0.12291690066611437,
            "Pr_pval": 0.4244386807468104,
            "Sr": -0.157904415483725,
            "Sr_pval": 0.29251123063550344,
            "num": 180.0
        },
        "multi_point_mutations": {
            "Pr": -0.03774956136328156,
            "Pr_pval": 4.268641870076367e-08,
            "Sr": -0.04544266574701844,
            "Sr_pval": 9.914164805596985e-09,
            "num": 79.0
        }
    }
}