{
    "Overall": {
        "all_types_of_mutations": {
            "Pr": -0.1417434220938507,
            "Pr_pval": 0.006312988940614807,
            "Sr": -0.144782377496315,
            "Sr_pval": 0.005266941927205502,
            "num": 370.0
        },
        "single_point_mutations": {
            "Pr": -0.17315469168699077,
            "Pr_pval": 0.005200896066433,
            "Sr": -0.20566616482877517,
            "Sr_pval": 0.0008699004558403652,
            "num": 259.0
        },
        "multi_point_mutations": {
            "Pr": -0.14064942555591597,
            "Pr_pval": 0.14091587309835307,
            "Sr": -0.12455657329696718,
            "Sr_pval": 0.19274261066826387,
            "num": 111.0
        }
    },
    "Per-Structure": {
        "all_types_of_mutations": {
            "Pr": -0.2683250951379944,
            "Pr_pval": 0.014826827882799095,
            "Sr": -0.2502951777628246,
            "Sr_pval": 0.0213209912820853,
            "num": 266.0
        },
        "single_point_mutations": {
            "Pr": -0.32243780604623895,
            "Pr_pval": 0.004303099184475824,
            "Sr": -0.31756642318621736,
            "Sr_pval": 0.008622173147865836,
            "num": 180.0
        },
        "multi_point_mutations": {
            "Pr": 0.13399176984204456,
            "Pr_pval": 0.3420509779324964,
            "Sr": 0.044732828958364314,
            "Sr_pval": 0.575219222996646,
            "num": 79.0
        }
    }
}