{
    "screenscore": {
        "pearson": [
            0.49951609639922206,
            2.7831941050383796e-114
        ],
        "spearman": [
            0.49455569984207676,
            1.0166754401673034e-111
        ],
        "count": 1801
    }
}