{
    "screenscore": {
        "pearson": [
            0.522829541892646,
            8.683995909824083e-101
        ],
        "spearman": [
            0.5407829018905556,
            4.958936463715207e-109
        ],
        "count": 1425
    }
}