{
    "screenscore": {
        "pearson": [
            0.3842213030000755,
            1.0903995016603034e-27
        ],
        "spearman": [
            0.37692081066601935,
            1.250177032177015e-26
        ],
        "count": 747
    }
}