{
    "1BVC": {
        "pearson": [
            -0.5016671258615387,
            5.2807909557581985e-06
        ],
        "spearman": [
            -0.48451592922803643,
            1.2185487614830337e-05
        ],
        "count": 74,
        "pearson - filtered rosetta [-1;7]": [
            -0.45226625358448813,
            6.653145641645113e-05
        ],
        "spearman - filtered rosetta [-1;7]": [
            -0.45050810486799947,
            7.158671733220235e-05
        ],
        "count - filtered rosetta [-1;7]": 72
    },
    "1LZ1": {
        "pearson": [
            -0.3748814097606644,
            3.966397650936126e-05
        ],
        "spearman": [
            -0.37384305879327706,
            4.182816256396903e-05
        ],
        "count": 114,
        "pearson - filtered rosetta [-1;7]": [
            -0.38058330425739695,
            3.206620127190514e-05
        ],
        "spearman - filtered rosetta [-1;7]": [
            -0.38149464630607616,
            3.0586373332982985e-05
        ],
        "count - filtered rosetta [-1;7]": 113
    },
    "2CI2": {
        "pearson": [
            -0.5252969590670666,
            6.681284541865622e-07
        ],
        "spearman": [
            -0.5879295479038126,
            1.2204026137179353e-08
        ],
        "count": 79,
        "pearson - filtered rosetta [-1;7]": [
            -0.5252969590670666,
            6.681284541865622e-07
        ],
        "spearman - filtered rosetta [-1;7]": [
            -0.5879295479038126,
            1.2204026137179353e-08
        ],
        "count - filtered rosetta [-1;7]": 79
    },
    "2RN2": {
        "pearson": [
            -0.5348511866983033,
            5.417538279826774e-07
        ],
        "spearman": [
            -0.497334814625722,
            4.19726197133702e-06
        ],
        "count": 77,
        "pearson - filtered rosetta [-1;7]": [
            -0.5340367779220213,
            2.2930214317478854e-06
        ],
        "spearman - filtered rosetta [-1;7]": [
            -0.5409952869992825,
            1.592983225278692e-06
        ],
        "count - filtered rosetta [-1;7]": 69
    },
    "overall": {
        "pearson": [
            -0.47374967922532746,
            1.1999259818639118e-20
        ],
        "spearman": [
            -0.5124738355272085,
            1.975758908987972e-24
        ],
        "count": 344,
        "pearson - filtered rosetta [-1;7]": [
            -0.459079078475611,
            9.199045974876633e-19
        ],
        "spearman - filtered rosetta [-1;7]": [
            -0.5038707951576609,
            7.671969393922168e-23
        ],
        "count - filtered rosetta [-1;7]": 333
    }
}