{
    "1BVC": {
        "pearson": [
            -0.5016671258615387,
            5.2807909557581985e-06
        ],
        "spearman": [
            -0.48451592922803643,
            1.2185487614830337e-05
        ],
        "count": 74
    },
    "1LZ1": {
        "pearson": [
            -0.3748814097606644,
            3.966397650936126e-05
        ],
        "spearman": [
            -0.37384305879327706,
            4.182816256396903e-05
        ],
        "count": 114
    },
    "2CI2": {
        "pearson": [
            -0.5252969590670666,
            6.681284541865622e-07
        ],
        "spearman": [
            -0.5879295479038126,
            1.2204026137179353e-08
        ],
        "count": 79
    },
    "2RN2": {
        "pearson": [
            -0.5348511866983033,
            5.417538279826774e-07
        ],
        "spearman": [
            -0.497334814625722,
            4.19726197133702e-06
        ],
        "count": 77
    },
    "overall": {
        "pearson": [
            -0.47374967922532746,
            1.1999259818639118e-20
        ],
        "spearman": [
            -0.5124738355272085,
            1.975758908987972e-24
        ],
        "count": 344
    }
}