{
    "fitness": {
        "pearson": [
            0.3844046788996712,
            1.1310350842495488e-54
        ],
        "spearman": [
            0.3827375326474649,
            3.542604300969134e-54
        ],
        "count": 1519
    }
}