{
    "fitness": {
        "pearson": [
            0.39794390386000245,
            8.291849636331412e-59
        ],
        "spearman": [
            0.39430067405722286,
            1.1229734801654401e-57
        ],
        "count": 1519
    }
}