{
    "selection_coefficient": {
        "pearson": [
            0.20595614029081766,
            1.2713956695283072e-13
        ],
        "spearman": [
            0.2741198260537562,
            2.6124931837658107e-23
        ],
        "count": 1269
    }
}