{
    "selection_coefficient": {
        "pearson": [
            0.18953777519098752,
            9.962195635294673e-12
        ],
        "spearman": [
            0.25748256412510717,
            1.1539608207147619e-20
        ],
        "count": 1269
    }
}