{
    "selection_coefficient": {
        "pearson": [
            0.15888695777319628,
            1.2656255659101348e-08
        ],
        "spearman": [
            0.26118964347265167,
            3.083012472262249e-21
        ],
        "count": 1269
    }
}