{
    "selection_coefficient": {
        "pearson": [
            0.15893228625123879,
            1.253492991737192e-08
        ],
        "spearman": [
            0.24765375046361743,
            3.449697406224095e-19
        ],
        "count": 1269
    }
}