{
    "selection_coefficient": {
        "pearson": [
            0.12798597532484735,
            4.794707645317423e-06
        ],
        "spearman": [
            0.18539431045923493,
            2.8219323306816644e-11
        ],
        "count": 1269
    }
}