{
    "screenscore": {
        "pearson": [
            0.3260348781633952,
            1.9572340365919206e-68
        ],
        "spearman": [
            0.37093472494167007,
            1.5251390632284806e-89
        ],
        "count": 2722
    }
}