{
    "screenscore": {
        "pearson": [
            0.33840557647842917,
            4.100848113445577e-73
        ],
        "spearman": [
            0.3521976075807643,
            1.8982407694108477e-79
        ],
        "count": 2692
    }
}