{
    "1AMQ": {
        "pearson": [
            -0.3848691624656013,
            0.6151308375343987
        ],
        "spearman": [
            -0.39999999999999997,
            0.6
        ],
        "count": 4
    },
    "1BNI": {
        "pearson": [
            -0.7143778344113286,
            0.006078712570800288
        ],
        "spearman": [
            -0.8209397541960239,
            0.0005823053002953628
        ],
        "count": 13
    },
    "1CEY": {
        "pearson": [
            0.7799197528227526,
            0.43051968184786227
        ],
        "spearman": [
            0.5,
            0.6666666666666667
        ],
        "count": 3
    },
    "1EY0": {
        "pearson": [
            0.029086037217124217,
            0.883193132237416
        ],
        "spearman": [
            0.09037384015968433,
            0.6474205910082268
        ],
        "count": 28
    },
    "1IHB": {
        "pearson": [
            -0.9255403624961476,
            0.24722246016127217
        ],
        "spearman": [
            -1.0,
            0.0
        ],
        "count": 3
    },
    "1L63": {
        "pearson": [
            -0.6289348739390807,
            2.4167831527934434e-14
        ],
        "spearman": [
            -0.6872826778933329,
            8.381609060627143e-18
        ],
        "count": 118
    },
    "1LZ1": {
        "pearson": [
            -0.6387414079674296,
            2.322430603879674e-08
        ],
        "spearman": [
            -0.6568219819955248,
            6.740096242690098e-09
        ],
        "count": 62
    },
    "1OH0": {
        "pearson": [
            -1.0,
            1.0
        ],
        "spearman": [
            -0.9999999999999999,
            NaN
        ],
        "count": 2
    },
    "1VQB": {
        "pearson": [
            0.1881451933312691,
            0.7618670133006585
        ],
        "spearman": [
            0.19999999999999998,
            0.747060078104662
        ],
        "count": 5
    },
    "2LZM": {
        "pearson": [
            -0.7583807618236881,
            1.645706249556364e-13
        ],
        "spearman": [
            -0.7871668630992215,
            4.609710426204164e-15
        ],
        "count": 66
    },
    "2RN2": {
        "pearson": [
            0.09713834357691292,
            0.701389706306533
        ],
        "spearman": [
            0.068323310845818,
            0.7876407900013955
        ],
        "count": 18
    },
    "3ZCF": {
        "pearson": [
            1.0,
            1.0
        ],
        "spearman": [
            0.9999999999999999,
            NaN
        ],
        "count": 2
    },
    "4BVM": {
        "pearson": [
            -0.4985596219235585,
            0.39259122464522245
        ],
        "spearman": [
            -0.6,
            0.28475697986529375
        ],
        "count": 5
    },
    "4LYZ": {
        "pearson": [
            0.00545395642199456,
            0.9852367014459716
        ],
        "spearman": [
            -0.18121823539602422,
            0.5352531755739101
        ],
        "count": 14
    },
    "5PTI": {
        "pearson": [
            -0.9562226721049101,
            0.010922829928294983
        ],
        "spearman": [
            -0.7,
            0.1881204043741873
        ],
        "count": 5
    },
    "overall": {
        "pearson": [
            -0.5501050193433995,
            3.118882836309237e-29
        ],
        "spearman": [
            -0.6172047812121664,
            2.455841095157803e-38
        ],
        "count": 352
    }
}