{
    "fitness": {
        "pearson": [
            0.32939170632131143,
            9.094831899343907e-40
        ],
        "spearman": [
            0.3302674715028419,
            5.547810464955817e-40
        ],
        "count": 1519
    }
}