{
    "fitness": {
        "pearson": [
            0.3522088701370335,
            1.3574759589162701e-45
        ],
        "spearman": [
            0.34379832950245315,
            2.173666967118463e-43
        ],
        "count": 1519
    }
}