{
    "fitness": {
        "pearson": [
            0.3441966147722889,
            1.715203127339986e-43
        ],
        "spearman": [
            0.3477973836953925,
            1.9834255797189503e-44
        ],
        "count": 1519
    }
}