{
    "fitness": {
        "pearson": [
            0.3731963738065277,
            2.1485495679620523e-51
        ],
        "spearman": [
            0.36323661359524523,
            1.3771725688858936e-48
        ],
        "count": 1519
    }
}