{
    "screenscore": {
        "pearson": [
            0.10757656244158453,
            0.26329653147853493
        ],
        "spearman": [
            0.07926271022094339,
            0.41044321630696
        ],
        "count": 110
    }
}