{
    "screenscore": {
        "pearson": [
            0.21475218660023432,
            6.666411784610369e-22
        ],
        "spearman": [
            0.19453906334690496,
            3.477252125191593e-18
        ],
        "count": 1962
    }
}