{
    "enrichment": {
        "pearson": [
            0.43369184749438755,
            6.363002546038955e-143
        ],
        "spearman": [
            0.5210685648573451,
            3.196505581077994e-216
        ],
        "count": 3112
    }
}