{
    "enrichment": {
        "pearson": [
            0.4298990805219372,
            1.9266572788172942e-157
        ],
        "spearman": [
            0.5319569719378815,
            5.368898058278552e-255
        ],
        "count": 3500
    }
}