{
    "enrichment": {
        "pearson": [
            0.43401039652830253,
            3.7445332135760534e-143
        ],
        "spearman": [
            0.5247504963122224,
            8.365920894325125e-220
        ],
        "count": 3112
    }
}