{
    "Overall": {
        "all_types_of_mutations": {
            "Pr": 0.267981912567677,
            "Pr_pval": 9.225519094435104e-95,
            "Sr": 0.27825541959792344,
            "Sr_pval": 2.5768494891980492e-102,
            "num": 5726.0
        },
        "single_point_mutations": {
            "Pr": 0.3333662843548787,
            "Pr_pval": 1.8920566348639314e-107,
            "Sr": 0.3111045902316585,
            "Sr_pval": 4.148633745474563e-93,
            "num": 4118.0
        },
        "multi_point_mutations": {
            "Pr": 0.2390258374795884,
            "Pr_pval": 2.5105949702344436e-22,
            "Sr": 0.25265847437682926,
            "Sr_pval": 7.728279623815711e-25,
            "num": 1608.0
        }
    },
    "Per-Structure": {
        "all_types_of_mutations": {
            "Pr": 0.3026751625660958,
            "Pr_pval": 5.481671069139989e-83,
            "Sr": 0.2954574415619192,
            "Sr_pval": 1.0497468834218812e-84,
            "num": 5025.0
        },
        "single_point_mutations": {
            "Pr": 0.353618561816295,
            "Pr_pval": 1.284124275251145e-69,
            "Sr": 0.33262384203514134,
            "Sr_pval": 6.358459782776794e-60,
            "num": 3485.0
        },
        "multi_point_mutations": {
            "Pr": 0.27937453504300624,
            "Pr_pval": 2.6863003691705485e-28,
            "Sr": 0.2775884302767468,
            "Sr_pval": 4.883977760641325e-32,
            "num": 1304.0
        }
    }
}