{
    "Overall": {
        "all_types_of_mutations": {
            "Pr": -0.1129012670773894,
            "Pr_pval": 0.029908678256967042,
            "Sr": -0.10196416575568397,
            "Sr_pval": 0.050019870911612634,
            "num": 370.0,
            "num_struc": 38.0
        },
        "single_point_mutations": {
            "Pr": -0.1659718555346533,
            "Pr_pval": 0.007434354484468644,
            "Sr": -0.20374623312511117,
            "Sr_pval": 0.0009745080623674415,
            "num": 259.0,
            "num_struc": 35.0
        },
        "multi_point_mutations": {
            "Pr": -0.06599530699188222,
            "Pr_pval": 0.49133715707626396,
            "Sr": -0.03670706961400688,
            "Sr_pval": 0.7021023257833108,
            "num": 111.0,
            "num_struc": 16.0
        }
    },
    "Per-Structure": {
        "all_types_of_mutations": {
            "Pr": -0.266962425839453,
            "Pr_pval": 0.020118757485553414,
            "Sr": -0.25414179501694745,
            "Sr_pval": 0.007232736778706519,
            "num": 266.0,
            "num_struc": 8.0
        },
        "single_point_mutations": {
            "Pr": -0.3260154035325677,
            "Pr_pval": 0.00420952314150608,
            "Sr": -0.3513193371302617,
            "Sr_pval": 0.0027568874797430118,
            "num": 180.0,
            "num_struc": 7.0
        },
        "multi_point_mutations": {
            "Pr": 0.1879403196050371,
            "Pr_pval": 0.3108676173237419,
            "Sr": 0.1483817272058973,
            "Sr_pval": 0.4986210282549244,
            "num": 79.0,
            "num_struc": 2.0
        }
    }
}