{
    "Overall": {
        "all_types_of_mutations": {
            "Pr": -0.11797006305514544,
            "Pr_pval": 0.023240892542781985,
            "Sr": -0.11786451247215206,
            "Sr_pval": 0.023365402396946962,
            "num": 370.0,
            "num_struc": 38.0
        },
        "single_point_mutations": {
            "Pr": -0.1740602778944386,
            "Pr_pval": 0.004967082583207615,
            "Sr": -0.2107763122451112,
            "Sr_pval": 0.0006398094739609162,
            "num": 259.0,
            "num_struc": 35.0
        },
        "multi_point_mutations": {
            "Pr": -0.0765871228280387,
            "Pr_pval": 0.42432769495289346,
            "Sr": -0.07165030442227258,
            "Sr_pval": 0.45488327225400293,
            "num": 111.0,
            "num_struc": 16.0
        }
    },
    "Per-Structure": {
        "all_types_of_mutations": {
            "Pr": -0.27626783807419536,
            "Pr_std": 0.21199925436652486,
            "Pr_pval": 0.01261723747913513,
            "Sr": -0.2661341664154636,
            "Sr_std": 0.2662221871310303,
            "Sr_pval": 0.0038686220140986783,
            "num": 266.0,
            "num_struc": 8.0
        },
        "single_point_mutations": {
            "Pr": -0.34016785169956404,
            "Pr_std": 0.21609886433810893,
            "Pr_pval": 0.0024298486265676893,
            "Sr": -0.37139707789716986,
            "Sr_std": 0.20559790561597333,
            "Sr_pval": 0.000911336641431842,
            "num": 180.0,
            "num_struc": 7.0
        },
        "multi_point_mutations": {
            "Pr": 0.16774875876050072,
            "Pr_std": 0.19400537640159599,
            "Pr_pval": 0.28955293587535624,
            "Sr": 0.1360378019531331,
            "Sr_std": 0.16187081128050057,
            "Sr_pval": 0.43679322069648774,
            "num": 79.0,
            "num_struc": 2.0
        }
    }
}