{
    "Overall": {
        "all_types_of_mutations": {
            "Pr": -0.2133534306567011,
            "Pr_pval": 3.50669666974449e-05,
            "Sr": -0.20492159973571444,
            "Sr_pval": 7.168445482712e-05,
            "num": 370.0
        },
        "single_point_mutations": {
            "Pr": -0.14585539675408937,
            "Pr_pval": 0.018847199415752393,
            "Sr": -0.13633000202386958,
            "Sr_pval": 0.028259635172212146,
            "num": 259.0
        },
        "multi_point_mutations": {
            "Pr": -0.4491087668601913,
            "Pr_pval": 7.64983283394522e-07,
            "Sr": -0.4140668021208993,
            "Sr_pval": 6.2556723684876595e-06,
            "num": 111.0
        }
    },
    "Per-Structure": {
        "all_types_of_mutations": {
            "Pr": -0.16325897301774225,
            "Pr_pval": 0.024364448341633274,
            "Sr": -0.15349025998350546,
            "Sr_pval": 0.0009039003597716941,
            "num": 266.0
        },
        "single_point_mutations": {
            "Pr": -0.16466516187795086,
            "Pr_pval": 0.34451177246585946,
            "Sr": -0.22019762132450302,
            "Sr_pval": 0.16001212920082059,
            "num": 180.0
        },
        "multi_point_mutations": {
            "Pr": 0.007494704997102919,
            "Pr_pval": 7.898372113127779e-08,
            "Sr": -0.01910309037442015,
            "Sr_pval": 2.866104379061987e-08,
            "num": 79.0
        }
    }
}