{
    "Overall": {
        "all_types_of_mutations": {
            "Pr": -0.21398342857790864,
            "Pr_pval": 3.32044133616307e-05,
            "Sr": -0.20587873834665302,
            "Sr_pval": 6.619123359555482e-05,
            "num": 370.0,
            "num_struc": 38.0
        },
        "single_point_mutations": {
            "Pr": -0.147415934900494,
            "Pr_pval": 0.017599234123937994,
            "Sr": -0.13765416431058441,
            "Sr_pval": 0.026748110864832,
            "num": 259.0,
            "num_struc": 35.0
        },
        "multi_point_mutations": {
            "Pr": -0.44920722715574457,
            "Pr_pval": 7.602238193041757e-07,
            "Sr": -0.41467668529999885,
            "Sr_pval": 6.042931340857869e-06,
            "num": 111.0,
            "num_struc": 16.0
        }
    },
    "Per-Structure": {
        "all_types_of_mutations": {
            "Pr": -0.16240991423164863,
            "Pr_pval": 0.024798047379488052,
            "Sr": -0.15424316901345814,
            "Sr_pval": 0.0008589836567990941,
            "num": 266.0,
            "num_struc": 8.0
        },
        "single_point_mutations": {
            "Pr": -0.16361123358785715,
            "Pr_pval": 0.3476995916057644,
            "Sr": -0.2214191819962649,
            "Sr_pval": 0.15204199496600948,
            "num": 180.0,
            "num_struc": 7.0
        },
        "multi_point_mutations": {
            "Pr": 0.007336640360709357,
            "Pr_pval": 7.972091901006325e-08,
            "Sr": -0.01910309037442015,
            "Sr_pval": 2.866104379061987e-08,
            "num": 79.0,
            "num_struc": 2.0
        }
    }
}