{
    "Overall": {
        "all_types_of_mutations": {
            "Pr": -0.21335343065670104,
            "Pr_pval": 3.506696669744468e-05,
            "Sr": -0.20492159973571444,
            "Sr_pval": 7.168445482712e-05,
            "num": 370.0,
            "num_struc": 38.0
        },
        "single_point_mutations": {
            "Pr": -0.14585539675408937,
            "Pr_pval": 0.018847199415757417,
            "Sr": -0.13633000202386958,
            "Sr_pval": 0.028259635172212146,
            "num": 259.0,
            "num_struc": 35.0
        },
        "multi_point_mutations": {
            "Pr": -0.4491087668601911,
            "Pr_pval": 7.649832833945204e-07,
            "Sr": -0.4140668021208993,
            "Sr_pval": 6.2556723684876595e-06,
            "num": 111.0,
            "num_struc": 16.0
        }
    },
    "Per-Structure": {
        "all_types_of_mutations": {
            "Pr": -0.16325897301774223,
            "Pr_pval": 0.024364448341633153,
            "Sr": -0.15349025998350546,
            "Sr_pval": 0.0009039003597716941,
            "num": 266.0,
            "num_struc": 8.0
        },
        "single_point_mutations": {
            "Pr": -0.16466516187795086,
            "Pr_pval": 0.3445117724658588,
            "Sr": -0.22019762132450302,
            "Sr_pval": 0.16001212920082059,
            "num": 180.0,
            "num_struc": 7.0
        },
        "multi_point_mutations": {
            "Pr": 0.007494704997102863,
            "Pr_pval": 7.898372113127689e-08,
            "Sr": -0.01910309037442015,
            "Sr_pval": 2.866104379061987e-08,
            "num": 79.0,
            "num_struc": 2.0
        }
    }
}