{
    "CRIPT": {
        "pearson": [
            0.46614869263400804,
            2.9441892894156136e-90
        ],
        "spearman": [
            0.4084185001128255,
            1.0426146749415313e-67
        ],
        "count": 1659
    },
    "Tm2F": {
        "pearson": [
            0.37081598655559755,
            3.1330686658990846e-55
        ],
        "spearman": [
            0.28923046407888453,
            2.4793112261912835e-33
        ],
        "count": 1659
    }
}