{
    "screenscore": {
        "pearson": [
            0.29827702352977636,
            4.7135670086196517e-57
        ],
        "spearman": [
            0.34918129597067826,
            6.945160538646663e-79
        ],
        "count": 2722
    }
}