{
    "screenscore": {
        "pearson": [
            0.34248245798806104,
            1.9255468294597554e-75
        ],
        "spearman": [
            0.38974841349761924,
            5.111778590123606e-99
        ],
        "count": 2710
    }
}