{
    "1PGA": {
        "pearson": [
            -0.4964112007121102,
            1.3371346492030732e-57
        ],
        "spearman": [
            -0.5198148657266275,
            6.36929552837117e-64
        ],
        "count": 907,
        "pearson - filtered rosetta [-1;7]": [
            -0.477488780671965,
            5.3535298823220754e-49
        ],
        "spearman - filtered rosetta [-1;7]": [
            -0.518416815481199,
            6.83048880006873e-59
        ],
        "count - filtered rosetta [-1;7]": 839
    },
    "overall": {
        "pearson - filtered rosetta [-1;7]": [
            -0.477488780671965,
            5.3535298823220754e-49
        ],
        "spearman - filtered rosetta [-1;7]": [
            -0.518416815481199,
            6.83048880006873e-59
        ],
        "count - filtered rosetta [-1;7]": 839
    }
}