{
    "screenscore": {
        "pearson": [
            0.4283187795018128,
            6.977177065876029e-122
        ],
        "spearman": [
            0.4582105391452931,
            2.1282394812806933e-141
        ],
        "count": 2722
    }
}