{
    "screenscore": {
        "pearson": [
            0.4260941067338526,
            3.3637475579586426e-119
        ],
        "spearman": [
            0.4647076758361759,
            2.565748631211651e-144
        ],
        "count": 2692
    }
}