{
    "1A7V": {
        "pearson": [
            -0.4209677009212058,
            0.15200579849800644
        ],
        "spearman": [
            -0.41046987709801197,
            0.16356915668194097
        ],
        "count": 13
    },
    "1BA3": {
        "pearson": [
            -0.8431599638358915,
            0.15684003616410847
        ],
        "spearman": [
            -0.39999999999999997,
            0.6
        ],
        "count": 4
    },
    "1BFM": {
        "pearson": [
            1.0,
            1.0
        ],
        "spearman": [
            0.9999999999999999,
            NaN
        ],
        "count": 2
    },
    "1D5G": {
        "pearson": [
            1.0,
            1.0
        ],
        "spearman": [
            0.9999999999999999,
            NaN
        ],
        "count": 2
    },
    "1DIV": {
        "pearson": [
            -0.7196959577903621,
            3.873481897924349e-09
        ],
        "spearman": [
            -0.7006987316183926,
            1.4675472731738276e-08
        ],
        "count": 50
    },
    "1EKG": {
        "pearson": [
            -0.2585435942483708,
            0.7414564057516291
        ],
        "spearman": [
            -0.19999999999999998,
            0.8
        ],
        "count": 4
    },
    "1FT8": {
        "pearson": [
            -0.8387874546746406,
            0.00033895009531893306
        ],
        "spearman": [
            -0.8186813186813187,
            0.0006209883849300375
        ],
        "count": 13
    },
    "1FXA": {
        "pearson": [
            -0.8018812333018582,
            0.00298960191781768
        ],
        "spearman": [
            -0.8545454545454546,
            0.0008066741521648989
        ],
        "count": 11
    },
    "1G3P": {
        "pearson": [
            -0.327742964488994,
            0.0951417515098493
        ],
        "spearman": [
            -0.1566890945990325,
            0.4351002549135706
        ],
        "count": 27
    },
    "1GUA": {
        "pearson": [
            -0.7569723109475328,
            3.111764314906539e-10
        ],
        "spearman": [
            -0.8193877551020408,
            6.132752525478225e-13
        ],
        "count": 49
    },
    "1H0X": {
        "pearson": [
            -1.0,
            1.0
        ],
        "spearman": [
            -0.9999999999999999,
            NaN
        ],
        "count": 2
    },
    "1HCQ": {
        "pearson": [
            1.0,
            1.0
        ],
        "spearman": [
            0.9999999999999999,
            NaN
        ],
        "count": 2
    },
    "1ITM": {
        "pearson": [
            0.6404152260176305,
            0.5575245685600474
        ],
        "spearman": [
            0.5,
            0.6666666666666667
        ],
        "count": 3
    },
    "1IV7": {
        "pearson": [
            -0.9926599853220204,
            0.07718085532958475
        ],
        "spearman": [
            -1.0,
            0.0
        ],
        "count": 3
    },
    "1J8I": {
        "pearson": [
            -0.24855442651345597,
            0.6348461198360718
        ],
        "spearman": [
            -0.3236694374850748,
            0.5314499571644632
        ],
        "count": 6
    },
    "1JLV": {
        "pearson": [
            -0.6515397567172734,
            0.5482467358222625
        ],
        "spearman": [
            -0.5,
            0.6666666666666667
        ],
        "count": 3
    },
    "1L6H": {
        "pearson": [
            -0.9999682780008587,
            0.005070800720705646
        ],
        "spearman": [
            -1.0,
            0.0
        ],
        "count": 3
    },
    "1LVM": {
        "pearson": [
            0.010425964117996345,
            0.9867254906927264
        ],
        "spearman": [
            -0.05129891760425771,
            0.934712848108234
        ],
        "count": 5
    },
    "1N18": {
        "pearson": [
            -0.44470687795372554,
            0.5552931220462745
        ],
        "spearman": [
            -0.6000000000000001,
            0.3999999999999999
        ],
        "count": 4
    },
    "1N88": {
        "pearson": [
            -0.37878572087492735,
            0.1337846055719436
        ],
        "spearman": [
            -0.31921478318572194,
            0.21170271436579083
        ],
        "count": 17
    },
    "1NM1": {
        "pearson": [
            -1.0,
            1.0
        ],
        "spearman": [
            -0.9999999999999999,
            NaN
        ],
        "count": 2
    },
    "1O1U": {
        "pearson": [
            -0.41216587506397157,
            0.41676070285559663
        ],
        "spearman": [
            -0.27322953332351235,
            0.6003545904291114
        ],
        "count": 6
    },
    "1O6X": {
        "pearson": [
            -0.4323171890294914,
            0.056952294871165765
        ],
        "spearman": [
            -0.4183597873562686,
            0.06639588499534729
        ],
        "count": 20
    },
    "1OSI": {
        "pearson": [
            -0.8218342700895078,
            0.17816572991049218
        ],
        "spearman": [
            -0.7999999999999999,
            0.20000000000000007
        ],
        "count": 4
    },
    "1PFL": {
        "pearson": [
            -0.4602962491163265,
            0.4353412156005583
        ],
        "spearman": [
            -0.49999999999999994,
            0.39100221895577053
        ],
        "count": 5
    },
    "1PRG": {
        "pearson": [
            -0.3175245056316116,
            0.48771143088791946
        ],
        "spearman": [
            0.21428571428571433,
            0.6445115810207203
        ],
        "count": 7
    },
    "1R6R": {
        "pearson": [
            -0.4808158701230848,
            0.5191841298769151
        ],
        "spearman": [
            -0.6000000000000001,
            0.3999999999999999
        ],
        "count": 4
    },
    "1SPD": {
        "pearson": [
            -1.0,
            1.0
        ],
        "spearman": [
            -0.9999999999999999,
            NaN
        ],
        "count": 2
    },
    "1X0J": {
        "pearson": [
            -0.2239775898055201,
            0.629229086957062
        ],
        "spearman": [
            -0.25,
            0.5887244480896833
        ],
        "count": 7
    },
    "1XWS": {
        "pearson": [
            0.46506181772879196,
            0.534938182271208
        ],
        "spearman": [
            0.19999999999999998,
            0.8
        ],
        "count": 4
    },
    "1XXN": {
        "pearson": [
            -0.2117020129160695,
            0.7324797999383647
        ],
        "spearman": [
            0.10259783520851543,
            0.8695979205185651
        ],
        "count": 5
    },
    "1XZO": {
        "pearson": [
            -0.8303854966235626,
            0.16961450337643735
        ],
        "spearman": [
            -1.0,
            0.0
        ],
        "count": 4
    },
    "2BJD": {
        "pearson": [
            -0.9258339835512557,
            0.24672832840622785
        ],
        "spearman": [
            -1.0,
            0.0
        ],
        "count": 3
    },
    "2C9Q": {
        "pearson": [
            -1.0,
            1.0
        ],
        "spearman": [
            -0.9999999999999999,
            NaN
        ],
        "count": 2
    },
    "2CLR": {
        "pearson": [
            -0.7116446023274489,
            0.28835539767255103
        ],
        "spearman": [
            -0.7999999999999999,
            0.20000000000000007
        ],
        "count": 4
    },
    "2DVV": {
        "pearson": [
            -1.0,
            1.0
        ],
        "spearman": [
            -0.9999999999999999,
            NaN
        ],
        "count": 2
    },
    "2HBB": {
        "pearson": [
            -0.6977729116337159,
            7.067416141379002e-08
        ],