{
    "SelectionOne": {
        "pearson": [
            0.353283108660778,
            8.509996704672548e-236
        ],
        "spearman": [
            0.3378474342762553,
            1.4704947317297885e-214
        ],
        "count": 8067
    }
}