{
    "SelectionOne": {
        "pearson": [
            0.3497723019803143,
            6.877558990552961e-227
        ],
        "spearman": [
            0.32489139104440323,
            2.96927442004618e-194
        ],
        "count": 7927
    }
}