{
    "log2_ratio": {
        "pearson": [
            0.22982146940465586,
            3.063217999483862e-12
        ],
        "spearman": [
            0.19146743742532032,
            7.188529073300715e-09
        ],
        "count": 899
    }
}