{
    "log2_ratio": {
        "pearson": [
            0.21248079685247753,
            1.2295084256765493e-10
        ],
        "spearman": [
            0.18250028055399428,
            3.574173666937879e-08
        ],
        "count": 899
    }
}