{
    "ETP_AVERAGE": {
        "pearson": [
            0.1161276988014525,
            7.029437250128331e-22
        ],
        "spearman": [
            0.1251405833659145,
            3.5755351208290334e-25
        ],
        "count": 6809
    },
    "DOX_Average": {
        "pearson": [
            -0.05661771085078686,
            2.9424476810412908e-06
        ],
        "spearman": [
            -0.06735910826022286,
            2.6434449041593686e-08
        ],
        "count": 6809
    },
    "SCH_Average": {
        "pearson": [
            0.1298980530417956,
            5.1796340549576176e-27
        ],
        "spearman": [
            0.12022305494719068,
            2.4052850242062288e-23
        ],
        "count": 6809
    },
    "VRT_AVERAGE": {
        "pearson": [
            0.13751192683331326,
            4.223119002670022e-30
        ],
        "spearman": [
            0.14136233839261803,
            9.889163333820163e-32
        ],
        "count": 6809
    }
}