{
    "ETP_AVERAGE": {
        "pearson": [
            0.13144130577004629,
            2.514153460446557e-26
        ],
        "spearman": [
            0.13440831818372892,
            1.833405611224222e-27
        ],
        "count": 6469
    },
    "DOX_Average": {
        "pearson": [
            -0.044647438993459854,
            0.0003280302890918096
        ],
        "spearman": [
            -0.06461264514340741,
            1.9797172194257394e-07
        ],
        "count": 6469
    },
    "SCH_Average": {
        "pearson": [
            0.14754300530454018,
            8.26250353056205e-33
        ],
        "spearman": [
            0.14129555243638986,
            3.339553578943994e-30
        ],
        "count": 6469
    },
    "VRT_AVERAGE": {
        "pearson": [
            0.14590101720690984,
            4.106042189953184e-32
        ],
        "spearman": [
            0.15366423183553146,
            1.77992866384684e-35
        ],
        "count": 6469
    }
}