{
    "fitness": {
        "pearson": [
            0.4315917854513529,
            5.940131124842034e-70
        ],
        "spearman": [
            0.41554736028624406,
            1.7657093698686445e-64
        ],
        "count": 1519
    }
}