{
    "fitness": {
        "pearson": [
            0.4021550453736768,
            3.9150514368757796e-60
        ],
        "spearman": [
            0.38462753415988477,
            9.704553164733552e-55
        ],
        "count": 1519
    }
}