{
    "log_proba_mt__minus__log_proba_wt vs. IFN_gamma (pg/ml)": {
        "Sr": 0.2717839265606899,
        "Sr_pval": 0.000310294801671267,
        "Pr": 0.38382056135808573,
        "Pr_pval": 2.0196649624902064e-07,
        "num": 172
    },
    "blosum vs. IFN_gamma (pg/ml)": {
        "Sr": 0.2174733347098187,
        "Sr_pval": 0.00416064211939098,
        "Pr": 0.24663740792014044,
        "Pr_pval": 0.001107979454142637,
        "num": 172
    },
    "blosum vs. log_proba_mt__minus__log_proba_wt": {
        "Sr": 0.29825328159203024,
        "Sr_pval": 7.071725339223011e-05,
        "Pr": 0.3084890602317532,
        "Pr_pval": 3.835636104093473e-05,
        "num": 172
    },
    "combined_score vs. IFN_gamma (pg/ml)": {
        "Sr": 0.30122929797378395,
        "Sr_pval": 5.9332784700090856e-05,
        "Pr": 0.4030300993685969,
        "Pr_pval": 4.2190741703269517e-08,
        "num": 172
    }
}