{
    "attenuated": {
        "pearson": [
            0.04566170450848833,
            0.010571477310590978
        ],
        "spearman": [
            0.04801695430192413,
            0.007175872244169813
        ],
        "count": 3134
    },
    "regulated": {
        "pearson": [
            0.31442211868530656,
            7.227048969763205e-73
        ],
        "spearman": [
            0.310941092702464,
            3.196923965597904e-71
        ],
        "count": 3134
    },
    "unregulated": {
        "pearson": [
            0.316547763063718,
            6.967210560919708e-74
        ],
        "spearman": [
            0.32266060909153255,
            7.499059968398097e-77
        ],
        "count": 3134
    }
}