{
    "attenuated": {
        "pearson": [
            0.04502945558136605,
            0.011698246982873216
        ],
        "spearman": [
            0.05094972837633661,
            0.004330999269661545
        ],
        "count": 3134
    },
    "regulated": {
        "pearson": [
            0.36355259584190736,
            1.5164021821615988e-98
        ],
        "spearman": [
            0.36170350494534137,
            1.7107221695898823e-97
        ],
        "count": 3134
    },
    "unregulated": {
        "pearson": [
            0.37886013493060766,
            1.5774514327670552e-107
        ],
        "spearman": [
            0.38873231578636086,
            1.388784450296076e-113
        ],
        "count": 3134
    }
}