{
    "attenuated": {
        "pearson": [
            0.07904372269098364,
            9.414389530132982e-06
        ],
        "spearman": [
            0.07224018772288648,
            5.169329056773577e-05
        ],
        "count": 3134
    },
    "regulated": {
        "pearson": [
            0.3456587663861501,
            1.1911628732024964e-88
        ],
        "spearman": [
            0.3503500450077615,
            3.4952049959778113e-91
        ],
        "count": 3134
    },
    "unregulated": {
        "pearson": [
            0.36318330035616286,
            2.4634673796125405e-98
        ],
        "spearman": [
            0.3753992319364354,
            1.8692303417299187e-105
        ],
        "count": 3134
    }
}