{
    "fitness": {
        "pearson": [
            0.05319982925295927,
            0.0393830738812717
        ],
        "spearman": [
            -0.0030103445052351006,
            0.9072616674401965
        ],
        "count": 1500
    }
}