{
    "2LZM": {
        "pearson": [
            -0.7057027886607974,
            4.4915347411830995e-06
        ],
        "spearman": [
            -0.6993395950922104,
            5.953070448384568e-06
        ]
    }
}