{
    "2LZM": {
        "pearson": [
            -0.7046861903081963,
            4.700601161778718e-06
        ],
        "spearman": [
            -0.7475122340270483,
            5.774470783174666e-07
        ],
        "count": 33
    }
}