{
    "2LZM": {
        "pearson": [
            -0.7057066847256004,
            4.4907500321293015e-06
        ],
        "spearman": [
            -0.6993395950922104,
            5.953070448384568e-06
        ],
        "count": 33
    }
}