{
    "2LZM": {
        "pearson": [
            -0.7046801326814014,
            4.701873006055916e-06
        ],
        "spearman": [
            -0.7475122340270483,
            5.774470783174666e-07
        ],
        "count": 33
    }
}