{
    "2LZM": {
        "pearson": [
            -0.7046847270365404,
            4.7009083580129005e-06
        ],
        "spearman": [
            -0.7475122340270483,
            5.774470783174666e-07
        ]
    }
}