{
    "score": {
        "pearson": [
            0.4010525345998468,
            4.780157594306556e-136
        ],
        "spearman": [
            0.42122945821834085,
            2.6074742932714245e-151
        ],
        "count": 3517
    }
}