{
    "score": {
        "pearson": [
            0.42691948380850864,
            8.300545466610903e-156
        ],
        "spearman": [
            0.45029296693536924,
            3.267232626750313e-175
        ],
        "count": 3517
    }
}