{
    "score": {
        "pearson": [
            0.42699928192467496,
            1.2059071846554976e-167
        ],
        "spearman": [
            0.43625193004678003,
            1.0139197551356161e-175
        ],
        "count": 3786
    }
}