{
    "score": {
        "pearson": [
            0.3953984634159829,
            5.896660330831953e-132
        ],
        "spearman": [
            0.4164703133091876,
            1.2928875616215974e-147
        ],
        "count": 3517
    }
}