{
    "score": {
        "pearson": [
            0.3905741307558599,
            1.580255037797857e-128
        ],
        "spearman": [
            0.41986021767277004,
            3.058590134382466e-150
        ],
        "count": 3517
    }
}