{
    "score": {
        "pearson": [
            0.39886916438015957,
            5.1007039337693075e-152
        ],
        "spearman": [
            0.4293774667696767,
            2.00024696969862e-178
        ],
        "count": 3983
    }
}