{
    "log_proba_mt__minus__log_proba_wt vs. -EC50": {
        "Sr": 0.04667845816237261,
        "Sr_pval": 0.5431544000082571,
        "Pr": 0.08559767425628313,
        "Pr_pval": 0.2642220500046021,
        "num": 172
    },
    "blosum vs. -EC50": {
        "Sr": 0.34537649184108626,
        "Sr_pval": 3.481831980829148e-06,
        "Pr": 0.3719814016279285,
        "Pr_pval": 5.050107486860724e-07,
        "num": 172
    },
    "blosum vs. log_proba_mt__minus__log_proba_wt": {
        "Sr": 0.41619851354143955,
        "Sr_pval": 1.3600331103099786e-08,
        "Pr": 0.45921430995965884,
        "Pr_pval": 2.356874336490654e-10,
        "num": 172
    },
    "combined_score vs. -EC50": {
        "Sr": 0.2321377419076605,
        "Sr_pval": 0.002182324014241671,
        "Pr": 0.27974820609779694,
        "Pr_pval": 0.0002019263062362501,
        "num": 172
    }
}