{
    "log_proba_mt__minus__log_proba_wt vs. -EC50": {
        "Sr": 0.011780884035610208,
        "Sr_pval": 0.8780958251897854,
        "Pr": 0.03201355631036789,
        "Pr_pval": 0.676752116449469,
        "num": 172
    },
    "blosum vs. -EC50": {
        "Sr": 0.030896021200542852,
        "Sr_pval": 0.6874345896905518,
        "Pr": 0.0696803331204638,
        "Pr_pval": 0.3637250535318197,
        "num": 172
    },
    "blosum vs. log_proba_mt__minus__log_proba_wt": {
        "Sr": 0.2793344441657361,
        "Sr_pval": 0.00020655020881206804,
        "Pr": 0.27545848944558415,
        "Pr_pval": 0.00025491239830295793,
        "num": 172
    },
    "combined_score vs. -EC50": {
        "Sr": 0.029944224961829243,
        "Sr_pval": 0.6965818953988471,
        "Pr": 0.060091947976262085,
        "Pr_pval": 0.4335919988694953,
        "num": 172
    }
}