{
    "log_proba_mt__minus__log_proba_wt vs. -EC50": {
        "Sr": 0.16861373626255902,
        "Sr_pval": 0.027030351750771783,
        "Pr": 0.1532218671059407,
        "Pr_pval": 0.04478179750606545,
        "num": 172
    },
    "blosum vs. -EC50": {
        "Sr": 0.3279589714903336,
        "Sr_pval": 1.1238171101349226e-05,
        "Pr": 0.34282061405933184,
        "Pr_pval": 4.1535708982062115e-06,
        "num": 172
    },
    "blosum vs. log_proba_mt__minus__log_proba_wt": {
        "Sr": 0.39300924751193067,
        "Sr_pval": 9.668638958933294e-08,
        "Pr": 0.41356590223351564,
        "Pr_pval": 1.7121660446757192e-08,
        "num": 172
    },
    "combined_score vs. -EC50": {
        "Sr": 0.2614983398298335,
        "Sr_pval": 0.0005302261043708345,
        "Pr": 0.2787633893587162,
        "Pr_pval": 0.00021309394361432343,
        "num": 172
    }
}