{
    "log_proba_mt__minus__log_proba_wt vs. -EC50": {
        "Sr": 0.15187840799465202,
        "Sr_pval": 0.046712740742032736,
        "Pr": 0.1736729656412368,
        "Pr_pval": 0.02270074944937217,
        "num": 172
    },
    "blosum vs. -EC50": {
        "Sr": 0.2817996352455732,
        "Sr_pval": 0.00018039107294154578,
        "Pr": 0.35210964460965455,
        "Pr_pval": 2.171324280629995e-06,
        "num": 172
    },
    "blosum vs. log_proba_mt__minus__log_proba_wt": {
        "Sr": 0.4523349474917074,
        "Sr_pval": 4.685445302727417e-10,
        "Pr": 0.4941207485137882,
        "Pr_pval": 5.64306670126837e-12,
        "num": 172
    },
    "combined_score vs. -EC50": {
        "Sr": 0.2416176460740405,
        "Sr_pval": 0.001407420980325575,
        "Pr": 0.30579699791909076,
        "Pr_pval": 4.5151684590903546e-05,
        "num": 172
    }
}