{
    "log_proba_mt__minus__log_proba_wt vs. -EC50": {
        "Sr": 0.05314381892667298,
        "Sr_pval": 0.48869752677068234,
        "Pr": -0.012235040544274666,
        "Pr_pval": 0.8734349206410956,
        "num": 172
    },
    "blosum vs. -EC50": {
        "Sr": 0.18178058344066128,
        "Sr_pval": 0.017006615584561586,
        "Pr": 0.21528862756648404,
        "Pr_pval": 0.004564932550419176,
        "num": 172
    },
    "blosum vs. log_proba_mt__minus__log_proba_wt": {
        "Sr": 0.4417479724848692,
        "Sr_pval": 1.3098259162214065e-09,
        "Pr": 0.45573590411760384,
        "Pr_pval": 3.3423586930627865e-10,
        "num": 172
    },
    "combined_score vs. -EC50": {
        "Sr": 0.13499362700189932,
        "Sr_pval": 0.07746196935368176,
        "Pr": 0.10519076241054637,
        "Pr_pval": 0.16965367234412312,
        "num": 172
    }
}