{
    "log_proba_mt__minus__log_proba_wt vs. -EC50": {
        "Sr": 0.2120802445368285,
        "Sr_pval": 0.005222685280926219,
        "Pr": 0.2253828000583913,
        "Pr_pval": 0.0029523266977500733,
        "num": 172
    },
    "blosum vs. -EC50": {
        "Sr": 0.23942600657826604,
        "Sr_pval": 0.0015599993065044267,
        "Pr": 0.2658310773308903,
        "Pr_pval": 0.00042419947926758357,
        "num": 172
    },
    "blosum vs. log_proba_mt__minus__log_proba_wt": {
        "Sr": 0.3886368470510476,
        "Sr_pval": 1.3766116097448091e-07,
        "Pr": 0.42568041206773743,
        "Pr_pval": 5.836967509001801e-09,
        "num": 172
    },
    "combined_score vs. -EC50": {
        "Sr": 0.2618782517524969,
        "Sr_pval": 0.0005200325048497022,
        "Pr": 0.28965743524090315,
        "Pr_pval": 0.00011616813079841651,
        "num": 172
    }
}