{
    "log_proba_mt__minus__log_proba_wt vs. -EC50": {
        "Sr": 0.2326231333391499,
        "Sr_pval": 0.0021347407659468554,
        "Pr": 0.19759662999004873,
        "Pr_pval": 0.009370622207125156,
        "num": 172
    },
    "blosum vs. -EC50": {
        "Sr": 0.20164498686541152,
        "Sr_pval": 0.007988165146114301,
        "Pr": 0.26183560923865823,
        "Pr_pval": 0.0005211675796531644,
        "num": 172
    },
    "blosum vs. log_proba_mt__minus__log_proba_wt": {
        "Sr": 0.42774672750676396,
        "Sr_pval": 4.837420966822556e-09,
        "Pr": 0.46861250931155074,
        "Pr_pval": 8.990498597006109e-11,
        "num": 172
    },
    "combined_score vs. -EC50": {
        "Sr": 0.27284222726907337,
        "Sr_pval": 0.0002932959604086112,
        "Pr": 0.26122551109281206,
        "Pr_pval": 0.0005376600085027435,
        "num": 172
    }
}