{
    "MIC_score": {
        "pearson": [
            0.47793587853025477,
            1.3982491037612714e-57
        ],
        "spearman": [
            0.5084877696271721,
            3.799330595107928e-66
        ],
        "count": 989
    }
}