{
    "1BVC": {
        "pearson": [
            -0.6667491289351257,
            8.868378691582237e-11
        ],
        "spearman": [
            -0.7206498731562594,
            4.5191322395022585e-13
        ],
        "count": 74
    },
    "1LZ1": {
        "pearson": [
            -0.6197651530298389,
            1.9518468275655144e-13
        ],
        "spearman": [
            -0.6656297251338031,
            6.51037770068875e-16
        ],
        "count": 114
    },
    "2CI2": {
        "pearson": [
            -0.538303395335812,
            3.108306912925925e-07
        ],
        "spearman": [
            -0.5298413928157777,
            5.132375911135258e-07
        ],
        "count": 79
    },
    "2RN2": {
        "pearson": [
            -0.7250248095772858,
            8.9328247077419e-14
        ],
        "spearman": [
            -0.67015452197584,
            2.6310985282874228e-11
        ],
        "count": 77
    },
    "overall": {
        "pearson": [
            -0.616792743226195,
            1.947595841898386e-37
        ],
        "spearman": [
            -0.661715907255066,
            1.0831545061626713e-44
        ],
        "count": 344
    }
}