{
    "CRIPT": {
        "pearson": [
            0.3434157444404904,
            3.9989952808925075e-47
        ],
        "spearman": [
            0.32304099480256243,
            1.333953024075991e-41
        ],
        "count": 1659
    },
    "Tm2F": {
        "pearson": [
            0.24834287666729465,
            9.733690419752416e-25
        ],
        "spearman": [
            0.2006861263427094,
            1.5571378305897203e-16
        ],
        "count": 1659
    }
}