{
    "score": {
        "pearson": [
            0.5313355110276732,
            1.60125444231563e-255
        ],
        "spearman": [
            0.5199369088289635,
            7.126553101459246e-243
        ],
        "count": 3517
    }
}