{
    "score": {
        "pearson": [
            0.5331644325896148,
            1.3477109938233227e-257
        ],
        "spearman": [
            0.5230301774821946,
            2.938037706981114e-246
        ],
        "count": 3517
    }
}