{
    "score": {
        "pearson": [
            0.5451376330855362,
            4.083362832161056e-292
        ],
        "spearman": [
            0.5163999784895676,
            3.5268594284734664e-257
        ],
        "count": 3786
    }
}