{
    "Overall": {
        "all_types_of_mutations": {
            "Pr": -0.2996143038922965,
            "Pr_pval": 4.3456356767694306e-119,
            "Sr": -0.2960093329713207,
            "Sr_pval": 3.731792216039712e-116,
            "num": 5726.0,
            "num_struc": 333.0
        },
        "single_point_mutations": {
            "Pr": -0.35188799507100643,
            "Pr_pval": 2.5081204200476254e-120,
            "Sr": -0.308132944302473,
            "Sr_pval": 2.761408523733363e-91,
            "num": 4118.0,
            "num_struc": 310.0
        },
        "multi_point_mutations": {
            "Pr": -0.33516884935674335,
            "Pr_pval": 1.638367352429106e-43,
            "Sr": -0.3495293795775307,
            "Sr_pval": 2.050454683043705e-47,
            "num": 1608.0,
            "num_struc": 143.0
        }
    },
    "Per-Structure": {
        "all_types_of_mutations": {
            "Pr": -0.2966614622009894,
            "Pr_std": 0.25283049810366215,
            "Pr_pval": 5.891038611352667e-83,
            "Sr": -0.294286855165041,
            "Sr_std": 0.2413740875312112,
            "Sr_pval": 8.016775818345705e-68,
            "num": 5025.0,
            "num_struc": 116.0
        },
        "single_point_mutations": {
            "Pr": -0.3249505803785926,
            "Pr_std": 0.25941070426758245,
            "Pr_pval": 7.808469820819655e-80,
            "Sr": -0.30556782672430055,
            "Sr_std": 0.24904339159275599,
            "Sr_pval": 5.408675869875545e-53,
            "num": 3485.0,
            "num_struc": 93.0
        },
        "multi_point_mutations": {
            "Pr": -0.27246569680785937,
            "Pr_std": 0.2847363649968,
            "Pr_pval": 2.637430573388729e-20,
            "Sr": -0.28637134945173165,
            "Sr_std": 0.28302510361744093,
            "Sr_pval": 3.651868237420608e-21,
            "num": 1304.0,
            "num_struc": 41.0
        }
    }
}