{
    "Ami11_avg": {
        "pearson": [
            0.25083696924757526,
            4.518983772620849e-76
        ],
        "spearman": [
            0.18241876483190034,
            1.7720611138281956e-40
        ],
        "count": 5245
    },
    "Ami12_avg": {
        "pearson": [
            0.2980812170606534,
            4.550875350446815e-104
        ],
        "spearman": [
            0.3574296203590883,
            6.107322536353098e-152
        ],
        "count": 5046
    },
    "Ami14_avg": {
        "pearson": [
            0.25442178714302366,
            1.1494762903640821e-74
        ],
        "spearman": [
            0.29842720156914765,
            2.535538113568819e-103
        ],
        "count": 4997
    },
    "Ami18_avg": {
        "pearson": [
            0.010825846375321186,
            0.43254687828728833
        ],
        "spearman": [
            0.020247915224852787,
            0.14209889703845477
        ],
        "count": 5258
    },
    "G41811_avg": {
        "pearson": [
            0.30900028203249463,
            3.265647183034986e-112
        ],
        "spearman": [
            0.31891786427134894,
            8.40173070199297e-120
        ],
        "count": 5052
    },
    "G41812_avg": {
        "pearson": [
            0.2924269374688306,
            2.3188798393411245e-98
        ],
        "spearman": [
            0.35254605797575633,
            4.447066979263533e-145
        ],
        "count": 4959
    },
    "G41814_avg": {
        "pearson": [
            0.22408977665025398,
            1.811342387992248e-60
        ],
        "spearman": [
            0.2631883248579717,
            1.6107593251280529e-83
        ],
        "count": 5225
    },
    "Kan11_avg": {
        "pearson": [
            0.3284998469856466,
            2.5421924145148954e-126
        ],
        "spearman": [
            0.32363473519889896,
            1.865764762808684e-122
        ],
        "count": 5008
    },
    "Kan12_avg": {
        "pearson": [
            0.3092625679952813,
            7.35787574768535e-108
        ],
        "spearman": [
            0.36789521480568094,
            3.86696600312607e-155
        ],
        "count": 4844
    },
    "Kan14_avg": {
        "pearson": [
            0.2731754098850306,
            3.118735119097569e-86
        ],
        "spearman": [
            0.32235758033160616,
            3.438957889479609e-121
        ],
        "count": 4997
    },
    "Kan18_avg": {
        "pearson": [
            0.23527108975782907,
            1.2572930118515685e-66
        ],
        "spearman": [
            0.27855637565611135,
            1.0213703524356863e-93
        ],
        "count": 5224
    },
    "Neo11_avg": {
        "pearson": [
            0.307568331655133,
            1.0047064171757422e-111
        ],
        "spearman": [
            0.29011929001002384,
            4.504116840406996e-99
        ],
        "count": 5079
    },
    "Neo12_avg": {
        "pearson": [
            0.2895674358696608,
            1.3090370912778597e-96
        ],
        "spearman": [
            0.352544026632368,
            2.1495415332281908e-145
        ],
        "count": 4970
    },
    "Neo14_avg": {
        "pearson": [
            0.2589015530675879,
            4.149045678250951e-80
        ],
        "spearman": [
            0.30029952130642035,
            2.006420450367396e-108
        ],
        "count": 5180
    },
    "Neo18_avg": {
        "pearson": [
            0.1991826682327228,
            6.600865841660598e-48
        ],
        "spearman": [
            0.22630227588430482,
            1.1265442113858868e-61
        ],
        "count": 5226
    },
    "Paro11_avg": {
        "pearson": [
            0.2740565049473678,
            1.0025056003331294e-90
        ],
        "spearman": [
            0.22925849622509129,
            2.578149444743833e-63
        ],
        "count": 5228
    },
    "Paro12_avg": {
        "pearson": [
            0.3176998872038132,
            2.0290561851727644e-117
        ],
        "spearman": [
            0.36101335660244105,
            1.754473696474085e-153
        ],
        "count": 4990
    },
    "Paro14_avg": {
        "pearson": [
            0.3127813100175867,
            5.759097614804394e-113
        ],
        "spearman": [
            0.36033261175966325,
            6.670798888347347e-152
        ],
        "count": 4958
    },
    "Paro18_avg": {
        "pearson": [
            0.2888478754501071,
            1.7293974213491616e-98
        ],
        "spearman": [
            0.33706729377281697,
            1.3844817353522112e-135
        ],
        "count": 5095
    },
    "Ribo11_avg": {
        "pearson": [
            0.31845288514132114,
            2.97256727157396e-118
        ],
        "spearman": [
            0.34958205102710105,
            1.0378587579350008e-143
        ],
        "count": 5001
    },
    "Ribo12_avg": {
        "pearson": [
            0.32535323615880235,
            1.146987526816369e-123
        ],
        "spearman": [
            0.37749593839766876,
            3.5999055280394917e-169
        ],
        "count": 5002
    },
    "Ribo14_avg": {
        "pearson": [
            0.28450718659112506,
            4.057627038082919e-97
        ],
        "spearman": [
            0.3254581152495719,
            3.498769283673606e-128
        ],
        "count": 5184
    },
    "Ribo18_avg": {
        "pearson": [
            0.23806182798369302,
            6.4959049786944806e-68
        ],
        "spearman": [
            0.26809411208386563,
            2.65781850589203e-86
        ],
        "count": 5200
    }
}