{
    "Ami11_avg": {
        "pearson": [
            0.22945697624022515,
            1.540866207176029e-61
        ],
        "spearman": [
            0.16097405151346622,
            9.081574806631602e-31
        ],
        "count": 5068
    },
    "Ami12_avg": {
        "pearson": [
            0.29496998358815213,
            4.485213793596237e-99
        ],
        "spearman": [
            0.36234322657688217,
            4.119033870443014e-152
        ],
        "count": 4906
    },
    "Ami14_avg": {
        "pearson": [
            0.26021283847631327,
            3.2569012672654477e-76
        ],
        "spearman": [
            0.307494576938698,
            3.5699883127437587e-107
        ],
        "count": 4871
    },
    "Ami18_avg": {
        "pearson": [
            0.0024504442012118714,
            0.8613856720091666
        ],
        "spearman": [
            0.019993239253789347,
            0.15421726886645337
        ],
        "count": 5080
    },
    "G41811_avg": {
        "pearson": [
            0.3054457358750323,
            1.8838534568937537e-106
        ],
        "spearman": [
            0.29626126450613116,
            5.741957295778027e-100
        ],
        "count": 4906
    },
    "G41812_avg": {
        "pearson": [
            0.31709971216941135,
            4.369554903522788e-113
        ],
        "spearman": [
            0.380268801901142,
            1.0053515241837843e-165
        ],
        "count": 4822
    },
    "G41814_avg": {
        "pearson": [
            0.2522361436137627,
            4.010419802804888e-74
        ],
        "spearman": [
            0.29570051515161705,
            1.9944316993780148e-102
        ],
        "count": 5049
    },
    "Kan11_avg": {
        "pearson": [
            0.31833188766504245,
            2.1503894432937464e-115
        ],
        "spearman": [
            0.30712154267993125,
            3.8348041377118444e-107
        ],
        "count": 4882
    },
    "Kan12_avg": {
        "pearson": [
            0.3450266794510328,
            2.2048081946943582e-132
        ],
        "spearman": [
            0.3971265806261185,
            1.522097024010919e-178
        ],
        "count": 4732
    },
    "Kan14_avg": {
        "pearson": [
            0.3012034459765861,
            3.6464682888334205e-102
        ],
        "spearman": [
            0.3530727007890904,
            3.101202042724172e-142
        ],
        "count": 4845
    },
    "Kan18_avg": {
        "pearson": [
            0.273219678702862,
            3.576916524605876e-87
        ],
        "spearman": [
            0.3200103691374548,
            1.2414660838632878e-120
        ],
        "count": 5051
    },
    "Neo11_avg": {
        "pearson": [
            0.29414264047898164,
            1.7243203683065919e-99
        ],
        "spearman": [
            0.2677108040364727,
            4.2220895026989543e-82
        ],
        "count": 4956
    },
    "Neo12_avg": {
        "pearson": [
            0.31513034016907515,
            2.1879431638156095e-112
        ],
        "spearman": [
            0.38034414839557346,
            6.4700066677412325e-167
        ],
        "count": 4855
    },
    "Neo14_avg": {
        "pearson": [
            0.29264103583753676,
            1.3991539534533887e-99
        ],
        "spearman": [
            0.33728308869792584,
            1.2219930052881048e-133
        ],
        "count": 5014
    },
    "Neo18_avg": {
        "pearson": [
            0.23019232563198397,
            9.118734027230457e-62
        ],
        "spearman": [
            0.2620161908016344,
            4.0458308188862e-80
        ],
        "count": 5054
    },
    "Paro11_avg": {
        "pearson": [
            0.25994796030679657,
            5.548315786099501e-79
        ],
        "spearman": [
            0.20367701653088363,
            1.4987219828691787e-48
        ],
        "count": 5063
    },
    "Paro12_avg": {
        "pearson": [
            0.3220959681246404,
            4.207774790293111e-118
        ],
        "spearman": [
            0.3546019040350116,
            1.9175246973341956e-144
        ],
        "count": 4876
    },
    "Paro14_avg": {
        "pearson": [
            0.32631381593301045,
            2.4438867841828908e-120
        ],
        "spearman": [
            0.3792087115992352,
            3.5428138017654363e-165
        ],
        "count": 4835
    },
    "Paro18_avg": {
        "pearson": [
            0.3179047717825083,
            1.4790931657198464e-116
        ],
        "spearman": [
            0.3694949863795472,
            7.838310926107188e-160
        ],
        "count": 4946
    },
    "Ribo11_avg": {
        "pearson": [
            0.3095853632023314,
            4.222706194052298e-109
        ],
        "spearman": [
            0.338204406259141,
            3.958318958546982e-131
        ],
        "count": 4890
    },
    "Ribo12_avg": {
        "pearson": [
            0.34706241821607275,
            5.764852444125887e-138
        ],
        "spearman": [
            0.40423558532208365,
            5.434572595656715e-191
        ],
        "count": 4873
    },
    "Ribo14_avg": {
        "pearson": [
            0.3168048088074331,
            1.8037520280068808e-117
        ],
        "spearman": [
            0.362449644098132,
            9.278532176124884e-156
        ],
        "count": 5022
    },
    "Ribo18_avg": {
        "pearson": [
            0.2794807213345962,
            5.683777469359288e-91
        ],
        "spearman": [
            0.3108227588427351,
            3.6398804047585876e-113
        ],
        "count": 5033
    }
}