{
    "function_score": {
        "pearson": [
            0.5727706393531723,
            1.823303489803289e-130
        ],
        "spearman": [
            0.48556482975451554,
            7.291377185458284e-89
        ],
        "count": 1488
    }
}