{
    "function_score": {
        "pearson": [
            0.4985414943280046,
            3.3761597296944266e-92
        ],
        "spearman": [
            0.42863954946992416,
            4.765598323679686e-66
        ],
        "count": 1454
    }
}