{
    "screenscore": {
        "pearson": [
            0.26768221543959714,
            2.8661207803900703e-57
        ],
        "spearman": [
            0.2771824367478423,
            1.9380636335510554e-61
        ],
        "count": 3424
    }
}