{
    "screenscore": {
        "pearson": [
            0.24925315155210687,
            1.8143325733145518e-45
        ],
        "spearman": [
            0.2635181803500051,
            8.4135923614926e-51
        ],
        "count": 3125
    }
}