{
    "attenuated": {
        "pearson": [
            0.07540425980534055,
            2.3827901846985814e-05
        ],
        "spearman": [
            0.06308356917378738,
            0.0004098415056483756
        ],
        "count": 3134
    },
    "regulated": {
        "pearson": [
            0.3885861500830841,
            1.7132410300267562e-113
        ],
        "spearman": [
            0.35805874643062746,
            1.9372289716612824e-95
        ],
        "count": 3134
    },
    "unregulated": {
        "pearson": [
            0.35581498003301104,
            3.454004487883153e-94
        ],
        "spearman": [
            0.33831784744086174,
            8.962166389997291e-85
        ],
        "count": 3134
    }
}