{
    "attenuated": {
        "pearson": [
            0.051065668479790466,
            0.004734288537975387
        ],
        "spearman": [
            0.03873843832420578,
            0.03218283528464678
        ],
        "count": 3058
    },
    "regulated": {
        "pearson": [
            0.4299820750616504,
            7.379861548908757e-138
        ],
        "spearman": [
            0.39336897093082485,
            1.0130478325793676e-113
        ],
        "count": 3058
    },
    "unregulated": {
        "pearson": [
            0.423385110384145,
            2.7681070808158025e-133
        ],
        "spearman": [
            0.39208587133303885,
            6.277602929496861e-113
        ],
        "count": 3058
    }
}