{
    "attenuated": {
        "pearson": [
            0.12682815944968856,
            1.032735979362559e-12
        ],
        "spearman": [
            0.11402923875044525,
            1.5341007825828738e-10
        ],
        "count": 3134
    },
    "regulated": {
        "pearson": [
            0.414687089473985,
            1.5832539989080734e-130
        ],
        "spearman": [
            0.38811205253567316,
            3.3826678785108055e-113
        ],
        "count": 3134
    },
    "unregulated": {
        "pearson": [
            0.41732454184653944,
            2.4663491340597724e-132
        ],
        "spearman": [
            0.39930157283048656,
            2.6617519211847466e-120
        ],
        "count": 3134
    }
}