{
    "fitness_min": {
        "pearson": [
            0.6203771268494951,
            8.157020033505642e-152
        ],
        "spearman": [
            0.252448429539068,
            4.393257467987517e-22
        ],
        "count": 1420
    },
    "fitness_rich": {
        "pearson": [
            0.5892131714035829,
            1.767802671529106e-133
        ],
        "spearman": [
            0.37166882760897046,
            9.537511514434674e-48
        ],
        "count": 1420
    }
}