{
    "fitness_min": {
        "pearson": [
            0.5479419984038316,
            1.511630529191252e-113
        ],
        "spearman": [
            0.2695346050730431,
            2.2578825727251073e-25
        ],
        "count": 1439
    },
    "fitness_rich": {
        "pearson": [
            0.5144790766855147,
            4.682862126566228e-98
        ],
        "spearman": [
            0.3390532655248134,
            4.835424424770294e-40
        ],
        "count": 1439
    }
}