{
    "1A7V": {
        "pearson": [
            -0.20227375888383398,
            0.5075053532967958
        ],
        "spearman": [
            -0.07438044752782767,
            0.8091728077468495
        ],
        "count": 13
    },
    "1BA3": {
        "pearson": [
            -0.8320358659198538,
            0.1679641340801461
        ],
        "spearman": [
            -0.39999999999999997,
            0.6
        ],
        "count": 4
    },
    "1BFM": {
        "pearson": [
            -1.0,
            1.0
        ],
        "spearman": [
            -0.9999999999999999,
            NaN
        ],
        "count": 2
    },
    "1D5G": {
        "pearson": [
            1.0,
            1.0
        ],
        "spearman": [
            0.9999999999999999,
            NaN
        ],
        "count": 2
    },
    "1DIV": {
        "pearson": [
            -0.6871630644724613,
            3.565844703675994e-08
        ],
        "spearman": [
            -0.6605037594873122,
            1.796289636503271e-07
        ],
        "count": 50
    },
    "1EKG": {
        "pearson": [
            -0.1717828783733591,
            0.828217121626641
        ],
        "spearman": [
            -0.6000000000000001,
            0.3999999999999999
        ],
        "count": 4
    },
    "1FT8": {
        "pearson": [
            -0.7308249567328896,
            0.004543096032880002
        ],
        "spearman": [
            -0.7527472527472527,
            0.0029822333891698486
        ],
        "count": 13
    },
    "1FXA": {
        "pearson": [
            -0.602728217292745,
            0.049683070758622126
        ],
        "spearman": [
            -0.690909090909091,
            0.018565033381595004
        ],
        "count": 11
    },
    "1G3P": {
        "pearson": [
            -0.49698845450713725,
            0.00835797836676388
        ],
        "spearman": [
            -0.5641418279228323,
            0.0021769355006730157
        ],
        "count": 27
    },
    "1GUA": {
        "pearson": [
            -0.7316361217777962,
            2.3476821221910693e-09
        ],
        "spearman": [
            -0.765204081632653,
            1.5298249030715253e-10
        ],
        "count": 49
    },
    "1H0X": {
        "pearson": [
            -1.0,
            1.0
        ],
        "spearman": [
            -0.9999999999999999,
            NaN
        ],
        "count": 2
    },
    "1HCQ": {
        "pearson": [
            1.0,
            1.0
        ],
        "spearman": [
            0.9999999999999999,
            NaN
        ],
        "count": 2
    },
    "1ITM": {
        "pearson": [
            -0.8189959216214623,
            0.38906213775585385
        ],
        "spearman": [
            -0.5,
            0.6666666666666667
        ],
        "count": 3
    },
    "1IV7": {
        "pearson": [
            -0.9692570421827398,
            0.15826573346751693
        ],
        "spearman": [
            -0.5,
            0.6666666666666667
        ],
        "count": 3
    },
    "1J8I": {
        "pearson": [
            -0.0802944147550726,
            0.8798172146634056
        ],
        "spearman": [
            -0.029424494316824982,
            0.9558759964010901
        ],
        "count": 6
    },
    "1JLV": {
        "pearson": [
            -0.20446903347204595,
            0.868906460603919
        ],
        "spearman": [
            0.5,
            0.6666666666666667
        ],
        "count": 3
    },
    "1L6H": {
        "pearson": [
            -0.7093328569684536,
            0.497992659633534
        ],
        "spearman": [
            -0.5,
            0.6666666666666667
        ],
        "count": 3
    },
    "1LVM": {
        "pearson": [
            -0.0299408447083406,
            0.9618838290319626
        ],
        "spearman": [
            0.20519567041703085,
            0.7405819415910722
        ],
        "count": 5
    },
    "1N18": {
        "pearson": [
            -0.2965424959387336,
            0.7034575040612663
        ],
        "spearman": [
            0.0,
            1.0
        ],
        "count": 4
    },
    "1N88": {
        "pearson": [
            -0.3711441214734629,
            0.14245869503206782
        ],
        "spearman": [
            -0.39410748231775666,
            0.11750916505878377
        ],
        "count": 17
    },
    "1NM1": {
        "pearson": [
            -1.0,
            1.0
        ],
        "spearman": [
            -0.9999999999999999,
            NaN
        ],
        "count": 2
    },
    "1O1U": {
        "pearson": [
            -0.11875640999130369,
            0.8227028008801405
        ],
        "spearman": [
            -0.15179418517972906,
            0.7740575031656567
        ],
        "count": 6
    },
    "1O6X": {
        "pearson": [
            -0.5295817801798457,
            0.016331986891216534
        ],
        "spearman": [
            -0.45598207039190425,
            0.04331572640998044
        ],
        "count": 20
    },
    "1OSI": {
        "pearson": [
            -0.7521842770839644,
            0.2478157229160356
        ],
        "spearman": [
            -0.39999999999999997,
            0.6
        ],
        "count": 4
    },
    "1PFL": {
        "pearson": [
            -0.11768606052924051,
            0.8505040627936417
        ],
        "spearman": [
            -0.09999999999999999,
            0.8728885715695383
        ],
        "count": 5
    },
    "1PRG": {
        "pearson": [
            -0.27090623590039814,
            0.5567840951243247
        ],
        "spearman": [
            -0.21428571428571433,
            0.6445115810207203
        ],
        "count": 7
    },
    "1R6R": {
        "pearson": [
            -0.4465084047939062,
            0.5534915952060939
        ],
        "spearman": [
            -0.39999999999999997,
            0.6
        ],
        "count": 4
    },
    "1X0J": {
        "pearson": [
            -0.23286265812806314,
            0.615310438178745
        ],
        "spearman": [
            -0.3214285714285715,
            0.4820720382996776
        ],
        "count": 7
    },
    "1XWS": {
        "pearson": [
            0.0035900465319553265,
            0.9964099534680446
        ],
        "spearman": [
            -0.6000000000000001,
            0.3999999999999999
        ],
        "count": 4
    },
    "1XXN": {
        "pearson": [
            -0.043222107876117244,
            0.9449850425576326
        ],
        "spearman": [
            0.15389675281277312,
            0.8048288166080632
        ],
        "count": 5
    },
    "1XZO": {
        "pearson": [
            -0.12460846654078346,
            0.8753915334592166
        ],
        "spearman": [
            0.0,
            1.0
        ],
        "count": 4
    },
    "2BJD": {
        "pearson": [
            -0.9993078475533999,
            0.02368759957758766
        ],
        "spearman": [
            -1.0,
            0.0
        ],
        "count": 3
    },
    "2C9Q": {
        "pearson": [
            -1.0,
            1.0
        ],
        "spearman": [
            -0.9999999999999999,
            NaN
        ],
        "count": 2
    },
    "2CLR": {
        "pearson": [
            -0.9395707902098217,
            0.060429209790178184
        ],
        "spearman": [
            -1.0,
            0.0
        ],
        "count": 4
    },
    "2DVV": {
        "pearson": [
            1.0,
            1.0
        ],
        "spearman": [
            0.9999999999999999,
            NaN
        ],
        "count": 2
    },
    "2HBB": {
        "pearson": [
            -0.6291428428495163,
            2.8263686747393634e-06
        ],
        "spearman": [
            -0.713457507216065,
            2.6245782311025842e-08
        ],
        "count": 46
    },