{
    "Overall": {
        "all_types_of_mutations": {
            "Pr": 0.11937763584544461,
            "Pr_pval": 0.021634536614224247,
            "Sr": 0.12723110986006744,
            "Sr_pval": 0.014324595921035736,
            "num": 370.0
        },
        "single_point_mutations": {
            "Pr": 0.09482842852322496,
            "Pr_pval": 0.1279666392387525,
            "Sr": 0.08200958402736225,
            "Sr_pval": 0.18829068010207095,
            "num": 259.0
        },
        "multi_point_mutations": {
            "Pr": 0.2712636734051082,
            "Pr_pval": 0.003979401383607972,
            "Sr": 0.2623106186163871,
            "Sr_pval": 0.005415745454103295,
            "num": 111.0
        }
    },
    "Per-Structure": {
        "all_types_of_mutations": {
            "Pr": 0.17807866674215392,
            "Pr_pval": 0.15815876933146264,
            "Sr": 0.17809582917060773,
            "Sr_pval": 0.01035753982787702,
            "num": 266.0
        },
        "single_point_mutations": {
            "Pr": 0.17899267998954624,
            "Pr_pval": 0.48302906185336414,
            "Sr": 0.22054228984130125,
            "Sr_pval": 0.2319879178393225,
            "num": 180.0
        },
        "multi_point_mutations": {
            "Pr": -0.009268225112241846,
            "Pr_pval": 9.58844341430011e-05,
            "Sr": 0.038659335008533996,
            "Sr_pval": 6.030740371714639e-05,
            "num": 79.0
        }
    }
}