{
    "Overall": {
        "all_types_of_mutations": {
            "Pr": 0.03871860877911949,
            "Pr_pval": 0.45776885390624605,
            "Sr": 0.023426823071178608,
            "Sr_pval": 0.6533156351141347,
            "num": 370.0
        },
        "single_point_mutations": {
            "Pr": 0.1283388239282335,
            "Pr_pval": 0.03902053675580711,
            "Sr": 0.18406990020876265,
            "Sr_pval": 0.0029447811887823006,
            "num": 259.0
        },
        "multi_point_mutations": {
            "Pr": -0.184586046067359,
            "Pr_pval": 0.052450216279247584,
            "Sr": -0.1746060997564419,
            "Sr_pval": 0.06682162055484343,
            "num": 111.0
        }
    },
    "Per-Structure": {
        "all_types_of_mutations": {
            "Pr": 0.24580398478289975,
            "Pr_pval": 0.039302007082837064,
            "Sr": 0.2426777371447844,
            "Sr_pval": 0.008926414209443905,
            "num": 266.0
        },
        "single_point_mutations": {
            "Pr": 0.31390417064603665,
            "Pr_pval": 0.02575830837920365,
            "Sr": 0.3523164297256022,
            "Sr_pval": 0.009527504825793532,
            "num": 180.0
        },
        "multi_point_mutations": {
            "Pr": -0.28577606114729504,
            "Pr_pval": 0.07069523040805228,
            "Sr": -0.24889340849731026,
            "Sr_pval": 0.138655685292581,
            "num": 79.0
        }
    }
}