{
    "fitness": {
        "pearson": [
            0.33597117380058167,
            2.1317412164107795e-41
        ],
        "spearman": [
            0.3229268230511768,
            3.325676942695908e-38
        ],
        "count": 1519
    }
}