{
    "fitness": {
        "pearson": [
            0.3749224292599207,
            6.848424757823012e-52
        ],
        "spearman": [
            0.3660742778667698,
            2.2353832741584605e-49
        ],
        "count": 1519
    }
}