{
    "Overall": {
        "all_types_of_mutations": {
            "Pr": 0.1336838720241218,
            "Pr_pval": 3.011540684567351e-24,
            "Sr": 0.13953222982523122,
            "Sr_pval": 2.733202737796186e-26,
            "num": 5726.0
        },
        "single_point_mutations": {
            "Pr": 0.15763471702768353,
            "Pr_pval": 2.5302317562715658e-24,
            "Sr": 0.1501939691008192,
            "Sr_pval": 3.316118264943045e-22,
            "num": 4118.0
        },
        "multi_point_mutations": {
            "Pr": 0.18915014665408056,
            "Pr_pval": 2.0390910302512543e-14,
            "Sr": 0.1776787747200091,
            "Sr_pval": 7.150301367715035e-13,
            "num": 1608.0
        }
    },
    "Per-Structure": {
        "all_types_of_mutations": {
            "Pr": 0.17094629013597754,
            "Pr_pval": 5.463377063573655e-20,
            "Sr": 0.1557412231870914,
            "Sr_pval": 5.512944139085556e-19,
            "num": 5025.0
        },
        "single_point_mutations": {
            "Pr": 0.19034947036898614,
            "Pr_pval": 8.203394654215424e-13,
            "Sr": 0.18157843798821158,
            "Sr_pval": 3.7460142633732105e-12,
            "num": 3485.0
        },
        "multi_point_mutations": {
            "Pr": 0.19926364306142796,
            "Pr_pval": 5.929464692852267e-12,
            "Sr": 0.176825585084979,
            "Sr_pval": 1.8885773745839965e-12,
            "num": 1304.0
        }
    }
}