{
    "Overall": {
        "all_types_of_mutations": {
            "Pr": -0.24085538439163534,
            "Pr_pval": 3.373169137827254e-76,
            "Sr": -0.24981582409323178,
            "Sr_pval": 5.1351543466059414e-82,
            "num": 5713.0,
            "num_struc": 331.0
        },
        "single_point_mutations": {
            "Pr": -0.28084153179402527,
            "Pr_pval": 2.693159132701488e-75,
            "Sr": -0.2668671513679328,
            "Sr_pval": 6.709189739395965e-68,
            "num": 4106.0,
            "num_struc": 308.0
        },
        "multi_point_mutations": {
            "Pr": -0.28069335407761187,
            "Pr_pval": 1.7622984076625636e-30,
            "Sr": -0.2921051954380669,
            "Sr_pval": 5.5871447855110487e-33,
            "num": 1607.0,
            "num_struc": 142.0
        }
    },
    "Per-Structure": {
        "all_types_of_mutations": {
            "Pr": -0.26245124743373255,
            "Pr_pval": 7.972099780654893e-65,
            "Sr": -0.25523278110021164,
            "Sr_pval": 1.213781531370692e-58,
            "num": 5025.0,
            "num_struc": 116.0
        },
        "single_point_mutations": {
            "Pr": -0.29388386653253196,
            "Pr_pval": 2.7148833900353403e-51,
            "Sr": -0.2742101896984543,
            "Sr_pval": 2.4000934053082286e-41,
            "num": 3485.0,
            "num_struc": 93.0
        },
        "multi_point_mutations": {
            "Pr": -0.27959399345938646,
            "Pr_pval": 7.14026803548907e-28,
            "Sr": -0.28407236958494975,
            "Sr_pval": 9.939974117975611e-32,
            "num": 1304.0,
            "num_struc": 41.0
        }
    }
}