{
    "1PGA": {
        "pearson": [
            -0.7421644208777765,
            1.8970546588179384e-159
        ],
        "spearman": [
            -0.7044667830175915,
            6.581383590620766e-137
        ],
        "count": 907,
        "pearson - filtered rosetta [-1;7]": [
            -0.734363213674879,
            5.233919047731611e-143
        ],
        "spearman - filtered rosetta [-1;7]": [
            -0.7008536791240514,
            6.105483430725336e-125
        ],
        "count - filtered rosetta [-1;7]": 839
    },
    "overall": {
        "pearson": [
            -0.7421644208777765,
            1.8970546588179384e-159
        ],
        "spearman": [
            -0.7044667830175915,
            6.581383590620766e-137
        ],
        "count": 907,
        "pearson - filtered rosetta [-1;7]": [
            -0.734363213674879,
            5.233919047731611e-143
        ],
        "spearman - filtered rosetta [-1;7]": [
            -0.7008536791240514,
            6.105483430725336e-125
        ],
        "count - filtered rosetta [-1;7]": 839
    }
}