{
    "log_proba_mt__minus__log_proba_wt vs. -EC50": {
        "Sr": 0.26879371910250055,
        "Sr_pval": 0.0003633922122332663,
        "Pr": 0.2255179850663797,
        "Pr_pval": 0.0029347704128691817,
        "num": 172
    },
    "blosum vs. -EC50": {
        "Sr": 0.20164498686541152,
        "Sr_pval": 0.007988165146114301,
        "Pr": 0.26183560923865823,
        "Pr_pval": 0.0005211675796531644,
        "num": 172
    },
    "blosum vs. log_proba_mt__minus__log_proba_wt": {
        "Sr": 0.38614506350878064,
        "Sr_pval": 1.6798434531115113e-07,
        "Pr": 0.42326493348094735,
        "Pr_pval": 7.258583928209604e-09,
        "num": 172
    },
    "combined_score vs. -EC50": {
        "Sr": 0.2956060321328786,
        "Sr_pval": 8.253539325928864e-05,
        "Pr": 0.28559453698068404,
        "Pr_pval": 0.000146086719038498,
        "num": 172
    }
}