{
    "log_proba_mt__minus__log_proba_wt vs. -EC50": {
        "Sr": -0.052265965701338735,
        "Sr_pval": 0.49591639474816573,
        "Pr": -0.05658976227631484,
        "Pr_pval": 0.4609112743044774,
        "num": 172
    },
    "blosum vs. -EC50": {
        "Sr": 0.030896021200542852,
        "Sr_pval": 0.6874345896905518,
        "Pr": 0.0696803331204638,
        "Pr_pval": 0.3637250535318197,
        "num": 172
    },
    "blosum vs. log_proba_mt__minus__log_proba_wt": {
        "Sr": 0.26109610446832393,
        "Sr_pval": 0.0005412195643086932,
        "Pr": 0.2807885798085399,
        "Pr_pval": 0.00019072221843286362,
        "num": 172
    },
    "combined_score vs. -EC50": {
        "Sr": -0.014755451109261205,
        "Sr_pval": 0.8476518950005683,
        "Pr": -0.006452825486432341,
        "Pr_pval": 0.9330470576801091,
        "num": 172
    }
}