{
    "log_proba_mt__minus__log_proba_wt vs. -EC50": {
        "Sr": 0.2586886838049978,
        "Sr_pval": 0.000611537340387901,
        "Pr": 0.1692253612521646,
        "Pr_pval": 0.026471956825362075,
        "num": 172
    },
    "blosum vs. -EC50": {
        "Sr": 0.18178058344066128,
        "Sr_pval": 0.017006615584561586,
        "Pr": 0.21528862756648404,
        "Pr_pval": 0.004564932550419176,
        "num": 172
    },
    "blosum vs. log_proba_mt__minus__log_proba_wt": {
        "Sr": 0.40586585811272957,
        "Sr_pval": 3.3198984910215577e-08,
        "Pr": 0.43172701304265776,
        "Pr_pval": 3.356820489224793e-09,
        "num": 172
    },
    "combined_score vs. -EC50": {
        "Sr": 0.2731621997077608,
        "Sr_pval": 0.00028832922107909046,
        "Pr": 0.22425952686404255,
        "Pr_pval": 0.0031019187109494464,
        "num": 172
    }
}