{
    "log_proba_mt__minus__log_proba_wt vs. -EC50": {
        "Sr": -0.05224223909579743,
        "Sr_pval": 0.49611228593409773,
        "Pr": -0.05651416688018672,
        "Pr_pval": 0.4615112923209126,
        "num": 172
    },
    "blosum vs. -EC50": {
        "Sr": 0.030896021200542852,
        "Sr_pval": 0.6874345896905518,
        "Pr": 0.0696803331204638,
        "Pr_pval": 0.3637250535318197,
        "num": 172
    },
    "blosum vs. log_proba_mt__minus__log_proba_wt": {
        "Sr": 0.2609501301924021,
        "Sr_pval": 0.0005452609530954758,
        "Pr": 0.2808266107983574,
        "Pr_pval": 0.0001903238376149981,
        "num": 172
    },
    "combined_score vs. -EC50": {
        "Sr": -0.014774182639951701,
        "Sr_pval": 0.8474608456948372,
        "Pr": -0.006382260025769214,
        "Pr_pval": 0.9337775498055839,
        "num": 172
    }
}