{
    "log_proba_mt__minus__log_proba_wt vs. -EC50": {
        "Sr": 0.23948997782571432,
        "Sr_pval": 0.001555339880689933,
        "Pr": 0.26798255008076743,
        "Pr_pval": 0.00037918385671986666,
        "num": 172
    },
    "blosum vs. -EC50": {
        "Sr": 0.23942600657826604,
        "Sr_pval": 0.0015599993065044267,
        "Pr": 0.2658310773308903,
        "Pr_pval": 0.00042419947926758357,
        "num": 172
    },
    "blosum vs. log_proba_mt__minus__log_proba_wt": {
        "Sr": 0.40428516513013535,
        "Sr_pval": 3.795482485222622e-08,
        "Pr": 0.42125474663876,
        "Pr_pval": 8.690943552895616e-09,
        "num": 172
    },
    "combined_score vs. -EC50": {
        "Sr": 0.28656896215764927,
        "Sr_pval": 0.0001383179763668822,
        "Pr": 0.31642735689145174,
        "Pr_pval": 2.3491856528308175e-05,
        "num": 172
    }
}