{
    "log_proba_mt__minus__log_proba_wt vs. -EC50": {
        "Sr": 0.1242243034790953,
        "Sr_pval": 0.10446080558214207,
        "Pr": 0.11069910796453811,
        "Pr_pval": 0.14827095647002234,
        "num": 172
    },
    "blosum vs. -EC50": {
        "Sr": 0.3279589714903336,
        "Sr_pval": 1.1238171101349226e-05,
        "Pr": 0.34282061405933184,
        "Pr_pval": 4.1535708982062115e-06,
        "num": 172
    },
    "blosum vs. log_proba_mt__minus__log_proba_wt": {
        "Sr": 0.33186548710392394,
        "Sr_pval": 8.694209021892886e-06,
        "Pr": 0.3498563279609742,
        "Pr_pval": 2.5461606559261725e-06,
        "num": 172
    },
    "combined_score vs. -EC50": {
        "Sr": 0.25424095452341045,
        "Sr_pval": 0.0007640506174772568,
        "Pr": 0.2570393001847293,
        "Pr_pval": 0.0006644777490826425,
        "num": 172
    }
}