{
    "log_proba_mt__minus__log_proba_wt vs. -EC50": {
        "Sr": 0.2686713397686559,
        "Sr_pval": 0.0003657349638014833,
        "Pr": 0.22565567748490933,
        "Pr_pval": 0.0029169856182668704,
        "num": 172
    },
    "blosum vs. -EC50": {
        "Sr": 0.20164498686541152,
        "Sr_pval": 0.007988165146114301,
        "Pr": 0.26183560923865823,
        "Pr_pval": 0.0005211675796531644,
        "num": 172
    },
    "blosum vs. log_proba_mt__minus__log_proba_wt": {
        "Sr": 0.38636239915004134,
        "Sr_pval": 1.6510353036721103e-07,
        "Pr": 0.4232762361773369,
        "Pr_pval": 7.251213167040271e-09,
        "num": 172
    },
    "combined_score vs. -EC50": {
        "Sr": 0.2957021873237565,
        "Sr_pval": 8.20755559067805e-05,
        "Pr": 0.28568428948919444,
        "Pr_pval": 0.00014535448058536322,
        "num": 172
    }
}