{
    "log_proba_mt__minus__log_proba_wt vs. -EC50": {
        "Sr": 0.24050725114419447,
        "Sr_pval": 0.001482932457637483,
        "Pr": 0.26951895447800545,
        "Pr_pval": 0.00034979178479772974,
        "num": 172
    },
    "blosum vs. -EC50": {
        "Sr": 0.23942600657826604,
        "Sr_pval": 0.0015599993065044267,
        "Pr": 0.2658310773308903,
        "Pr_pval": 0.00042419947926758357,
        "num": 172
    },
    "blosum vs. log_proba_mt__minus__log_proba_wt": {
        "Sr": 0.4039791385831621,
        "Sr_pval": 3.894831210098103e-08,
        "Pr": 0.4218069463990174,
        "Pr_pval": 8.27241332040538e-09,
        "num": 172
    },
    "combined_score vs. -EC50": {
        "Sr": 0.2872298357752234,
        "Sr_pval": 0.0001332704567802658,
        "Pr": 0.31723344929104985,
        "Pr_pval": 2.233347207672902e-05,
        "num": 172
    }
}