{
    "log_proba_mt__minus__log_proba_wt vs. -EC50": {
        "Sr": 0.12413228457964783,
        "Sr_pval": 0.10471991221199005,
        "Pr": 0.11065985506720705,
        "Pr_pval": 0.1484157505270204,
        "num": 172
    },
    "blosum vs. -EC50": {
        "Sr": 0.3279589714903336,
        "Sr_pval": 1.1238171101349226e-05,
        "Pr": 0.34282061405933184,
        "Pr_pval": 4.1535708982062115e-06,
        "num": 172
    },
    "blosum vs. log_proba_mt__minus__log_proba_wt": {
        "Sr": 0.3316034769141819,
        "Sr_pval": 8.846141699713872e-06,
        "Pr": 0.34985627666525787,
        "Pr_pval": 2.546169850808651e-06,
        "num": 172
    },
    "combined_score vs. -EC50": {
        "Sr": 0.25400243184984267,
        "Sr_pval": 0.0007731434794422688,
        "Pr": 0.25706573826037293,
        "Pr_pval": 0.0006635968526653906,
        "num": 172
    }
}