{
    "log_proba_mt__minus__log_proba_wt vs. -EC50": {
        "Sr": 0.019350687458426146,
        "Sr_pval": 0.8010758938008273,
        "Pr": 0.04167809867376576,
        "Pr_pval": 0.5872307764959535,
        "num": 172
    },
    "blosum vs. -EC50": {
        "Sr": 0.34537649184108626,
        "Sr_pval": 3.481831980829148e-06,
        "Pr": 0.3719814016279285,
        "Pr_pval": 5.050107486860724e-07,
        "num": 172
    },
    "blosum vs. log_proba_mt__minus__log_proba_wt": {
        "Sr": 0.4346589023316907,
        "Sr_pval": 2.5569385809508085e-09,
        "Pr": 0.4654845045676593,
        "Pr_pval": 1.2430959849032942e-10,
        "num": 172
    },
    "combined_score vs. -EC50": {
        "Sr": 0.19879008150060273,
        "Sr_pval": 0.00894259875037697,
        "Pr": 0.24637084434734197,
        "Pr_pval": 0.0011222814024928359,
        "num": 172
    }
}