{
    "log_proba_mt__minus__log_proba_wt vs. -EC50": {
        "Sr": 0.09540491348388154,
        "Sr_pval": 0.21315315135869656,
        "Pr": 0.10895589564233085,
        "Pr_pval": 0.1548049211437811,
        "num": 172
    },
    "blosum vs. -EC50": {
        "Sr": 0.2817996352455732,
        "Sr_pval": 0.00018039107294154578,
        "Pr": 0.35210964460965455,
        "Pr_pval": 2.171324280629995e-06,
        "num": 172
    },
    "blosum vs. log_proba_mt__minus__log_proba_wt": {
        "Sr": 0.39228386420729944,
        "Sr_pval": 1.0255953858297496e-07,
        "Pr": 0.4295860250828308,
        "Pr_pval": 4.088274025211479e-09,
        "num": 172
    },
    "combined_score vs. -EC50": {
        "Sr": 0.2265584416443601,
        "Sr_pval": 0.0028027766372442178,
        "Pr": 0.2657483439363564,
        "Pr_pval": 0.0004260254645627637,
        "num": 172
    }
}