{
    "log_proba_mt__minus__log_proba_wt vs. -EC50": {
        "Sr": 0.019161046345000182,
        "Sr_pval": 0.8029854353332779,
        "Pr": 0.04146216712914101,
        "Pr_pval": 0.5891705268121059,
        "num": 172
    },
    "blosum vs. -EC50": {
        "Sr": 0.34537649184108626,
        "Sr_pval": 3.481831980829148e-06,
        "Pr": 0.3719814016279285,
        "Pr_pval": 5.050107486860724e-07,
        "num": 172
    },
    "blosum vs. log_proba_mt__minus__log_proba_wt": {
        "Sr": 0.43503842344309446,
        "Sr_pval": 2.467950030985423e-09,
        "Pr": 0.4654426165824367,
        "Pr_pval": 1.2484738788372367e-10,
        "num": 172
    },
    "combined_score vs. -EC50": {
        "Sr": 0.1989578409470949,
        "Sr_pval": 0.00888384157672548,
        "Pr": 0.24622242748995027,
        "Pr_pval": 0.0011303175408297797,
        "num": 172
    }
}