{
    "log_proba_mt__minus__log_proba_wt vs. -EC50": {
        "Sr": 0.09525357657825234,
        "Sr_pval": 0.213883332230222,
        "Pr": 0.10904976937651689,
        "Pr_pval": 0.1544476283997778,
        "num": 172
    },
    "blosum vs. -EC50": {
        "Sr": 0.2817996352455732,
        "Sr_pval": 0.00018039107294154578,
        "Pr": 0.35210964460965455,
        "Pr_pval": 2.171324280629995e-06,
        "num": 172
    },
    "blosum vs. log_proba_mt__minus__log_proba_wt": {
        "Sr": 0.39212121230241204,
        "Sr_pval": 1.039226685372834e-07,
        "Pr": 0.42945057785537893,
        "Pr_pval": 4.139387937798309e-09,
        "num": 172
    },
    "combined_score vs. -EC50": {
        "Sr": 0.22666012112782974,
        "Sr_pval": 0.002790170081352119,
        "Pr": 0.2658280750379673,
        "Pr_pval": 0.00042426561517371297,
        "num": 172
    }
}