{
    "function_score": {
        "pearson": [
            0.4690452942576,
            1.5619540681948735e-41
        ],
        "spearman": [
            0.38287641397806493,
            4.136084828267156e-27
        ],
        "count": 736
    }
}