{
    "Overall": {
        "all_types_of_mutations": {
            "Pr": -0.10713979370446002,
            "Pr_pval": 0.039147335891148285,
            "Sr": -0.15025621998093378,
            "Sr_pval": 0.0037214143439163795,
            "num": 371.0,
            "num_struc": 39.0
        },
        "single_point_mutations": {
            "Pr": -0.19010481363967507,
            "Pr_pval": 0.0020377516629034396,
            "Sr": -0.20458718539599097,
            "Sr_pval": 0.0008855286974158735,
            "num": 261.0,
            "num_struc": 36.0
        },
        "multi_point_mutations": {
            "Pr": -0.04796796103421251,
            "Pr_pval": 0.6187436119743793,
            "Sr": -0.04789738852185684,
            "Sr_pval": 0.6192604297761919,
            "num": 110.0,
            "num_struc": 16.0
        }
    },
    "Per-Structure": {
        "all_types_of_mutations": {
            "Pr": -0.2847567704152821,
            "Pr_std": 0.2623024478888816,
            "Pr_pval": 0.0018120190221495084,
            "Sr": -0.22375236138611215,
            "Sr_std": 0.3361325533175469,
            "Sr_pval": 0.00018963333835906346,
            "num": 265.0,
            "num_struc": 8.0
        },
        "single_point_mutations": {
            "Pr": -0.3828609371514858,
            "Pr_std": 0.256404939067622,
            "Pr_pval": 7.554287683999337e-05,
            "Sr": -0.36614979768113315,
            "Sr_std": 0.2563532275529084,
            "Sr_pval": 9.738982392257646e-05,
            "num": 180.0,
            "num_struc": 7.0
        },
        "multi_point_mutations": {
            "Pr": 0.2210169770662921,
            "Pr_std": 0.2531355023075027,
            "Pr_pval": 0.11457693462347535,
            "Sr": 0.2520941701024914,
            "Sr_std": 0.3044732705705289,
            "Sr_pval": 0.0373937639705618,
            "num": 78.0,
            "num_struc": 2.0
        }
    }
}