{
    "Overall": {
        "all_types_of_mutations": {
            "Pr": -0.16381629235530637,
            "Pr_pval": 0.001522372887737724,
            "Sr": -0.21172615705390926,
            "Sr_pval": 3.8442419483172166e-05,
            "num": 372.0,
            "num_struc": 39.0
        },
        "single_point_mutations": {
            "Pr": -0.16448550177406218,
            "Pr_pval": 0.007750490938537571,
            "Sr": -0.16017297281074624,
            "Sr_pval": 0.009541717412717095,
            "num": 261.0,
            "num_struc": 36.0
        },
        "multi_point_mutations": {
            "Pr": -0.298612243458546,
            "Pr_pval": 0.001455452472198363,
            "Sr": -0.31415565196783324,
            "Sr_pval": 0.0007856518505532026,
            "num": 111.0,
            "num_struc": 16.0
        }
    },
    "Per-Structure": {
        "all_types_of_mutations": {
            "Pr": -0.2104501344677,
            "Pr_pval": 0.014183685862061316,
            "Sr": -0.1680218557977533,
            "Sr_pval": 3.9445780267619036e-05,
            "num": 266.0,
            "num_struc": 8.0
        },
        "single_point_mutations": {
            "Pr": -0.27168009559199324,
            "Pr_pval": 0.01993457736820338,
            "Sr": -0.26417592679378493,
            "Sr_pval": 0.007765812485395015,
            "num": 180.0,
            "num_struc": 7.0
        },
        "multi_point_mutations": {
            "Pr": 0.08285885621946265,
            "Pr_pval": 0.00038887897097339023,
            "Sr": 0.05122036562703522,
            "Sr_pval": 1.317738345307254e-05,
            "num": 79.0,
            "num_struc": 2.0
        }
    }
}