{
    "Caffeine": {
        "pearson": [
            0.28081864197968637,
            9.049269690175084e-25
        ],
        "spearman": [
            0.28395091036260156,
            2.6006430207558346e-25
        ],
        "count": 1288
    },
    "DMSO": {
        "pearson": [
            0.19980139816357703,
            2.1782693617722868e-13
        ],
        "spearman": [
            0.2047191670084991,
            5.400966448916989e-14
        ],
        "count": 1324
    },
    "DTT": {
        "pearson": [
            0.2546763443899883,
            1.8581731655454813e-20
        ],
        "spearman": [
            0.24149011089614378,
            1.7080637127924806e-18
        ],
        "count": 1284
    },
    "HU": {
        "pearson": [
            0.21081171089649264,
            2.966996234418169e-14
        ],
        "spearman": [
            0.16302393521643732,
            4.915307354551439e-09
        ],
        "count": 1273
    },
    "MG132": {
        "pearson": [
            0.21148588565333837,
            4.9185537187439484e-14
        ],
        "spearman": [
            0.20893813529916264,
            9.975137790163521e-14
        ],
        "count": 1243
    }
}