{
    "Caffeine": {
        "pearson": [
            0.26940336664942816,
            7.446242507081691e-23
        ],
        "spearman": [
            0.2826056764911711,
            4.451494786217433e-25
        ],
        "count": 1288
    },
    "DMSO": {
        "pearson": [
            0.1932588171376689,
            1.3181168734210546e-12
        ],
        "spearman": [
            0.2026150026452748,
            9.851484036478866e-14
        ],
        "count": 1324
    },
    "DTT": {
        "pearson": [
            0.24532489939429142,
            4.714173700281965e-19
        ],
        "spearman": [
            0.24466843403530206,
            5.885785518264541e-19
        ],
        "count": 1284
    },
    "HU": {
        "pearson": [
            0.1923115580413088,
            4.533914954265176e-12
        ],
        "spearman": [
            0.15473994984110315,
            2.8728082327302266e-08
        ],
        "count": 1273
    },
    "MG132": {
        "pearson": [
            0.2062211685483611,
            2.099240214206205e-13
        ],
        "spearman": [
            0.20920920366251053,
            9.256230556447773e-14
        ],
        "count": 1243
    }
}