{
    "screenscore": {
        "pearson": [
            0.1790524859041458,
            1.3424318755129097e-15
        ],
        "spearman": [
            0.1924054520934218,
            8.146017966097365e-18
        ],
        "count": 1962
    }
}