{
    "screenscore": {
        "pearson": [
            0.047032621692825585,
            0.6256083151950704
        ],
        "spearman": [
            -0.01925305888666898,
            0.8417624863314241
        ],
        "count": 110
    }
}