{
    "fitness": {
        "pearson": [
            0.391447344189119,
            8.449717389378464e-57
        ],
        "spearman": [
            0.4082356104010515,
            4.407213498502498e-62
        ],
        "count": 1519
    }
}