{
    "fitness": {
        "pearson": [
            0.40271622609998287,
            2.5977332331780923e-60
        ],
        "spearman": [
            0.4083782988919021,
            3.96232906524944e-62
        ],
        "count": 1519
    }
}