{
    "ETP_AVERAGE": {
        "pearson": [
            0.13903225828665067,
            2.750575592861717e-29
        ],
        "spearman": [
            0.1457619778918991,
            4.699122462657707e-32
        ],
        "count": 6469
    },
    "DOX_Average": {
        "pearson": [
            0.010585555273610941,
            0.39462687076440456
        ],
        "spearman": [
            -0.03015005238358991,
            0.015306101897440824
        ],
        "count": 6469
    },
    "SCH_Average": {
        "pearson": [
            0.13999015604411585,
            1.1316317080547572e-29
        ],
        "spearman": [
            0.13521155462779527,
            8.93220102207748e-28
        ],
        "count": 6469
    },
    "VRT_AVERAGE": {
        "pearson": [
            0.14534974309780993,
            7.004885416249263e-32
        ],
        "spearman": [
            0.1567917174038567,
            6.991984184105305e-37
        ],
        "count": 6469
    }
}