{
    "ETP_AVERAGE": {
        "pearson": [
            0.13018458150306345,
            3.9931180445776796e-27
        ],
        "spearman": [
            0.1479285399283485,
            1.282103425026428e-34
        ],
        "count": 6809
    },
    "DOX_Average": {
        "pearson": [
            0.007127760316025168,
            0.5564930302279715
        ],
        "spearman": [
            -0.027121760266815342,
            0.025221187261078862
        ],
        "count": 6809
    },
    "SCH_Average": {
        "pearson": [
            0.13650921512036618,
            1.1032361756909495e-29
        ],
        "spearman": [
            0.1319139831008859,
            8.203015824453753e-28
        ],
        "count": 6809
    },
    "VRT_AVERAGE": {
        "pearson": [
            0.13470250229522407,
            6.112468451685261e-29
        ],
        "spearman": [
            0.1498678663500478,
            1.6956334508864702e-35
        ],
        "count": 6809
    }
}