{
    "screenscore": {
        "pearson": [
            0.26378095060363527,
            1.3224109939061088e-55
        ],
        "spearman": [
            0.2777983758459732,
            1.0261502668741797e-61
        ],
        "count": 3424
    }
}