{
    "screenscore": {
        "pearson": [
            0.25752157213198057,
            1.6145538767013166e-48
        ],
        "spearman": [
            0.27856986729107064,
            8.485272724962217e-57
        ],
        "count": 3125
    }
}