{
    "log2_ratio": {
        "pearson": [
            0.2661843605110218,
            4.78358662959347e-16
        ],
        "spearman": [
            0.2674748107457931,
            3.414239937692553e-16
        ],
        "count": 899
    }
}