{
    "log2_ratio": {
        "pearson": [
            0.25170061117515224,
            1.8596826274549777e-14
        ],
        "spearman": [
            0.2684649239945482,
            2.632575486859356e-16
        ],
        "count": 899
    }
}