{
    "selection_coefficient": {
        "pearson": [
            0.05207522201844146,
            0.0006684903504067203
        ],
        "spearman": [
            0.07866216455344534,
            2.694469463080131e-07
        ],
        "count": 4265
    }
}