{
    "fitness": {
        "pearson": [
            0.2668750423028453,
            7.080006151333899e-26
        ],
        "spearman": [
            0.254074434109138,
            1.5781128555348627e-23
        ],
        "count": 1500
    }
}