{
    "Overall": {
        "all_types_of_mutations": {
            "Pr": -0.2083048620747727,
            "Pr_pval": 3.671613192772197e-57,
            "Sr": -0.2287418793781497,
            "Sr_pval": 7.319091632182917e-69,
            "num": 5726.0
        },
        "single_point_mutations": {
            "Pr": -0.24032437526346637,
            "Pr_pval": 3.472132900379335e-55,
            "Sr": -0.23776951656002274,
            "Sr_pval": 5.047577873903516e-54,
            "num": 4118.0
        },
        "multi_point_mutations": {
            "Pr": -0.27113918241062396,
            "Pr_pval": 1.7106013184075666e-28,
            "Sr": -0.27914203084234307,
            "Sr_pval": 3.623424993643871e-30,
            "num": 1608.0
        }
    },
    "Per-Structure": {
        "all_types_of_mutations": {
            "Pr": -0.24092211301092673,
            "Pr_pval": 3.2468471833828473e-53,
            "Sr": -0.24490123404710953,
            "Sr_pval": 4.238609522578591e-50,
            "num": 5025.0
        },
        "single_point_mutations": {
            "Pr": -0.26401310967473934,
            "Pr_pval": 9.309991798475994e-44,
            "Sr": -0.26308729989763635,
            "Sr_pval": 4.502688164639207e-34,
            "num": 3485.0
        },
        "multi_point_mutations": {
            "Pr": -0.30833743301641825,
            "Pr_pval": 3.6752430278080784e-25,
            "Sr": -0.3102033890835761,
            "Sr_pval": 1.8297321707332122e-25,
            "num": 1304.0
        }
    }
}