{
    "Overall": {
        "all_types_of_mutations": {
            "Pr": -0.20709492035407243,
            "Pr_pval": 1.6605458875643052e-56,
            "Sr": -0.22723185245486066,
            "Sr_pval": 5.889110770486707e-68,
            "num": 5726.0,
            "num_struc": 333.0
        },
        "single_point_mutations": {
            "Pr": -0.23897645632853498,
            "Pr_pval": 1.430988616755341e-54,
            "Sr": -0.2366484460251561,
            "Sr_pval": 1.617417074545632e-53,
            "num": 4118.0,
            "num_struc": 310.0
        },
        "multi_point_mutations": {
            "Pr": -0.2703401415500924,
            "Pr_pval": 2.4959222874055716e-28,
            "Sr": -0.27721737744617664,
            "Sr_pval": 9.264625589314438e-30,
            "num": 1608.0,
            "num_struc": 143.0
        }
    },
    "Per-Structure": {
        "all_types_of_mutations": {
            "Pr": -0.2386254485026699,
            "Pr_pval": 4.0308537603171636e-53,
            "Sr": -0.24364238728655183,
            "Sr_pval": 4.377725075846001e-50,
            "num": 5025.0,
            "num_struc": 116.0
        },
        "single_point_mutations": {
            "Pr": -0.2591635874574892,
            "Pr_pval": 4.487318457155774e-43,
            "Sr": -0.25850710693480855,
            "Sr_pval": 2.0432860669410794e-33,
            "num": 3485.0,
            "num_struc": 93.0
        },
        "multi_point_mutations": {
            "Pr": -0.3051861807650836,
            "Pr_pval": 5.1950776160072945e-25,
            "Sr": -0.3097851071667816,
            "Sr_pval": 2.198073560034847e-25,
            "num": 1304.0,
            "num_struc": 41.0
        }
    }
}