{
    "fitness": {
        "pearson": [
            0.16887649703369037,
            3.4945672012511425e-11
        ],
        "spearman": [
            0.16013565498275228,
            3.460768942029407e-10
        ],
        "count": 1519
    }
}