{
    "fitness": {
        "pearson": [
            0.204826754153479,
            7.503165544841189e-16
        ],
        "spearman": [
            0.20671659383489518,
            4.016454458966093e-16
        ],
        "count": 1519
    }
}