Model,CE Loss,Accuracy
\HcnnBp,0.6938759383786427,0.7560084514481908
\HcnnPy,0.7768413360689581,0.7334084702414496
\HcnnBpNoise,1.0117341433290363,0.6570560788801831
\HcnnPyNoise,1.0606710597079796,0.6427673501235425
\FtHcnnBp,2.6846384157866185,0.7090853068051766
\FtHcnnPy,2.6936203827702867,0.6865923967228749
\FtHcnnBpNoise,2.698797723764689,0.5917334272383132
\FtHcnnPyNoise,2.697525936396004,0.5760544453595735
