{
    "log2_ratio": {
        "pearson": [
            0.22268893284240454,
            1.4518481693661983e-11
        ],
        "spearman": [
            0.1807266517750227,
            4.863318666613476e-08
        ],
        "count": 899
    }
}