{
    "log2_ratio": {
        "pearson": [
            0.20500186307908091,
            5.501331168056446e-10
        ],
        "spearman": [
            0.17443019446221017,
            1.4163111403571596e-07
        ],
        "count": 899
    }
}