{
    "screenscore": {
        "pearson": [
            0.354885431516882,
            1.3398060863965287e-81
        ],
        "spearman": [
            0.39134055041564864,
            2.569253301923753e-100
        ],
        "count": 2722
    }
}