{
    "screenscore": {
        "pearson": [
            0.37451764063893567,
            5.518944686886146e-91
        ],
        "spearman": [
            0.4255436922644516,
            1.2009710662044438e-119
        ],
        "count": 2710
    }
}