{
    "1PGA": {
        "pearson": [
            -0.4416827578926684,
            1.344756135846045e-44
        ],
        "spearman": [
            -0.4928914655910134,
            1.084445047925053e-56
        ],
        "count": 907,
        "pearson - filtered rosetta [-1;7]": [
            -0.43969950339513464,
            5.573408571101464e-41
        ],
        "spearman - filtered rosetta [-1;7]": [
            -0.4906931543588121,
            4.807645953133984e-52
        ],
        "count - filtered rosetta [-1;7]": 839
    },
    "overall": {
        "pearson": [
            -0.4416827578926684,
            1.344756135846045e-44
        ],
        "spearman": [
            -0.4928914655910134,
            1.084445047925053e-56
        ],
        "count": 907,
        "pearson - filtered rosetta [-1;7]": [
            -0.43969950339513464,
            5.573408571101464e-41
        ],
        "spearman - filtered rosetta [-1;7]": [
            -0.4906931543588121,
            4.807645953133984e-52
        ],
        "count - filtered rosetta [-1;7]": 839
    }
}