{
    "fitness": {
        "pearson": [
            0.35989756439741516,
            1.1428154747395087e-47
        ],
        "spearman": [
            0.3553850334896015,
            1.916944761147891e-46
        ],
        "count": 1519
    }
}