{
    "fitness": {
        "pearson": [
            0.3738540083015489,
            1.3909498446277835e-51
        ],
        "spearman": [
            0.36933696214258277,
            2.7012142542524177e-50
        ],
        "count": 1519
    }
}