{
    "CRIPT": {
        "pearson": [
            0.4568358004632201,
            2.556230909648988e-86
        ],
        "spearman": [
            0.4238409184574623,
            2.6063857418448116e-73
        ],
        "count": 1659
    },
    "Tm2F": {
        "pearson": [
            0.3527240594061448,
            8.657857887036812e-50
        ],
        "spearman": [
            0.28359764912984625,
            4.650485177674788e-32
        ],
        "count": 1659
    }
}