{
    "screenscore": {
        "pearson": [
            0.26542441552652163,
            2.653124664098459e-56
        ],
        "spearman": [
            0.2651547877012892,
            3.455789599885143e-56
        ],
        "count": 3424
    }
}