{
    "screenscore": {
        "pearson": [
            0.22505174459651944,
            3.5665304693971325e-37
        ],
        "spearman": [
            0.21770761051586182,
            7.678565742394683e-35
        ],
        "count": 3125
    }
}