{
    "fitness": {
        "pearson": [
            0.3690682830708154,
            3.2176578172295254e-50
        ],
        "spearman": [
            0.36333470711798915,
            1.2936737055375725e-48
        ],
        "count": 1519
    }
}