{
    "fitness": {
        "pearson": [
            0.36986248563734747,
            1.917499482991168e-50
        ],
        "spearman": [
            0.36402387142108333,
            8.331375522361815e-49
        ],
        "count": 1519
    }
}