{
    "score": {
        "pearson": [
            0.421328337846776,
            2.1817656092819033e-151
        ],
        "spearman": [
            0.4599423885462684,
            1.1201322721192814e-183
        ],
        "count": 3517
    }
}