{
    "score": {
        "pearson": [
            0.4033608236360589,
            9.686777074436329e-138
        ],
        "spearman": [
            0.43024862038931616,
            1.7681832392128455e-158
        ],
        "count": 3517
    }
}