{
    "score": {
        "pearson": [
            0.4327658998277091,
            1.570076135187809e-181
        ],
        "spearman": [
            0.4679936777639882,
            5.409493832867234e-216
        ],
        "count": 3983
    }
}