{
    "Overall": {
        "all_types_of_mutations": {
            "Pr": -0.13688256192202947,
            "Pr_pval": 0.008376608528108332,
            "Sr": -0.15221074447073912,
            "Sr_pval": 0.003334988321398728,
            "num": 370.0,
            "num_struc": 38.0
        },
        "single_point_mutations": {
            "Pr": -0.11204489335382709,
            "Pr_pval": 0.07183817389198725,
            "Sr": -0.10610048912108178,
            "Sr_pval": 0.08836619923175057,
            "num": 259.0,
            "num_struc": 35.0
        },
        "multi_point_mutations": {
            "Pr": -0.31102536477619647,
            "Pr_pval": 0.0008919205574323231,
            "Sr": -0.293542478044022,
            "Sr_pval": 0.0017669675421981901,
            "num": 111.0,
            "num_struc": 16.0
        }
    },
    "Per-Structure": {
        "all_types_of_mutations": {
            "Pr": -0.15093439506652,
            "Pr_std": 0.12160358055516608,
            "Pr_pval": 0.295171276657278,
            "Sr": -0.14661092294054512,
            "Sr_std": 0.22368477305824963,
            "Sr_pval": 0.02792249533381761,
            "num": 266.0,
            "num_struc": 8.0
        },
        "single_point_mutations": {
            "Pr": -0.1638991458356103,
            "Pr_std": 0.11112654971400354,
            "Pr_pval": 0.5909854021867472,
            "Sr": -0.20045541944722317,
            "Sr_std": 0.14029144266557933,
            "Sr_pval": 0.3701362263515419,
            "num": 180.0,
            "num_struc": 7.0
        },
        "multi_point_mutations": {
            "Pr": 0.06451268831191304,
            "Pr_std": 0.4923959675198678,
            "Pr_pval": 8.278326850997287e-05,
            "Sr": 0.014900161041904142,
            "Sr_std": 0.46955464264163294,
            "Sr_pval": 0.00010778887599366722,
            "num": 79.0,
            "num_struc": 2.0
        }
    }
}