{
    "Overall": {
        "all_types_of_mutations": {
            "Pr": -0.13653738139219795,
            "Pr_pval": 0.008543790774349044,
            "Sr": -0.1529161603653108,
            "Sr_pval": 0.0031900035796278607,
            "num": 370.0,
            "num_struc": 38.0
        },
        "single_point_mutations": {
            "Pr": -0.1128954097931091,
            "Pr_pval": 0.06969395229428113,
            "Sr": -0.10829706505835521,
            "Sr_pval": 0.08193529904490991,
            "num": 259.0,
            "num_struc": 35.0
        },
        "multi_point_mutations": {
            "Pr": -0.31072210447466675,
            "Pr_pval": 0.0009028845032063285,
            "Sr": -0.2929238195673815,
            "Sr_pval": 0.00180885663069403,
            "num": 111.0,
            "num_struc": 16.0
        }
    },
    "Per-Structure": {
        "all_types_of_mutations": {
            "Pr": -0.15355555689557263,
            "Pr_pval": 0.2806627441217634,
            "Sr": -0.14457731241178923,
            "Sr_pval": 0.02571429056651812,
            "num": 266.0,
            "num_struc": 8.0
        },
        "single_point_mutations": {
            "Pr": -0.16720123366847464,
            "Pr_pval": 0.572249717864791,
            "Sr": -0.19981929705501236,
            "Sr_pval": 0.36744560108889546,
            "num": 180.0,
            "num_struc": 7.0
        },
        "multi_point_mutations": {
            "Pr": 0.06459124619584014,
            "Pr_pval": 8.191557456611199e-05,
            "Sr": 0.0214405628037293,
            "Sr_pval": 8.858148936642729e-05,
            "num": 79.0,
            "num_struc": 2.0
        }
    }
}