{
    "Overall": {
        "all_types_of_mutations": {
            "Pr": -0.055649787596415534,
            "Pr_pval": 0.2856781631608685,
            "Sr": -0.037287656360989976,
            "Sr_pval": 0.47456936997022037,
            "num": 370.0,
            "num_struc": 38.0
        },
        "single_point_mutations": {
            "Pr": -0.15652259449641354,
            "Pr_pval": 0.01165655694584512,
            "Sr": -0.20333592931796007,
            "Sr_pval": 0.0009983145788614901,
            "num": 259.0,
            "num_struc": 35.0
        },
        "multi_point_mutations": {
            "Pr": 0.1343502844450732,
            "Pr_pval": 0.15977544656808437,
            "Sr": 0.1635496079204048,
            "Sr_pval": 0.08631489828556602,
            "num": 111.0,
            "num_struc": 16.0
        }
    },
    "Per-Structure": {
        "all_types_of_mutations": {
            "Pr": -0.2879116388180015,
            "Pr_std": 0.19724700764569053,
            "Pr_pval": 0.012211181945268317,
            "Sr": -0.27460672700107525,
            "Sr_std": 0.23663914392224436,
            "Sr_pval": 0.005591215031743785,
            "num": 266.0,
            "num_struc": 8.0
        },
        "single_point_mutations": {
            "Pr": -0.34909629883807713,
            "Pr_std": 0.14309020478062243,
            "Pr_pval": 0.005185776457499475,
            "Sr": -0.35528124617527207,
            "Sr_std": 0.14867479609367706,
            "Sr_pval": 0.00846457291338649,
            "num": 180.0,
            "num_struc": 7.0
        },
        "multi_point_mutations": {
            "Pr": 0.24594263609307992,
            "Pr_std": 0.10373918747087124,
            "Pr_pval": 0.14296251408755276,
            "Sr": 0.17369403744775352,
            "Sr_std": 0.03376793799198756,
            "Sr_pval": 0.3438714369098475,
            "num": 79.0,
            "num_struc": 2.0
        }
    }
}