{
    "Overall": {
        "all_types_of_mutations": {
            "Pr": -0.13653738139219793,
            "Pr_pval": 0.008543790774349183,
            "Sr": -0.1529161603653108,
            "Sr_pval": 0.0031900035796278607,
            "num": 370.0
        },
        "single_point_mutations": {
            "Pr": -0.1128954097931091,
            "Pr_pval": 0.06969395229426267,
            "Sr": -0.10829706505835521,
            "Sr_pval": 0.08193529904490991,
            "num": 259.0
        },
        "multi_point_mutations": {
            "Pr": -0.31072210447466675,
            "Pr_pval": 0.0009028845032063252,
            "Sr": -0.2929238195673815,
            "Sr_pval": 0.00180885663069403,
            "num": 111.0
        }
    },
    "Per-Structure": {
        "all_types_of_mutations": {
            "Pr": -0.15355555689557263,
            "Pr_pval": 0.28066274412176373,
            "Sr": -0.14457731241178923,
            "Sr_pval": 0.025714290566518083,
            "num": 266.0
        },
        "single_point_mutations": {
            "Pr": -0.16720123366847464,
            "Pr_pval": 0.5722497178647901,
            "Sr": -0.19981929705501236,
            "Sr_pval": 0.36744560108889546,
            "num": 180.0
        },
        "multi_point_mutations": {
            "Pr": 0.06459124619584,
            "Pr_pval": 8.191557456611182e-05,
            "Sr": 0.0214405628037293,
            "Sr_pval": 8.858148936642729e-05,
            "num": 79.0
        }
    }
}