{
    "Overall": {
        "all_types_of_mutations": {
            "Pr": -0.04328015620724558,
            "Pr_pval": 0.4064921230248341,
            "Sr": -0.021841832026968818,
            "Sr_pval": 0.6753883248255552,
            "num": 370.0,
            "num_struc": 38.0
        },
        "single_point_mutations": {
            "Pr": -0.1437733206871482,
            "Pr_pval": 0.02063160363306646,
            "Sr": -0.18996824509592117,
            "Sr_pval": 0.0021372231290020705,
            "num": 259.0,
            "num_struc": 35.0
        },
        "multi_point_mutations": {
            "Pr": 0.17184727777218337,
            "Pr_pval": 0.07131448736302091,
            "Sr": 0.20639499816434181,
            "Sr_pval": 0.029754107676364817,
            "num": 111.0,
            "num_struc": 16.0
        }
    },
    "Per-Structure": {
        "all_types_of_mutations": {
            "Pr": -0.2619667722174325,
            "Pr_pval": 0.02355265847246208,
            "Sr": -0.22749051870707274,
            "Sr_pval": 0.0023540544849323525,
            "num": 266.0,
            "num_struc": 8.0
        },
        "single_point_mutations": {
            "Pr": -0.32335270462017,
            "Pr_pval": 0.013986375536754588,
            "Sr": -0.3305540529028032,
            "Sr_pval": 0.018155420857059436,
            "num": 180.0,
            "num_struc": 7.0
        },
        "multi_point_mutations": {
            "Pr": 0.3182740599974373,
            "Pr_pval": 0.03203500941873105,
            "Sr": 0.34452623528900816,
            "Sr_pval": 0.017054075461168505,
            "num": 79.0,
            "num_struc": 2.0
        }
    }
}