{
    "screenscore": {
        "pearson": [
            0.30437067090847814,
            1.9009945129784476e-59
        ],
        "spearman": [
            0.3540924114407023,
            3.2196834164137893e-81
        ],
        "count": 2722
    }
}