{
    "screenscore": {
        "pearson": [
            0.3469579538144778,
            1.6588759986088346e-77
        ],
        "spearman": [
            0.39415856988835235,
            2.0033810876352378e-101
        ],
        "count": 2710
    }
}