{
    "react_rel": {
        "pearson": [
            0.200556081729187,
            1.736571261779768e-14
        ],
        "spearman": [
            0.3061212572731395,
            1.6475238317494047e-32
        ],
        "count": 1435
    }
}