{
    "react_rel": {
        "pearson": [
            0.35720374226698515,
            1.9656450396469652e-44
        ],
        "spearman": [
            0.4516322978325842,
            4.819990544769079e-73
        ],
        "count": 1435
    }
}