{
    "react_rel": {
        "pearson": [
            0.177460886028274,
            1.284154508369118e-11
        ],
        "spearman": [
            0.2932115742303682,
            7.595072839327116e-30
        ],
        "count": 1435
    }
}