{
    "Caffeine": {
        "pearson": [
            0.24893333426598108,
            1.208368425344578e-19
        ],
        "spearman": [
            0.26253147843052965,
            9.58117882342894e-22
        ],
        "count": 1288
    },
    "DMSO": {
        "pearson": [
            0.1671651559828638,
            9.359140381708362e-10
        ],
        "spearman": [
            0.17188894200085092,
            3.0642153916928965e-10
        ],
        "count": 1324
    },
    "DTT": {
        "pearson": [
            0.22629922372387942,
            2.253270827115931e-16
        ],
        "spearman": [
            0.2392563959811602,
            3.5785836437094635e-18
        ],
        "count": 1284
    },
    "HU": {
        "pearson": [
            0.1694002914128095,
            1.186004896250851e-09
        ],
        "spearman": [
            0.1343218254146187,
            1.5124168103299025e-06
        ],
        "count": 1273
    },
    "MG132": {
        "pearson": [
            0.16661558306054697,
            3.427785822696564e-09
        ],
        "spearman": [
            0.17190919701711935,
            1.0591222866792942e-09
        ],
        "count": 1243
    }
}