{
    "Caffeine": {
        "pearson": [
            0.16677012996166124,
            1.7273252275202686e-09
        ],
        "spearman": [
            0.20339165582116941,
            1.712179027118916e-13
        ],
        "count": 1288
    },
    "DMSO": {
        "pearson": [
            0.12325218246225003,
            6.870013673691112e-06
        ],
        "spearman": [
            0.14209375902560534,
            2.0824889359606893e-07
        ],
        "count": 1324
    },
    "DTT": {
        "pearson": [
            0.18065213765067226,
            6.99736534092304e-11
        ],
        "spearman": [
            0.20011831458563167,
            4.581378536565608e-13
        ],
        "count": 1284
    },
    "HU": {
        "pearson": [
            0.1254975395427659,
            7.088630107101182e-06
        ],
        "spearman": [
            0.11643601275025625,
            3.121371328465751e-05
        ],
        "count": 1273
    },
    "MG132": {
        "pearson": [
            0.13935208530618495,
            8.132283171461889e-07
        ],
        "spearman": [
            0.14764269969942714,
            1.706469242744445e-07
        ],
        "count": 1243
    }
}