{
    "Caffeine": {
        "pearson": [
            0.22888205107883913,
            9.025388298810483e-17
        ],
        "spearman": [
            0.2446974267567736,
            5.143537073243071e-19
        ],
        "count": 1288
    },
    "DMSO": {
        "pearson": [
            0.1494518509418862,
            4.664380580096999e-08
        ],
        "spearman": [
            0.16811405874419094,
            7.497634165035244e-10
        ],
        "count": 1324
    },
    "DTT": {
        "pearson": [
            0.226804738774663,
            1.9260085743989756e-16
        ],
        "spearman": [
            0.23932030808140362,
            3.5040164273985806e-18
        ],
        "count": 1284
    },
    "HU": {
        "pearson": [
            0.15454942678087874,
            2.9886361337790625e-08
        ],
        "spearman": [
            0.12368514432275116,
            9.61542090383916e-06
        ],
        "count": 1273
    },
    "MG132": {
        "pearson": [
            0.1493700677808109,
            1.218956462650475e-07
        ],
        "spearman": [
            0.1662337994340202,
            3.725451504764009e-09
        ],
        "count": 1243
    }
}