{
    "1PGA": {
        "pearson": [
            -0.4820116777986558,
            6.011970566627162e-54
        ],
        "spearman": [
            -0.5486869344127938,
            1.96274484600603e-72
        ],
        "count": 907,
        "pearson - filtered rosetta [-1;7]": [
            -0.4741945805922638,
            2.938999123204108e-48
        ],
        "spearman - filtered rosetta [-1;7]": [
            -0.5396218653970739,
            1.4236156179213853e-64
        ],
        "count - filtered rosetta [-1;7]": 839
    },
    "overall": {
        "pearson": [
            -0.4820116777986558,
            6.011970566627162e-54
        ],
        "spearman": [
            -0.5486869344127938,
            1.96274484600603e-72
        ],
        "count": 907,
        "pearson - filtered rosetta [-1;7]": [
            -0.4741945805922638,
            2.938999123204108e-48
        ],
        "spearman - filtered rosetta [-1;7]": [
            -0.5396218653970739,
            1.4236156179213853e-64
        ],
        "count - filtered rosetta [-1;7]": 839
    }
}