{
    "fitness_min": {
        "pearson": [
            0.5414829793987712,
            2.026311715622728e-110
        ],
        "spearman": [
            0.2932455487856291,
            6.2373745732635585e-30
        ],
        "count": 1439
    },
    "fitness_rich": {
        "pearson": [
            0.5098656029795734,
            4.714611806557505e-96
        ],
        "spearman": [
            0.36049091509624226,
            2.1155975982289506e-45
        ],
        "count": 1439
    }
}