{
    "fitness_min": {
        "pearson": [
            0.6233629553025717,
            1.1089648272623343e-153
        ],
        "spearman": [
            0.260446832660072,
            1.894081320117836e-23
        ],
        "count": 1420
    },
    "fitness_rich": {
        "pearson": [
            0.5949397165147565,
            1.0669055175636547e-136
        ],
        "spearman": [
            0.36456118907274887,
            7.105734176602864e-46
        ],
        "count": 1420
    }
}