{
    "2LZM": {
        "pearson": [
            -0.8137010260238361,
            8.54739833833195e-09
        ],
        "spearman": [
            -0.7664133041646756,
            1.9968575328938665e-07
        ],
        "count": 33
    }
}