{
    "2LZM": {
        "pearson": [
            -0.8483198965599938,
            4.5566350338577757e-10
        ],
        "spearman": [
            -0.8321488843778394,
            1.9458191634902106e-09
        ],
        "count": 33
    }
}