{
    "NONSEL_24h": {
        "pearson": [
            -0.2515104851664286,
            4.2165997776384015e-17
        ],
        "spearman": [
            -0.2863726620509831,
            6.590673304714045e-22
        ],
        "count": 1084
    },
    "SEL_A_24h": {
        "pearson": [
            0.3434885339247744,
            2.2311871317528382e-31
        ],
        "spearman": [
            0.29871795173536664,
            8.809684070776633e-24
        ],
        "count": 1084
    },
    "SEL_A_40h": {
        "pearson": [
            0.3256025578321499,
            3.4502150450375172e-28
        ],
        "spearman": [
            0.2947777525231223,
            3.573597511218624e-23
        ],
        "count": 1084
    },
    "SEL_B_40h": {
        "pearson": [
            0.2882506880228074,
            3.4656610896671004e-22
        ],
        "spearman": [
            0.2693450863054647,
            1.7964624116003162e-19
        ],
        "count": 1084
    },
    "SEL_C_40h": {
        "pearson": [
            0.28066517980916955,
            4.5117868776946726e-21
        ],
        "spearman": [
            0.2633813164822264,
            1.1678239913231183e-18
        ],
        "count": 1084
    },
    "SEL_C_64h": {
        "pearson": [
            0.2640444770483588,
            9.50585482177065e-19
        ],
        "spearman": [
            0.24941733248200337,
            7.786344291043982e-17
        ],
        "count": 1084
    }
}