{
    "Overall": {
        "all_types_of_mutations": {
            "Pr": -0.08380586826896011,
            "Pr_pval": 0.10657314379185841,
            "Sr": -0.19736874168667876,
            "Sr_pval": 0.00012728374985012414,
            "num": 372.0,
            "num_struc": 39.0
        },
        "single_point_mutations": {
            "Pr": -0.24226619988159181,
            "Pr_pval": 7.678805897733288e-05,
            "Sr": -0.2802000198642538,
            "Sr_pval": 4.276544055427722e-06,
            "num": 261.0,
            "num_struc": 36.0
        },
        "multi_point_mutations": {
            "Pr": -0.0939659396795535,
            "Pr_pval": 0.326613265241968,
            "Sr": -0.09050841883788358,
            "Sr_pval": 0.344806075711533,
            "num": 111.0,
            "num_struc": 16.0
        }
    },
    "Per-Structure": {
        "all_types_of_mutations": {
            "Pr": -0.3126224793537101,
            "Pr_pval": 2.168308734318764e-06,
            "Sr": -0.2736107533120492,
            "Sr_pval": 1.9814876473168787e-07,
            "num": 266.0,
            "num_struc": 8.0
        },
        "single_point_mutations": {
            "Pr": -0.3750242882865716,
            "Pr_pval": 3.645413310317642e-06,
            "Sr": -0.3533394650043847,
            "Sr_pval": 3.0244549007235155e-06,
            "num": 180.0,
            "num_struc": 7.0
        },
        "multi_point_mutations": {
            "Pr": 0.025298389362313656,
            "Pr_pval": 0.0030100394030815663,
            "Sr": 0.010622092205408912,
            "Sr_pval": 0.013096399103505433,
            "num": 79.0,
            "num_struc": 2.0
        }
    }
}