{
    "1A7V": {
        "pearson": [
            -0.5597285171699451,
            0.0466839750440714
        ],
        "spearman": [
            -0.3829215631988165,
            0.19655226250560437
        ],
        "count": 13
    },
    "1BA3": {
        "pearson": [
            -0.8423174130884221,
            0.15768258691157788
        ],
        "spearman": [
            -0.19999999999999998,
            0.8
        ],
        "count": 4
    },
    "1BFM": {
        "pearson": [
            1.0,
            1.0
        ],
        "spearman": [
            0.9999999999999999,
            NaN
        ],
        "count": 2
    },
    "1D5G": {
        "pearson": [
            1.0,
            1.0
        ],
        "spearman": [
            0.9999999999999999,
            NaN
        ],
        "count": 2
    },
    "1DIV": {
        "pearson": [
            -0.7514104012765699,
            3.2330644019163097e-10
        ],
        "spearman": [
            -0.7269191077039003,
            2.2680103649567494e-09
        ],
        "count": 50
    },
    "1EKG": {
        "pearson": [
            -0.2758137705652048,
            0.7241862294347952
        ],
        "spearman": [
            -0.39999999999999997,
            0.6
        ],
        "count": 4
    },
    "1FT8": {
        "pearson": [
            -0.8780196651012846,
            7.912994079944485e-05
        ],
        "spearman": [
            -0.901098901098901,
            2.613862202954826e-05
        ],
        "count": 13
    },
    "1FXA": {
        "pearson": [
            -0.7728770030634387,
            0.005285030861464015
        ],
        "spearman": [
            -0.7818181818181819,
            0.0044731622527830394
        ],
        "count": 11
    },
    "1G3P": {
        "pearson": [
            -0.29267944363957316,
            0.13847114011919665
        ],
        "spearman": [
            -0.07941357621003595,
            0.6937714706450111
        ],
        "count": 27
    },
    "1GUA": {
        "pearson": [
            -0.7742776488657905,
            6.760119816897618e-11
        ],
        "spearman": [
            -0.8340816326530611,
            9.918215995308312e-14
        ],
        "count": 49
    },
    "1H0X": {
        "pearson": [
            -1.0,
            1.0
        ],
        "spearman": [
            -0.9999999999999999,
            NaN
        ],
        "count": 2
    },
    "1HCQ": {
        "pearson": [
            1.0,
            1.0
        ],
        "spearman": [
            0.9999999999999999,
            NaN
        ],
        "count": 2
    },
    "1ITM": {
        "pearson": [
            0.9588914537047413,
            0.183172507136584
        ],
        "spearman": [
            0.5,
            0.6666666666666667
        ],
        "count": 3
    },
    "1IV7": {
        "pearson": [
            -0.9998361224280081,
            0.011525527527258586
        ],
        "spearman": [
            -1.0,
            0.0
        ],
        "count": 3
    },
    "1J8I": {
        "pearson": [
            -0.3055598467972531,
            0.5559248054078376
        ],
        "spearman": [
            -0.35309393180189985,
            0.4923701525912946
        ],
        "count": 6
    },
    "1JLV": {
        "pearson": [
            -0.5379108191476653,
            0.6384274201580977
        ],
        "spearman": [
            -0.5,
            0.6666666666666667
        ],
        "count": 3
    },
    "1L6H": {
        "pearson": [
            -0.9970258617759121,
            0.04911152178347413
        ],
        "spearman": [
            -1.0,
            0.0
        ],
        "count": 3
    },
    "1LVM": {
        "pearson": [
            0.010816520278906068,
            0.9862282471969649
        ],
        "spearman": [
            -0.05129891760425771,
            0.934712848108234
        ],
        "count": 5
    },
    "1N18": {
        "pearson": [
            -0.5063833422292651,
            0.49361665777073505
        ],
        "spearman": [
            -0.6000000000000001,
            0.3999999999999999
        ],
        "count": 4
    },
    "1N88": {
        "pearson": [
            -0.46919755059161294,
            0.057429141060924886
        ],
        "spearman": [
            -0.5389818839174304,
            0.02557993824294005
        ],
        "count": 17
    },
    "1NM1": {
        "pearson": [
            -1.0,
            1.0
        ],
        "spearman": [
            -0.9999999999999999,
            NaN
        ],
        "count": 2
    },
    "1O1U": {
        "pearson": [
            -0.5023424455411966,
            0.30986887048104833
        ],
        "spearman": [
            -0.27322953332351235,
            0.6003545904291114
        ],
        "count": 6
    },
    "1O6X": {
        "pearson": [
            -0.5487398291447979,
            0.012227345994809607
        ],
        "spearman": [
            -0.5447706583560045,
            0.013000586757620001
        ],
        "count": 20
    },
    "1OSI": {
        "pearson": [
            -0.8194073682525518,
            0.18059263174744822
        ],
        "spearman": [
            -0.39999999999999997,
            0.6
        ],
        "count": 4
    },
    "1PFL": {
        "pearson": [
            -0.5596036170347933,
            0.32665697324905923
        ],
        "spearman": [
            -0.49999999999999994,
            0.39100221895577053
        ],
        "count": 5
    },
    "1PRG": {
        "pearson": [
            -0.2730356731523448,
            0.5535626383465841
        ],
        "spearman": [
            0.3214285714285715,
            0.4820720382996776
        ],
        "count": 7
    },
    "1R6R": {
        "pearson": [
            -0.7526879445332346,
            0.24731205546676538
        ],
        "spearman": [
            -0.6000000000000001,
            0.3999999999999999
        ],
        "count": 4
    },
    "1SPD": {
        "pearson": [
            -1.0,
            1.0
        ],
        "spearman": [
            -0.9999999999999999,
            NaN
        ],
        "count": 2
    },
    "1X0J": {
        "pearson": [
            -0.023741118430076688,
            0.9597071831476942
        ],
        "spearman": [
            -0.28571428571428575,
            0.5345092286010406
        ],
        "count": 7
    },
    "1XWS": {
        "pearson": [
            0.5929337942820543,
            0.4070662057179457
        ],
        "spearman": [
            0.39999999999999997,
            0.6
        ],
        "count": 4
    },
    "1XXN": {
        "pearson": [
            -0.533090266649952,
            0.35492947688410853
        ],
        "spearman": [
            -0.15389675281277312,
            0.8048288166080632
        ],
        "count": 5
    },
    "1XZO": {
        "pearson": [
            -0.6928049184279126,
            0.3071950815720874
        ],
        "spearman": [
            -0.19999999999999998,
            0.8
        ],
        "count": 4
    },
    "2BJD": {
        "pearson": [
            -0.9852422363925977,
            0.10950676458450626
        ],
        "spearman": [
            -1.0,
            0.0
        ],
        "count": 3
    },
    "2C9Q": {
        "pearson": [
            -1.0,
            1.0
        ],
        "spearman": [
            -0.9999999999999999,
            NaN
        ],
        "count": 2
    },
    "2CLR": {
        "pearson": [
            -0.7119565247703544,
            0.28804347522964546
        ],
        "spearman": [
            -0.7999999999999999,
            0.20000000000000007
        ],
        "count": 4
    },
    "2DVV": {
        "pearson": [
            -1.0,
            1.0
        ],
        "spearman": [
            -0.9999999999999999,
            NaN
        ],
        "count": 2
    },