{
    "acetamide_normalized_fitness": {
        "pearson": [
            0.23676586067391972,
            3.953884881642699e-85
        ],
        "spearman": [
            0.3561925215079331,
            1.5811420659836716e-197
        ],
        "count": 6629
    },
    "isobutyramide_normalized_fitness": {
        "pearson": [
            0.3795793983461011,
            3.897847296394984e-224
        ],
        "spearman": [
            0.42901451900199183,
            2.21763870412919e-292
        ],
        "count": 6568
    },
    "propionamide_normalized_fitness": {
        "pearson": [
            0.32151592555804703,
            2.6067649157971277e-159
        ],
        "spearman": [
            0.37450238631087135,
            7.772109505712544e-220
        ],
        "count": 6631
    }
}