{
    "acetamide_normalized_fitness": {
        "pearson": [
            0.25886147119185254,
            1.1288042912999647e-101
        ],
        "spearman": [
            0.38163128123325524,
            3.5263687703651993e-228
        ],
        "count": 6610
    },
    "isobutyramide_normalized_fitness": {
        "pearson": [
            0.3946613739324698,
            5.301097573179926e-243
        ],
        "spearman": [
            0.4395121977106038,
            1.7643553963423295e-307
        ],
        "count": 6548
    },
    "propionamide_normalized_fitness": {
        "pearson": [
            0.35011192287336473,
            6.013759308773877e-190
        ],
        "spearman": [
            0.40160912808635774,
            9.18669970461915e-255
        ],
        "count": 6611
    }
}