{
    "acetamide_normalized_fitness": {
        "pearson": [
            0.2586791930539585,
            1.5776187455301936e-101
        ],
        "spearman": [
            0.3815302680899529,
            4.7523625712282446e-228
        ],
        "count": 6610
    },
    "isobutyramide_normalized_fitness": {
        "pearson": [
            0.3950922828173792,
            1.4151296962113728e-243
        ],
        "spearman": [
            0.4397769266896728,
            6.857615865571387e-308
        ],
        "count": 6548
    },
    "propionamide_normalized_fitness": {
        "pearson": [
            0.3500293324756044,
            7.478674330360422e-190
        ],
        "spearman": [
            0.40162835342008185,
            8.643998435262198e-255
        ],
        "count": 6611
    }
}