{
    "acetamide_normalized_fitness": {
        "pearson": [
            0.236828359363136,
            3.562753224692713e-85
        ],
        "spearman": [
            0.3562960714659142,
            1.1946567007881545e-197
        ],
        "count": 6629
    },
    "isobutyramide_normalized_fitness": {
        "pearson": [
            0.37958062606422494,
            3.883925022015415e-224
        ],
        "spearman": [
            0.42886426778263753,
            3.726152976040803e-292
        ],
        "count": 6568
    },
    "propionamide_normalized_fitness": {
        "pearson": [
            0.32180549383738544,
            1.3080171177755218e-159
        ],
        "spearman": [
            0.37470735269959693,
            4.297044495573172e-220
        ],
        "count": 6631
    }
}