{
    "fitness": {
        "pearson": [
            0.42716666585658447,
            2.0559559109133394e-68
        ],
        "spearman": [
            0.4099524122473209,
            1.2207776033751514e-62
        ],
        "count": 1519
    }
}