{
    "fitness": {
        "pearson": [
            0.44125462059884846,
            2.1484213502516774e-73
        ],
        "spearman": [
            0.4204943014970528,
            3.898754153731513e-66
        ],
        "count": 1519
    }
}