{
    "screenscore": {
        "pearson": [
            0.4025724062848548,
            1.794126392576827e-30
        ],
        "spearman": [
            0.4100849178834204,
            1.156014818092089e-31
        ],
        "count": 747
    }
}