{
    "screenscore": {
        "pearson": [
            0.5195927485146119,
            2.359866708255776e-99
        ],
        "spearman": [
            0.5297667018022282,
            6.489339899133706e-104
        ],
        "count": 1425
    }
}