{
    "screenscore": {
        "pearson": [
            0.49898901078497937,
            5.234277294412081e-114
        ],
        "spearman": [
            0.49282504505372593,
            7.787180064445982e-111
        ],
        "count": 1801
    }
}