{
    "1PGA": {
        "pearson": [
            -0.45398933288988985,
            2.5532142486088355e-47
        ],
        "spearman": [
            -0.5101100197465241,
            3.0581917486625084e-61
        ],
        "count": 907,
        "pearson - filtered rosetta [-1;7]": [
            -0.4422424622157548,
            1.7283150137676671e-41
        ],
        "spearman - filtered rosetta [-1;7]": [
            -0.500937230723134,
            1.6779968215200064e-54
        ],
        "count - filtered rosetta [-1;7]": 839
    },
    "overall": {
        "pearson": [
            -0.45398933288988985,
            2.5532142486088355e-47
        ],
        "spearman": [
            -0.5101100197465241,
            3.0581917486625084e-61
        ],
        "count": 907,
        "pearson - filtered rosetta [-1;7]": [
            -0.4422424622157548,
            1.7283150137676671e-41
        ],
        "spearman - filtered rosetta [-1;7]": [
            -0.500937230723134,
            1.6779968215200064e-54
        ],
        "count - filtered rosetta [-1;7]": 839
    }
}