{
    "SelectionOne": {
        "pearson": [
            0.34331123033133015,
            6.129165693486919e-222
        ],
        "spearman": [
            0.3569154458969389,
            5.6993866004152795e-241
        ],
        "count": 8067
    }
}