{
    "SelectionOne": {
        "pearson": [
            0.356207941327109,
            7.90212857845016e-236
        ],
        "spearman": [
            0.35768521729465086,
            6.547371407504944e-238
        ],
        "count": 7927
    }
}