{
    "ETP_AVERAGE": {
        "pearson": [
            0.15191165154396413,
            1.952618141106267e-36
        ],
        "spearman": [
            0.1661569181757289,
            2.4024384395544735e-43
        ],
        "count": 6809
    },
    "DOX_Average": {
        "pearson": [
            0.015109147514862996,
            0.21254467311600242
        ],
        "spearman": [
            0.00199667216945642,
            0.8691575706144228
        ],
        "count": 6809
    },
    "SCH_Average": {
        "pearson": [
            0.1635597178085803,
            4.88159641247583e-42
        ],
        "spearman": [
            0.15938102323698322,
            5.59458815227549e-40
        ],
        "count": 6809
    },
    "VRT_AVERAGE": {
        "pearson": [
            0.16009420286208642,
            2.5133476547955885e-40
        ],
        "spearman": [
            0.17372333042872137,
            2.799982348396521e-47
        ],
        "count": 6809
    }
}