{
    "ETP_AVERAGE": {
        "pearson": [
            0.16016132341190265,
            1.5459567981108273e-38
        ],
        "spearman": [
            0.17345597965363124,
            5.358633452434492e-45
        ],
        "count": 6488
    },
    "DOX_Average": {
        "pearson": [
            0.02291787484618821,
            0.06490984677064035
        ],
        "spearman": [
            0.008623965181073924,
            0.48735411199617285
        ],
        "count": 6488
    },
    "SCH_Average": {
        "pearson": [
            0.16928421238469502,
            6.520163501115838e-43
        ],
        "spearman": [
            0.1699003554876967,
            3.2332626667989406e-43
        ],
        "count": 6488
    },
    "VRT_AVERAGE": {
        "pearson": [
            0.1650520923331631,
            7.50375184728983e-41
        ],
        "spearman": [
            0.1813584332167322,
            4.289695551379252e-49
        ],
        "count": 6488
    }
}