{
    "2LZM": {
        "pearson": [
            -0.8360954737864572,
            1.3852725835481412e-09
        ],
        "spearman": [
            -0.8284690300147616,
            2.6504393177700626e-09
        ],
        "count": 33
    }
}