{
    "2LZM": {
        "pearson": [
            -0.78698708128849,
            5.587282674466976e-08
        ],
        "spearman": [
            -0.7488503628863492,
            5.372709808492021e-07
        ],
        "count": 33
    }
}