{
    "screenscore": {
        "pearson": [
            0.2629043699759993,
            1.4501830682158378e-50
        ],
        "spearman": [
            0.26462190877658476,
            3.1494885829097915e-51
        ],
        "count": 3125
    }
}