{
    "screenscore": {
        "pearson": [
            0.2788086023842943,
            3.6035847382301232e-62
        ],
        "spearman": [
            0.2829380078084139,
            4.775897494070769e-64
        ],
        "count": 3424
    }
}