{
    "screenscore": {
        "pearson": [
            0.4084289673342041,
            6.048112465906115e-110
        ],
        "spearman": [
            0.4348688293196354,
            5.4096117846016875e-126
        ],
        "count": 2722
    }
}