{
    "screenscore": {
        "pearson": [
            0.40976047254395837,
            3.0713972623848925e-110
        ],
        "spearman": [
            0.44570421770530166,
            2.0396171794798862e-132
        ],
        "count": 2710
    }
}