{
    "log2_ratio": {
        "pearson": [
            0.22413579919389495,
            1.0633635042858665e-11
        ],
        "spearman": [
            0.18710449131328083,
            1.584092228473728e-08
        ],
        "count": 899
    }
}