{
    "log2_ratio": {
        "pearson": [
            0.20317395980627556,
            7.867123059801061e-10
        ],
        "spearman": [
            0.1754306466806516,
            1.1981211659896507e-07
        ],
        "count": 899
    }
}