{
    "score": {
        "pearson": [
            0.5359976502495651,
            1.231947543571619e-280
        ],
        "spearman": [
            0.5105370952814694,
            1.8664350093377415e-250
        ],
        "count": 3786
    }
}