{
    "score": {
        "pearson": [
            0.525769155385418,
            2.763877133177374e-249
        ],
        "spearman": [
            0.5161711829965466,
            8.444225929521951e-239
        ],
        "count": 3517
    }
}