{
    "score": {
        "pearson": [
            0.5333856370072891,
            7.547106898581563e-258
        ],
        "spearman": [
            0.5222462848161616,
            2.1337943071818887e-245
        ],
        "count": 3517
    }
}