{
    "screenscore": {
        "pearson": [
            0.2699980433266454,
            2.4571864417971333e-53
        ],
        "spearman": [
            0.28252074611301725,
            1.9536060969491697e-58
        ],
        "count": 3125
    }
}