{
    "screenscore": {
        "pearson": [
            0.2701255893712148,
            2.5166021496621567e-58
        ],
        "spearman": [
            0.2773928193759814,
            1.5599929204418752e-61
        ],
        "count": 3424
    }
}