{
    "1A7V": {
        "pearson": [
            -0.3121728433890796,
            0.29908937644027417
        ],
        "spearman": [
            -0.23967033092300027,
            0.4303044504432385
        ],
        "count": 13
    },
    "1BA3": {
        "pearson": [
            -0.9116797930523095,
            0.0883202069476905
        ],
        "spearman": [
            -0.39999999999999997,
            0.6
        ],
        "count": 4
    },
    "1BFM": {
        "pearson": [
            1.0,
            1.0
        ],
        "spearman": [
            0.9999999999999999,
            NaN
        ],
        "count": 2
    },
    "1D5G": {
        "pearson": [
            1.0,
            1.0
        ],
        "spearman": [
            0.9999999999999999,
            NaN
        ],
        "count": 2
    },
    "1DIV": {
        "pearson": [
            -0.738174501112518,
            9.515703543728169e-10
        ],
        "spearman": [
            -0.7205320930164048,
            3.6438595938714848e-09
        ],
        "count": 50
    },
    "1EKG": {
        "pearson": [
            -0.5592920365719527,
            0.4407079634280473
        ],
        "spearman": [
            -0.39999999999999997,
            0.6
        ],
        "count": 4
    },
    "1FT8": {
        "pearson": [
            -0.699533303194237,
            0.007780778683409983
        ],
        "spearman": [
            -0.7142857142857143,
            0.006088305245824148
        ],
        "count": 13
    },
    "1FXA": {
        "pearson": [
            -0.7029008832979716,
            0.01584004263098904
        ],
        "spearman": [
            -0.7727272727272727,
            0.005299487178643863
        ],
        "count": 11
    },
    "1G3P": {
        "pearson": [
            -0.4580744534729028,
            0.016269587035531236
        ],
        "spearman": [
            -0.29199761098767063,
            0.1394351189070133
        ],
        "count": 27
    },
    "1GUA": {
        "pearson": [
            -0.7054987685721024,
            1.5086858326736993e-08
        ],
        "spearman": [
            -0.7865306122448978,
            2.1095478919326643e-11
        ],
        "count": 49
    },
    "1H0X": {
        "pearson": [
            1.0,
            1.0
        ],
        "spearman": [
            0.9999999999999999,
            NaN
        ],
        "count": 2
    },
    "1HCQ": {
        "pearson": [
            1.0,
            1.0
        ],
        "spearman": [
            0.9999999999999999,
            NaN
        ],
        "count": 2
    },
    "1ITM": {
        "pearson": [
            0.993344221109558,
            0.07349126770705745
        ],
        "spearman": [
            1.0,
            0.0
        ],
        "count": 3
    },
    "1IV7": {
        "pearson": [
            -0.9935283325964429,
            0.0724665709588662
        ],
        "spearman": [
            -1.0,
            0.0
        ],
        "count": 3
    },
    "1J8I": {
        "pearson": [
            -0.08547924993667806,
            0.8720934108054729
        ],
        "spearman": [
            -0.17654696590094993,
            0.7379309324353431
        ],
        "count": 6
    },
    "1JLV": {
        "pearson": [
            0.9886919812141179,
            0.09582933698190577
        ],
        "spearman": [
            0.5,
            0.6666666666666667
        ],
        "count": 3
    },
    "1L6H": {
        "pearson": [
            -0.8738050529014717,
            0.32329035597606476
        ],
        "spearman": [
            -0.5,
            0.6666666666666667
        ],
        "count": 3
    },
    "1LVM": {
        "pearson": [
            0.27461027820434336,
            0.6548009309847282
        ],
        "spearman": [
            0.05129891760425771,
            0.934712848108234
        ],
        "count": 5
    },
    "1N18": {
        "pearson": [
            -0.586919866872195,
            0.4130801331278051
        ],
        "spearman": [
            -0.6000000000000001,
            0.3999999999999999
        ],
        "count": 4
    },
    "1N88": {
        "pearson": [
            -0.21440359970522505,
            0.4086062554277325
        ],
        "spearman": [
            -0.2713325657078636,
            0.2921367511520958
        ],
        "count": 17
    },
    "1NM1": {
        "pearson": [
            -1.0,
            1.0
        ],
        "spearman": [
            -0.9999999999999999,
            NaN
        ],
        "count": 2
    },
    "1O1U": {
        "pearson": [
            -0.5339551952567617,
            0.2751846962107477
        ],
        "spearman": [
            -0.27322953332351235,
            0.6003545904291114
        ],
        "count": 6
    },
    "1O6X": {
        "pearson": [
            -0.13754214587164582,
            0.563088298320523
        ],
        "spearman": [
            -0.24379239407091913,
            0.30029308667293375
        ],
        "count": 20
    },
    "1OSI": {
        "pearson": [
            -0.3768659895313679,
            0.623134010468632
        ],
        "spearman": [
            -0.39999999999999997,
            0.6
        ],
        "count": 4
    },
    "1PFL": {
        "pearson": [
            -0.345300756788098,
            0.5692495272458842
        ],
        "spearman": [
            -0.3,
            0.6238376647810728
        ],
        "count": 5
    },
    "1PRG": {
        "pearson": [
            -0.06303095085576871,
            0.8932077671648208
        ],
        "spearman": [
            0.21428571428571433,
            0.6445115810207203
        ],
        "count": 7
    },
    "1R6R": {
        "pearson": [
            0.1816577605306519,
            0.818342239469348
        ],
        "spearman": [
            0.0,
            1.0
        ],
        "count": 4
    },
    "1SPD": {
        "pearson": [
            -1.0,
            1.0
        ],
        "spearman": [
            -0.9999999999999999,
            NaN
        ],
        "count": 2
    },
    "1X0J": {
        "pearson": [
            -0.8641972724618531,
            0.01211644283404124
        ],
        "spearman": [
            -0.8214285714285715,
            0.023448808345691505
        ],
        "count": 7
    },
    "1XWS": {
        "pearson": [
            0.3753818525336955,
            0.6246181474663044
        ],
        "spearman": [
            0.19999999999999998,
            0.8
        ],
        "count": 4
    },
    "1XXN": {
        "pearson": [
            -0.06928719124721162,
            0.9118514449415275
        ],
        "spearman": [
            0.35909242322980395,
            0.5528147466433505
        ],
        "count": 5
    },
    "1XZO": {
        "pearson": [
            0.17791138517925822,
            0.8220886148207418
        ],
        "spearman": [
            0.6000000000000001,
            0.3999999999999999
        ],
        "count": 4
    },
    "2BJD": {
        "pearson": [
            -0.8742396586811357,
            0.3227209242629633
        ],
        "spearman": [
            -1.0,
            0.0
        ],
        "count": 3
    },
    "2C9Q": {
        "pearson": [
            -1.0,
            1.0
        ],
        "spearman": [
            -0.9999999999999999,
            NaN
        ],
        "count": 2
    },
    "2CLR": {
        "pearson": [
            -0.8927695671780029,
            0.10723043282199707
        ],
        "spearman": [
            -1.0,
            0.0
        ],
        "count": 4
    },
    "2DVV": {
        "pearson": [
            -1.0,
            1.0
        ],
        "spearman": [
            -0.9999999999999999,
            NaN
        ],
        "count": 2
    },
    "2HBB": {
        "pearson": [
            -0.7218184104287683,
            1.5064825996123054e-08
        ],