{
    "screenscore": {
        "pearson": [
            0.27899096863628425,
            5.693443065711182e-57
        ],
        "spearman": [
            0.2981319195200619,
            3.5817870786283674e-65
        ],
        "count": 3125
    }
}