{
    "screenscore": {
        "pearson": [
            0.2887261506360166,
            9.835398436502193e-67
        ],
        "spearman": [
            0.306481651415661,
            2.239147815907932e-75
        ],
        "count": 3424
    }
}