{
    "Caffeine": {
        "pearson": [
            0.27230964244995737,
            2.4712607830465288e-23
        ],
        "spearman": [
            0.27904134952538195,
            1.8230925750722443e-24
        ],
        "count": 1288
    },
    "DMSO": {
        "pearson": [
            0.23821403719818823,
            1.5436432421138372e-18
        ],
        "spearman": [
            0.22204162370640257,
            2.9833034407149666e-16
        ],
        "count": 1324
    },
    "DTT": {
        "pearson": [
            0.24319941906763745,
            9.649194091009926e-19
        ],
        "spearman": [
            0.24826535302757988,
            1.7302579296127124e-19
        ],
        "count": 1284
    },
    "HU": {
        "pearson": [
            0.20622635481081253,
            1.0797364663092683e-13
        ],
        "spearman": [
            0.15364434040077918,
            3.603597141397533e-08
        ],
        "count": 1273
    },
    "MG132": {
        "pearson": [
            0.2547029156126628,
            7.397311148523884e-20
        ],
        "spearman": [
            0.21637266985627035,
            1.2352925924503448e-14
        ],
        "count": 1243
    }
}