{
    "Caffeine": {
        "pearson": [
            0.27845681806780953,
            2.2928186299556392e-24
        ],
        "spearman": [
            0.27584284125559405,
            6.348445271685988e-24
        ],
        "count": 1288
    },
    "DMSO": {
        "pearson": [
            0.2484222731228748,
            4.5175784161822937e-20
        ],
        "spearman": [
            0.2231475754227135,
            2.108105411545805e-16
        ],
        "count": 1324
    },
    "DTT": {
        "pearson": [
            0.2514941467111943,
            5.669043593032526e-20
        ],
        "spearman": [
            0.24383886131140026,
            7.784235313667841e-19
        ],
        "count": 1284
    },
    "HU": {
        "pearson": [
            0.21997212529437749,
            2.05255645405135e-15
        ],
        "spearman": [
            0.15668366934792535,
            1.914145518834683e-08
        ],
        "count": 1273
    },
    "MG132": {
        "pearson": [
            0.2620543080429858,
            5.754755555109447e-21
        ],
        "spearman": [
            0.21132147783315255,
            5.1495891119594364e-14
        ],
        "count": 1243
    }
}