{
    "screenscore": {
        "pearson": [
            0.10657032669891832,
            0.2678143827065211
        ],
        "spearman": [
            0.022689655483446158,
            0.8139891373297482
        ],
        "count": 110
    }
}