{
    "screenscore": {
        "pearson": [
            0.18168157103106722,
            5.064367809477169e-16
        ],
        "spearman": [
            0.1916887296844098,
            1.0818728038949227e-17
        ],
        "count": 1962
    }
}