{
    "selection_coefficient": {
        "pearson": [
            0.03600616251659837,
            0.018696558887608673
        ],
        "spearman": [
            0.05408992574503209,
            0.0004093199730903115
        ],
        "count": 4265
    }
}