{
    "overall": {
        "pearson": [
            -0.43961421763272635,
            4.569130328090429e-18
        ],
        "spearman": [
            -0.46759283704000487,
            1.599862459549121e-20
        ],
        "count": 352
    }
}