{
    "1AMQ": {
        "pearson": [
            -0.37046747906543936,
            0.6295325209345606
        ],
        "spearman": [
            -0.39999999999999997,
            0.6
        ],
        "count": 4
    },
    "1BNI": {
        "pearson": [
            -0.36599461454665516,
            0.21873992301427284
        ],
        "spearman": [
            -0.45179234794680506,
            0.1211773298774049
        ],
        "count": 13
    },
    "1CEY": {
        "pearson": [
            0.21774086802246387,
            0.8602624681328017
        ],
        "spearman": [
            0.5,
            0.6666666666666667
        ],
        "count": 3
    },
    "1EY0": {
        "pearson": [
            -0.05597651116731991,
            0.7772402955197172
        ],
        "spearman": [
            0.07229907212774747,
            0.7146579465185331
        ],
        "count": 28
    },
    "1IHB": {
        "pearson": [
            -0.9958700800902972,
            0.05787826656740691
        ],
        "spearman": [
            -1.0,
            0.0
        ],
        "count": 3
    },
    "1L63": {
        "pearson": [
            -0.5768457193335317,
            8.115602491126368e-12
        ],
        "spearman": [
            -0.6194280327231472,
            7.574742831086889e-14
        ],
        "count": 118
    },
    "1LZ1": {
        "pearson": [
            -0.6433203436731009,
            1.7108791972858104e-08
        ],
        "spearman": [
            -0.6664922679609391,
            3.358632317143708e-09
        ],
        "count": 62
    },
    "1OH0": {
        "pearson": [
            -1.0,
            1.0
        ],
        "spearman": [
            -0.9999999999999999,
            NaN
        ],
        "count": 2
    },
    "1VQB": {
        "pearson": [
            0.12620154470062822,
            0.8397427607590204
        ],
        "spearman": [
            0.49999999999999994,
            0.39100221895577053
        ],
        "count": 5
    },
    "2LZM": {
        "pearson": [
            -0.7336330162886417,
            2.444546256322015e-12
        ],
        "spearman": [
            -0.7346138771745373,
            2.209223207109785e-12
        ],
        "count": 66
    },
    "2RN2": {
        "pearson": [
            -0.10654391461548016,
            0.6739177889610471
        ],
        "spearman": [
            -0.1801250922298838,
            0.47446949485322854
        ],
        "count": 18
    },
    "3ZCF": {
        "pearson": [
            1.0,
            1.0
        ],
        "spearman": [
            0.9999999999999999,
            NaN
        ],
        "count": 2
    },
    "4BVM": {
        "pearson": [
            -0.5625908330403282,
            0.32350867736608047
        ],
        "spearman": [
            -0.6,
            0.28475697986529375
        ],
        "count": 5
    },
    "4LYZ": {
        "pearson": [
            -0.31118550278754287,
            0.2788212766295211
        ],
        "spearman": [
            -0.42652584672478866,
            0.1282920611868035
        ],
        "count": 14
    },
    "5PTI": {
        "pearson": [
            -0.9693584845376912,
            0.00640903999388254
        ],
        "spearman": [
            -0.8999999999999998,
            0.03738607346849874
        ],
        "count": 5
    },
    "overall": {
        "pearson": [
            -0.5606293640399074,
            1.5891286411845663e-30
        ],
        "spearman": [
            -0.611977101196062,
            1.5089089014815964e-37
        ],
        "count": 352
    }
}