{
    "Overall": {
        "all_types_of_mutations": {
            "Pr": -0.1982903990231679,
            "Pr_pval": 0.00011816053887040215,
            "Sr": -0.18377897289563885,
            "Sr_pval": 0.0003665492341117512,
            "num": 372.0,
            "num_struc": 39.0
        },
        "single_point_mutations": {
            "Pr": -0.12387641182156033,
            "Pr_pval": 0.04556658288356151,
            "Sr": -0.11177768080562658,
            "Sr_pval": 0.07141811291864283,
            "num": 261.0,
            "num_struc": 36.0
        },
        "multi_point_mutations": {
            "Pr": -0.45124241706000856,
            "Pr_pval": 6.679209267295802e-07,
            "Sr": -0.42031920161886244,
            "Sr_pval": 4.373481666707915e-06,
            "num": 111.0,
            "num_struc": 16.0
        }
    },
    "Per-Structure": {
        "all_types_of_mutations": {
            "Pr": -0.06868278350315501,
            "Pr_std": 0.18516298484967783,
            "Pr_pval": 0.03122437989485723,
            "Sr": -0.09903091665961242,
            "Sr_std": 0.31420048912375087,
            "Sr_pval": 0.0002026342156149463,
            "num": 266.0,
            "num_struc": 8.0
        },
        "single_point_mutations": {
            "Pr": -0.09397671324797163,
            "Pr_std": 0.1581368791289768,
            "Pr_pval": 0.38133932101386503,
            "Sr": -0.17917879894687874,
            "Sr_std": 0.20994280136333462,
            "Sr_pval": 0.13520170190384231,
            "num": 180.0,
            "num_struc": 7.0
        },
        "multi_point_mutations": {
            "Pr": 0.007371797121864032,
            "Pr_std": 0.6070437821281534,
            "Pr_pval": 4.079451135962193e-08,
            "Sr": 0.006525637996364242,
            "Sr_std": 0.6271661180470955,
            "Sr_pval": 9.09922073370199e-09,
            "num": 79.0,
            "num_struc": 2.0
        }
    }
}