{
    "Overall": {
        "all_types_of_mutations": {
            "Pr": -0.12777532436509212,
            "Pr_pval": 0.013653053340634609,
            "Sr": -0.12165601397198096,
            "Sr_pval": 0.018912854245311774,
            "num": 372.0,
            "num_struc": 39.0
        },
        "single_point_mutations": {
            "Pr": -0.1628030543962025,
            "Pr_pval": 0.008410183982423897,
            "Sr": -0.18438546855003674,
            "Sr_pval": 0.002787759002495565,
            "num": 261.0,
            "num_struc": 36.0
        },
        "multi_point_mutations": {
            "Pr": -0.12866933511744374,
            "Pr_pval": 0.1783438874024367,
            "Sr": -0.08457631770016694,
            "Sr_pval": 0.3774726485713614,
            "num": 111.0,
            "num_struc": 16.0
        }
    },
    "Per-Structure": {
        "all_types_of_mutations": {
            "Pr": -0.280986964995823,
            "Pr_pval": 0.00739480167420651,
            "Sr": -0.30274859091249584,
            "Sr_pval": 0.004233820100650683,
            "num": 266.0,
            "num_struc": 8.0
        },
        "single_point_mutations": {
            "Pr": -0.3382989281877669,
            "Pr_pval": 0.0017049352614800404,
            "Sr": -0.39949098838784247,
            "Sr_pval": 0.0004122135629344748,
            "num": 180.0,
            "num_struc": 7.0
        },
        "multi_point_mutations": {
            "Pr": 0.08891235455788937,
            "Pr_pval": 0.3150904078383789,
            "Sr": 0.06914160734258742,
            "Sr_pval": 0.7224302683946524,
            "num": 79.0,
            "num_struc": 2.0
        }
    }
}