{
    "fitness": {
        "pearson": [
            0.2714624290008103,
            9.477503703877323e-27
        ],
        "spearman": [
            0.29295321300322136,
            4.5339141235223134e-31
        ],
        "count": 1500
    }
}