{
    "NONSEL_24h": {
        "pearson": [
            -0.2789943315578449,
            7.85698319343802e-21
        ],
        "spearman": [
            -0.2975748520195322,
            1.325460034489618e-23
        ],
        "count": 1084
    },
    "SEL_A_24h": {
        "pearson": [
            0.359425637724312,
            2.1178098701337765e-34
        ],
        "spearman": [
            0.3320032714175004,
            2.6344251980726176e-29
        ],
        "count": 1084
    },
    "SEL_A_40h": {
        "pearson": [
            0.3437060693022592,
            2.0344197674763314e-31
        ],
        "spearman": [
            0.3266673601903678,
            2.2586290908584022e-28
        ],
        "count": 1084
    },
    "SEL_B_40h": {
        "pearson": [
            0.3054772995538375,
            7.577208428126088e-25
        ],
        "spearman": [
            0.2998395483866641,
            5.889974571840037e-24
        ],
        "count": 1084
    },
    "SEL_C_40h": {
        "pearson": [
            0.29078918871193227,
            1.4424613339992527e-22
        ],
        "spearman": [
            0.29011715627008844,
            1.820798954720851e-22
        ],
        "count": 1084
    },
    "SEL_C_64h": {
        "pearson": [
            0.27215023502366753,
            7.326653989563797e-20
        ],
        "spearman": [
            0.2727823676733542,
            5.977193269752212e-20
        ],
        "count": 1084
    }
}