{
    "Caffeine": {
        "pearson": [
            0.2566696837058944,
            7.985880945406233e-21
        ],
        "spearman": [
            0.25464804494635807,
            1.6388110594339843e-20
        ],
        "count": 1288
    },
    "DMSO": {
        "pearson": [
            0.18662933795726125,
            7.666100842163969e-12
        ],
        "spearman": [
            0.18462188460109594,
            1.2902174599356252e-11
        ],
        "count": 1324
    },
    "DTT": {
        "pearson": [
            0.23555180294094183,
            1.2001284930894262e-17
        ],
        "spearman": [
            0.22673320688228363,
            1.969302142293335e-16
        ],
        "count": 1284
    },
    "HU": {
        "pearson": [
            0.19148550626502442,
            5.611975682126797e-12
        ],
        "spearman": [
            0.1357444543634895,
            1.1679339883889062e-06
        ],
        "count": 1273
    },
    "MG132": {
        "pearson": [
            0.20361482385495827,
            4.2448299950638864e-13
        ],
        "spearman": [
            0.1895463442062442,
            1.6155162102583535e-11
        ],
        "count": 1243
    }
}