{
    "Caffeine": {
        "pearson": [
            0.2705912427637862,
            4.7517726286364396e-23
        ],
        "spearman": [
            0.276683165064058,
            4.581442243556249e-24
        ],
        "count": 1288
    },
    "DMSO": {
        "pearson": [
            0.1943727839643151,
            9.74434472587275e-13
        ],
        "spearman": [
            0.1920758793152034,
            1.8130907337382668e-12
        ],
        "count": 1324
    },
    "DTT": {
        "pearson": [
            0.2360321071312237,
            1.0270688474587933e-17
        ],
        "spearman": [
            0.23771987361514033,
            5.9260273308312745e-18
        ],
        "count": 1284
    },
    "HU": {
        "pearson": [
            0.1958085612949336,
            1.8184006666922293e-12
        ],
        "spearman": [
            0.14534048086300919,
            1.9067662083062037e-07
        ],
        "count": 1273
    },
    "MG132": {
        "pearson": [
            0.2117767739050908,
            4.5344611073887024e-14
        ],
        "spearman": [
            0.19992428656151534,
            1.1320862188848687e-12
        ],
        "count": 1243
    }
}