{
    "Caffeine": {
        "pearson": [
            0.2667730578667984,
            1.9972810014316294e-22
        ],
        "spearman": [
            0.2722322384830312,
            2.5453783851338322e-23
        ],
        "count": 1288
    },
    "DMSO": {
        "pearson": [
            0.20261058143597055,
            9.863865436222039e-14
        ],
        "spearman": [
            0.19760760699786298,
            4.0114549262054873e-13
        ],
        "count": 1324
    },
    "DTT": {
        "pearson": [
            0.2678045677666335,
            1.5785901399080227e-22
        ],
        "spearman": [
            0.2675371849032957,
            1.744285756037483e-22
        ],
        "count": 1284
    },
    "HU": {
        "pearson": [
            0.21763812758634327,
            4.100687451012095e-15
        ],
        "spearman": [
            0.17972560594553647,
            1.0552703418953894e-10
        ],
        "count": 1273
    },
    "MG132": {
        "pearson": [
            0.23808004763551974,
            1.769884071262802e-17
        ],
        "spearman": [
            0.21561390340485984,
            1.5342582357671667e-14
        ],
        "count": 1243
    }
}