{
    "overall": {
        "pearson": [
            -0.2954631268453558,
            1.6787681733462484e-08
        ],
        "spearman": [
            -0.37878252975562204,
            2.0312323936677892e-13
        ],
        "count": 351
    }
}