{
    "enrichment": {
        "pearson": [
            0.4672683576751141,
            2.2312604263673656e-189
        ],
        "spearman": [
            0.5827029830432761,
            1.873669e-317
        ],
        "count": 3500
    }
}