{
    "enrichment": {
        "pearson": [
            0.478194758788954,
            1.3608132454720174e-177
        ],
        "spearman": [
            0.5883232122456138,
            3.0253784889589392e-289
        ],
        "count": 3112
    }
}