{
    "enrichment": {
        "pearson": [
            0.4746044924386629,
            1.3349986776784747e-174
        ],
        "spearman": [
            0.584408096359106,
            1.6185054869020543e-284
        ],
        "count": 3112
    }
}