{
    "attenuated": {
        "pearson": [
            0.04360798201669158,
            0.014628184938905825
        ],
        "spearman": [
            0.03483682188250768,
            0.05116971708820962
        ],
        "count": 3134
    },
    "regulated": {
        "pearson": [
            0.2908968856325216,
            3.596253608790833e-62
        ],
        "spearman": [
            0.2910781174190466,
            3.0006394457707306e-62
        ],
        "count": 3134
    },
    "unregulated": {
        "pearson": [
            0.24975425546240385,
            8.923379195304416e-46
        ],
        "spearman": [
            0.26818231527416225,
            9.14674798168218e-53
        ],
        "count": 3134
    }
}