{
    "attenuated": {
        "pearson": [
            0.06770868135553203,
            0.00014864741705570918
        ],
        "spearman": [
            0.06003917859550794,
            0.000771521523189347
        ],
        "count": 3134
    },
    "regulated": {
        "pearson": [
            0.24563648738702676,
            2.727182968382462e-44
        ],
        "spearman": [
            0.2675223621872609,
            1.6647758429743753e-52
        ],
        "count": 3134
    },
    "unregulated": {
        "pearson": [
            0.2504386942712061,
            5.023223633280229e-46
        ],
        "spearman": [
            0.27729689056073914,
            1.966465068161959e-56
        ],
        "count": 3134
    }
}