{
    "attenuated": {
        "pearson": [
            -0.023082465229393355,
            0.2019238161741047
        ],
        "spearman": [
            -0.012630558477289916,
            0.4850509414423134
        ],
        "count": 3058
    },
    "regulated": {
        "pearson": [
            0.29798478960846814,
            9.48697421303988e-64
        ],
        "spearman": [
            0.29428502343281315,
            3.7707146706789204e-62
        ],
        "count": 3058
    },
    "unregulated": {
        "pearson": [
            0.2953796751780455,
            1.2755696262673024e-62
        ],
        "spearman": [
            0.3073275175593123,
            6.798718128554253e-68
        ],
        "count": 3058
    }
}