{
    "CRIPT": {
        "pearson": [
            0.465730550618851,
            4.450779964757701e-90
        ],
        "spearman": [
            0.4010026021799023,
            4.063807380491346e-65
        ],
        "count": 1659
    },
    "Tm2F": {
        "pearson": [
            0.3586315269743011,
            1.582015936044094e-51
        ],
        "spearman": [
            0.2770627431626945,
            1.2830136303602074e-30
        ],
        "count": 1659
    }
}