{
    "1PGA": {
        "pearson": [
            -0.44467108954497647,
            3.006096479939768e-45
        ],
        "spearman": [
            -0.4650300523228451,
            7.394348410481395e-50
        ],
        "count": 907,
        "pearson - filtered rosetta [-1;7]": [
            -0.4263797599733253,
            2.1883098542146829e-38
        ],
        "spearman - filtered rosetta [-1;7]": [
            -0.455678324690603,
            3.008103469242582e-44
        ],
        "count - filtered rosetta [-1;7]": 839
    },
    "overall": {
        "pearson - filtered rosetta [-1;7]": [
            -0.4263797599733253,
            2.1883098542146829e-38
        ],
        "spearman - filtered rosetta [-1;7]": [
            -0.455678324690603,
            3.008103469242582e-44
        ],
        "count - filtered rosetta [-1;7]": 839
    }
}