{
    "1PGA": {
        "pearson": [
            -0.4446693438046354,
            3.0087417015752084e-45
        ],
        "spearman": [
            -0.4650406910335646,
            7.35205976165147e-50
        ],
        "count": 907,
        "pearson - filtered rosetta [-1;7]": [
            -0.4263793454544921,
            2.1887076442805348e-38
        ],
        "spearman - filtered rosetta [-1;7]": [
            -0.4556871469784885,
            2.9952987365602795e-44
        ],
        "count - filtered rosetta [-1;7]": 839
    },
    "overall": {
        "pearson": [
            -0.4446693438046354,
            3.0087417015752084e-45
        ],
        "spearman": [
            -0.4650406910335646,
            7.35205976165147e-50
        ],
        "count": 907,
        "pearson - filtered rosetta [-1;7]": [
            -0.4263793454544921,
            2.1887076442805348e-38
        ],
        "spearman - filtered rosetta [-1;7]": [
            -0.4556871469784885,
            2.9952987365602795e-44
        ],
        "count - filtered rosetta [-1;7]": 839
    }
}