{
    "overall": {
        "pearson": [
            -0.34999913590838705,
            1.3976480094988384e-11
        ],
        "spearman": [
            -0.4039557034667576,
            3.0042698879379715e-15
        ],
        "count": 352
    }
}