{
    "attenuated": {
        "pearson": [
            0.06444968237804027,
            0.0003057892989908119
        ],
        "spearman": [
            0.08724352056112863,
            1.0009106577236764e-06
        ],
        "count": 3134
    },
    "regulated": {
        "pearson": [
            0.3578097187369037,
            2.6701797211842455e-95
        ],
        "spearman": [
            0.3732543261023935,
            3.501160928272214e-104
        ],
        "count": 3134
    },
    "unregulated": {
        "pearson": [
            0.3877715937758519,
            5.509609377378023e-113
        ],
        "spearman": [
            0.4126162274727079,
            4.049702237908601e-129
        ],
        "count": 3134
    }
}