{
    "attenuated": {
        "pearson": [
            0.020701406933390565,
            0.2466311407595618
        ],
        "spearman": [
            0.038207872252976754,
            0.03244489137359281
        ],
        "count": 3134
    },
    "regulated": {
        "pearson": [
            0.3505908370000811,
            2.58412319035919e-91
        ],
        "spearman": [
            0.3604817868579033,
            8.407667954772778e-97
        ],
        "count": 3134
    },
    "unregulated": {
        "pearson": [
            0.34539987139253603,
            1.6385903959686393e-88
        ],
        "spearman": [
            0.3733422865247308,
            3.1060999652518804e-104
        ],
        "count": 3134
    }
}