{
    "attenuated": {
        "pearson": [
            0.024523828466048593,
            0.1698906896030991
        ],
        "spearman": [
            0.054751727645392066,
            0.0021680105253308935
        ],
        "count": 3134
    },
    "regulated": {
        "pearson": [
            0.33912108285089765,
            3.414700586430835e-85
        ],
        "spearman": [
            0.3580003299625253,
            2.0887327925974895e-95
        ],
        "count": 3134
    },
    "unregulated": {
        "pearson": [
            0.3528060879976616,
            1.5858636275843305e-92
        ],
        "spearman": [
            0.3764634678074729,
            4.331923027333147e-106
        ],
        "count": 3134
    }
}