{
    "fitness": {
        "pearson": [
            0.11361903104772517,
            9.039310177150579e-06
        ],
        "spearman": [
            0.16297920989862447,
            1.663793001986789e-10
        ],
        "count": 1519
    }
}