{
    "fitness": {
        "pearson": [
            0.14967923484371157,
            4.57600964027535e-09
        ],
        "spearman": [
            0.19277459744278508,
            3.5019776999923866e-14
        ],
        "count": 1519
    }
}