{
    "5BON": {
        "pearson": [
            0.5988809413066856,
            2.6450280960391163e-272
        ],
        "spearman": [
            0.5826417060987156,
            2.244231342186605e-254
        ],
        "count": 2801
    },
    "1D5R": {
        "pearson": [
            0.5724769215088187,
            5.439176247942814e-280
        ],
        "spearman": [
            0.555494054550138,
            2.477104262511346e-260
        ],
        "count": 3222
    },
    "2H11": {
        "pearson": [
            0.5227997554845609,
            9.259226488051857e-240
        ],
        "spearman": [
            0.4984628670022132,
            9.985259643538555e-215
        ],
        "count": 3427
    },
    "overall": {
        "pearson": [
            0.530513651093124,
            0.0
        ],
        "spearman": [
            0.5152260741343726,
            0.0
        ],
        "count": 9450
    }
}