{
    "NONSEL_24h": {
        "pearson": [
            -0.3124306573907652,
            5.673975233204781e-26
        ],
        "spearman": [
            -0.2819736339462141,
            2.9143271119763325e-21
        ],
        "count": 1084
    },
    "SEL_A_24h": {
        "pearson": [
            0.24477082420605273,
            2.9776022318276507e-16
        ],
        "spearman": [
            0.24257164393985584,
            5.563913381625464e-16
        ],
        "count": 1084
    },
    "SEL_A_40h": {
        "pearson": [
            0.22618230459653874,
            4.8408584136752106e-14
        ],
        "spearman": [
            0.24098535919007505,
            8.700784430725351e-16
        ],
        "count": 1084
    },
    "SEL_B_40h": {
        "pearson": [
            0.23290440639477156,
            8.076152587126516e-15
        ],
        "spearman": [
            0.24116683843620998,
            8.268258686232117e-16
        ],
        "count": 1084
    },
    "SEL_C_40h": {
        "pearson": [
            0.24125536128806582,
            8.065025705740433e-16
        ],
        "spearman": [
            0.24311174679943262,
            4.774716126413155e-16
        ],
        "count": 1084
    },
    "SEL_C_64h": {
        "pearson": [
            0.22066063911808914,
            2.0204930025101413e-13
        ],
        "spearman": [
            0.22784905910136335,
            3.1215836869260445e-14
        ],
        "count": 1084
    }
}