{
    "Overall": {
        "all_types_of_mutations": {
            "Pr": -0.10499948906750603,
            "Pr_pval": 0.042976425524587865,
            "Sr": -0.17404841730497397,
            "Sr_pval": 0.0007478874674838556,
            "num": 372.0,
            "num_struc": 39.0
        },
        "single_point_mutations": {
            "Pr": -0.18323910046595243,
            "Pr_pval": 0.0029653463706064906,
            "Sr": -0.20792061379800056,
            "Sr_pval": 0.0007249890860215315,
            "num": 261.0,
            "num_struc": 36.0
        },
        "multi_point_mutations": {
            "Pr": -0.13479188162156427,
            "Pr_pval": 0.15839487024602728,
            "Sr": -0.1087961389133295,
            "Sr_pval": 0.2556885472952717,
            "num": 111.0,
            "num_struc": 16.0
        }
    },
    "Per-Structure": {
        "all_types_of_mutations": {
            "Pr": -0.2305428720596684,
            "Pr_pval": 5.428454131751634e-09,
            "Sr": -0.17073918042739514,
            "Sr_pval": 1.9340176882987576e-10,
            "num": 266.0,
            "num_struc": 8.0
        },
        "single_point_mutations": {
            "Pr": -0.3220405852109128,
            "Pr_pval": 4.389554681475711e-07,
            "Sr": -0.2932970272326444,
            "Sr_pval": 1.984208135809354e-06,
            "num": 180.0,
            "num_struc": 7.0
        },
        "multi_point_mutations": {
            "Pr": 0.09040078277674629,
            "Pr_pval": 8.595478486602282e-08,
            "Sr": 0.06636147669673637,
            "Sr_pval": 1.0524766261692604e-07,
            "num": 79.0,
            "num_struc": 2.0
        }
    }
}