{
    "Overall": {
        "all_types_of_mutations": {
            "Pr": -0.13869427588780248,
            "Pr_pval": 0.007464739811640211,
            "Sr": -0.1953789119191377,
            "Sr_pval": 0.00015240048167101012,
            "num": 371.0,
            "num_struc": 39.0
        },
        "single_point_mutations": {
            "Pr": -0.1785508250484784,
            "Pr_pval": 0.003803407395236539,
            "Sr": -0.19697163291129458,
            "Sr_pval": 0.0013824498051512582,
            "num": 261.0,
            "num_struc": 36.0
        },
        "multi_point_mutations": {
            "Pr": -0.24409332646582887,
            "Pr_pval": 0.010175045797694503,
            "Sr": -0.2323726655867418,
            "Sr_pval": 0.01457213504685513,
            "num": 110.0,
            "num_struc": 16.0
        }
    },
    "Per-Structure": {
        "all_types_of_mutations": {
            "Pr": -0.2407147134103715,
            "Pr_pval": 1.3490349206788816e-08,
            "Sr": -0.16617550016325155,
            "Sr_pval": 6.825343214140167e-10,
            "num": 265.0,
            "num_struc": 8.0
        },
        "single_point_mutations": {
            "Pr": -0.32183641222367737,
            "Pr_pval": 5.365621857882451e-07,
            "Sr": -0.2891369065748341,
            "Sr_pval": 3.894157715727017e-06,
            "num": 180.0,
            "num_struc": 7.0
        },
        "multi_point_mutations": {
            "Pr": 0.05287422649341483,
            "Pr_pval": 2.2056795482439299e-07,
            "Sr": 0.06897677521432427,
            "Sr_pval": 5.710393692148347e-08,
            "num": 78.0,
            "num_struc": 2.0
        }
    }
}