{
    "1BVC": {
        "pearson": [
            -0.6925708282478934,
            8.1593621814614e-12
        ],
        "spearman": [
            -0.7046844697722513,
            2.44060654309389e-12
        ],
        "count": 74
    },
    "1LZ1": {
        "pearson": [
            -0.5364749137477165,
            7.644851607211795e-10
        ],
        "spearman": [
            -0.591512444597697,
            4.216563776260516e-12
        ],
        "count": 114
    },
    "2CI2": {
        "pearson": [
            -0.6315587540591341,
            4.358336343650066e-10
        ],
        "spearman": [
            -0.5955374894230961,
            7.0731480884438145e-09
        ],
        "count": 79
    },
    "2RN2": {
        "pearson": [
            -0.7579968980073754,
            1.4476886761472997e-15
        ],
        "spearman": [
            -0.6848113998715868,
            6.505562615560387e-12
        ],
        "count": 77
    },
    "overall": {
        "pearson": [
            -0.6177398102855973,
            1.4078801354551897e-37
        ],
        "spearman": [
            -0.6636324871674413,
            4.978607307794139e-45
        ],
        "count": 344
    }
}