{
    "linear": {
        "pearson": [
            0.4793471995703317,
            3.02026478221e-312
        ],
        "spearman": [
            0.49860302451783806,
            0.0
        ],
        "count": 5468
    }
}