{
    "log2_ratio": {
        "pearson": [
            0.20402173456799033,
            6.667236273757228e-10
        ],
        "spearman": [
            0.19721295647807885,
            2.4683702184527053e-09
        ],
        "count": 899
    }
}