{
    "log2_ratio": {
        "pearson": [
            0.23232039384224965,
            1.753989817727262e-12
        ],
        "spearman": [
            0.22638191509076996,
            6.52958988085186e-12
        ],
        "count": 899
    }
}