{
    "fitness": {
        "pearson": [
            0.27792154772272465,
            2.419853866657977e-28
        ],
        "spearman": [
            0.3167902199075029,
            9.347133531935936e-37
        ],
        "count": 1519
    }
}