{
    "fitness": {
        "pearson": [
            0.31106417211751436,
            1.9600167951744757e-35
        ],
        "spearman": [
            0.33204502864347224,
            2.0241023147874018e-40
        ],
        "count": 1519
    }
}