{
    "1A7V": {
        "pearson": [
            -0.21791974586862184,
            0.47447393251984166
        ],
        "spearman": [
            -0.15702538922541398,
            0.6084316418425202
        ],
        "count": 13
    },
    "1BA3": {
        "pearson": [
            -0.817945485842468,
            0.18205451415753204
        ],
        "spearman": [
            -0.39999999999999997,
            0.6
        ],
        "count": 4
    },
    "1BFM": {
        "pearson": [
            -1.0,
            1.0
        ],
        "spearman": [
            -0.9999999999999999,
            NaN
        ],
        "count": 2
    },
    "1D5G": {
        "pearson": [
            1.0,
            1.0
        ],
        "spearman": [
            0.9999999999999999,
            NaN
        ],
        "count": 2
    },
    "1DIV": {
        "pearson": [
            -0.664814166945044,
            1.3983629527233223e-07
        ],
        "spearman": [
            -0.6409105114234163,
            5.339011715711617e-07
        ],
        "count": 50
    },
    "1EKG": {
        "pearson": [
            -0.41982139613960917,
            0.5801786038603909
        ],
        "spearman": [
            -0.7999999999999999,
            0.20000000000000007
        ],
        "count": 4
    },
    "1FT8": {
        "pearson": [
            -0.8191146615415019,
            0.0006134130005507244
        ],
        "spearman": [
            -0.8846153846153846,
            5.9057452171910124e-05
        ],
        "count": 13
    },
    "1FXA": {
        "pearson": [
            -0.6241372741523183,
            0.0401282401003561
        ],
        "spearman": [
            -0.7000000000000001,
            0.01647097883651441
        ],
        "count": 11
    },
    "1G3P": {
        "pearson": [
            -0.5741194768255489,
            0.001739206215293544
        ],
        "spearman": [
            -0.6105682263225456,
            0.0007187358480593993
        ],
        "count": 27
    },
    "1GUA": {
        "pearson": [
            -0.7911951441222331,
            1.3271202551321037e-11
        ],
        "spearman": [
            -0.8312244897959182,
            1.432781718156324e-13
        ],
        "count": 49
    },
    "1H0X": {
        "pearson": [
            -1.0,
            1.0
        ],
        "spearman": [
            -0.9999999999999999,
            NaN
        ],
        "count": 2
    },
    "1HCQ": {
        "pearson": [
            1.0,
            1.0
        ],
        "spearman": [
            0.9999999999999999,
            NaN
        ],
        "count": 2
    },
    "1ITM": {
        "pearson": [
            -0.9671251478009267,
            0.16369071376282895
        ],
        "spearman": [
            -1.0,
            0.0
        ],
        "count": 3
    },
    "1IV7": {
        "pearson": [
            -0.9833679600734078,
            0.11627106694370405
        ],
        "spearman": [
            -1.0,
            0.0
        ],
        "count": 3
    },
    "1J8I": {
        "pearson": [
            -0.07370696447234273,
            0.8896397678166305
        ],
        "spearman": [
            -0.058848988633649964,
            0.9118284200601461
        ],
        "count": 6
    },
    "1JLV": {
        "pearson": [
            -0.7396107146047014,
            0.4700192779968449
        ],
        "spearman": [
            -1.0,
            0.0
        ],
        "count": 3
    },
    "1L6H": {
        "pearson": [
            -0.8870102467440621,
            0.3055563640801836
        ],
        "spearman": [
            -0.5,
            0.6666666666666667
        ],
        "count": 3
    },
    "1LVM": {
        "pearson": [
            -0.03503905122943449,
            0.9553960248926245
        ],
        "spearman": [
            0.30779350562554625,
            0.614384002810333
        ],
        "count": 5
    },
    "1N18": {
        "pearson": [
            -0.05387689244823157,
            0.9461231075517684
        ],
        "spearman": [
            0.39999999999999997,
            0.6
        ],
        "count": 4
    },
    "1N88": {
        "pearson": [
            -0.05066467595531275,
            0.8468749719192122
        ],
        "spearman": [
            -0.12645816410818983,
            0.6286450432388326
        ],
        "count": 17
    },
    "1NM1": {
        "pearson": [
            -1.0,
            1.0
        ],
        "spearman": [
            -0.9999999999999999,
            NaN
        ],
        "count": 2
    },
    "1O1U": {
        "pearson": [
            -0.5609323496848594,
            0.24684878336148847
        ],
        "spearman": [
            -0.6982532518267538,
            0.12283946337339596
        ],
        "count": 6
    },
    "1O6X": {
        "pearson": [
            -0.6212571475734869,
            0.003458988474433637
        ],
        "spearman": [
            -0.6004516372487453,
            0.005120629015744316
        ],
        "count": 20
    },
    "1OSI": {
        "pearson": [
            -0.6592105928665851,
            0.340789407133415
        ],
        "spearman": [
            -0.19999999999999998,
            0.8
        ],
        "count": 4
    },
    "1PFL": {
        "pearson": [
            -0.07539935024496487,
            0.9040896056990633
        ],
        "spearman": [
            0.19999999999999998,
            0.747060078104662
        ],
        "count": 5
    },
    "1PRG": {
        "pearson": [
            -0.049767866084993784,
            0.9156160399082657
        ],
        "spearman": [
            0.0,
            1.0
        ],
        "count": 7
    },
    "1R6R": {
        "pearson": [
            -0.2361741416723194,
            0.7638258583276807
        ],
        "spearman": [
            0.19999999999999998,
            0.8
        ],
        "count": 4
    },
    "1X0J": {
        "pearson": [
            -0.15977296467906715,
            0.7322097072751761
        ],
        "spearman": [
            -0.3214285714285715,
            0.4820720382996776
        ],
        "count": 7
    },
    "1XWS": {
        "pearson": [
            0.7646463144805354,
            0.23535368551946467
        ],
        "spearman": [
            0.39999999999999997,
            0.6
        ],
        "count": 4
    },
    "1XXN": {
        "pearson": [
            -0.37001661766568594,
            0.539862912889005
        ],
        "spearman": [
            0.05129891760425771,
            0.934712848108234
        ],
        "count": 5
    },
    "1XZO": {
        "pearson": [
            -0.14843786278861418,
            0.8515621372113857
        ],
        "spearman": [
            0.0,
            1.0
        ],
        "count": 4
    },
    "2BJD": {
        "pearson": [
            -0.9386109114646459,
            0.22422699432370202
        ],
        "spearman": [
            -0.5,
            0.6666666666666667
        ],
        "count": 3
    },
    "2C9Q": {
        "pearson": [
            -1.0,
            1.0
        ],
        "spearman": [
            -0.9999999999999999,
            NaN
        ],
        "count": 2
    },
    "2CLR": {
        "pearson": [
            -0.9412289826738209,
            0.058771017326179065
        ],
        "spearman": [
            -1.0,
            0.0
        ],
        "count": 4
    },
    "2DVV": {
        "pearson": [
            -1.0,
            1.0
        ],
        "spearman": [
            -0.9999999999999999,
            NaN
        ],
        "count": 2
    },
    "2HBB": {
        "pearson": [
            -0.6539765425144115,
            8.285020316162924e-07
        ],
        "spearman": [
            -0.7034044666147323,
            4.9885788985485134e-08
        ],
        "count": 46
    },
    "2JIE": {
        "pearson": [
            -0.3627534344927805,
            0.008893325287762252
        ],