{
    "screenscore": {
        "pearson": [
            0.5440159045334494,
            1.4367119061668207e-110
        ],
        "spearman": [
            0.5685594549502125,
            8.22357465568626e-123
        ],
        "count": 1425
    }
}