{
    "screenscore": {
        "pearson": [
            0.4064732557440681,
            4.357922989324541e-31
        ],
        "spearman": [
            0.4012370711441304,
            2.8997853755562593e-30
        ],
        "count": 747
    }
}