{
    "screenscore": {
        "pearson": [
            0.501247641562357,
            3.467351611306359e-115
        ],
        "spearman": [
            0.49154302809320544,
            3.492189303429983e-110
        ],
        "count": 1801
    }
}