{
    "fitness": {
        "pearson": [
            0.4360943781677689,
            1.5273933338332304e-71
        ],
        "spearman": [
            0.4205511724926564,
            3.7301517829550565e-66
        ],
        "count": 1519
    }
}