{
    "fitness": {
        "pearson": [
            0.4505002594149369,
            8.573673455028106e-77
        ],
        "spearman": [
            0.42518903034486016,
            9.852022379613368e-68
        ],
        "count": 1519
    }
}