{
    "1A7V": {
        "pearson": [
            -0.4806743728252709,
            0.0963707814240686
        ],
        "spearman": [
            -0.506888975745196,
            0.07708126988470444
        ],
        "count": 13
    },
    "1BA3": {
        "pearson": [
            -0.8785253299325999,
            0.12147467006740009
        ],
        "spearman": [
            -0.39999999999999997,
            0.6
        ],
        "count": 4
    },
    "1BFM": {
        "pearson": [
            1.0,
            1.0
        ],
        "spearman": [
            0.9999999999999999,
            NaN
        ],
        "count": 2
    },
    "1D5G": {
        "pearson": [
            1.0,
            1.0
        ],
        "spearman": [
            0.9999999999999999,
            NaN
        ],
        "count": 2
    },
    "1DIV": {
        "pearson": [
            -0.7505906085527072,
            3.463327140265547e-10
        ],
        "spearman": [
            -0.7363315504012621,
            1.1002834732102511e-09
        ],
        "count": 50
    },
    "1EKG": {
        "pearson": [
            -0.6094623642890832,
            0.39053763571091693
        ],
        "spearman": [
            -0.39999999999999997,
            0.6
        ],
        "count": 4
    },
    "1FT8": {
        "pearson": [
            -0.7771614053045617,
            0.001771696029020032
        ],
        "spearman": [
            -0.7967032967032966,
            0.0011136526522685867
        ],
        "count": 13
    },
    "1FXA": {
        "pearson": [
            -0.6967146014904138,
            0.017207095623549946
        ],
        "spearman": [
            -0.7727272727272727,
            0.005299487178643863
        ],
        "count": 11
    },
    "1G3P": {
        "pearson": [
            -0.5168142897795531,
            0.005776369507388047
        ],
        "spearman": [
            -0.19425782488301102,
            0.33158751157161725
        ],
        "count": 27
    },
    "1GUA": {
        "pearson": [
            -0.7478424119898011,
            6.624190881645147e-10
        ],
        "spearman": [
            -0.8074489795918367,
            2.397347868517215e-12
        ],
        "count": 49
    },
    "1H0X": {
        "pearson": [
            -1.0,
            1.0
        ],
        "spearman": [
            -0.9999999999999999,
            NaN
        ],
        "count": 2
    },
    "1HCQ": {
        "pearson": [
            1.0,
            1.0
        ],
        "spearman": [
            0.9999999999999999,
            NaN
        ],
        "count": 2
    },
    "1ITM": {
        "pearson": [
            0.5355224077948445,
            0.6402294804381083
        ],
        "spearman": [
            0.5,
            0.6666666666666667
        ],
        "count": 3
    },
    "1IV7": {
        "pearson": [
            -0.9994848895986148,
            0.020434495722551748
        ],
        "spearman": [
            -1.0,
            0.0
        ],
        "count": 3
    },
    "1J8I": {
        "pearson": [
            0.2160941218915126,
            0.6809042550598969
        ],
        "spearman": [
            -0.08827348295047496,
            0.8679336982351336
        ],
        "count": 6
    },
    "1JLV": {
        "pearson": [
            -0.8332596854495973,
            0.3729438082591566
        ],
        "spearman": [
            -0.5,
            0.6666666666666667
        ],
        "count": 3
    },
    "1L6H": {
        "pearson": [
            -0.9853026284231396,
            0.10928191897390492
        ],
        "spearman": [
            -1.0,
            0.0
        ],
        "count": 3
    },
    "1LVM": {
        "pearson": [
            0.23037608404548227,
            0.7092917208997207
        ],
        "spearman": [
            0.6668859288553503,
            0.21889398131323154
        ],
        "count": 5
    },
    "1N18": {
        "pearson": [
            -0.3942655173555797,
            0.6057344826444204
        ],
        "spearman": [
            -0.6000000000000001,
            0.3999999999999999
        ],
        "count": 4
    },
    "1N88": {
        "pearson": [
            -0.39244190352147956,
            0.11920743346861626
        ],
        "spearman": [
            -0.4248012114702299,
            0.08918840092667092
        ],
        "count": 17
    },
    "1NM1": {
        "pearson": [
            -1.0,
            1.0
        ],
        "spearman": [
            -0.9999999999999999,
            NaN
        ],
        "count": 2
    },
    "1O1U": {
        "pearson": [
            -0.4911231028810447,
            0.32254525898901953
        ],
        "spearman": [
            -0.27322953332351235,
            0.6003545904291114
        ],
        "count": 6
    },
    "1O6X": {
        "pearson": [
            -0.2991359660069681,
            0.20011727741094823
        ],
        "spearman": [
            -0.20767500235670888,
            0.3796266401488635
        ],
        "count": 20
    },
    "1OSI": {
        "pearson": [
            -0.7323396053380532,
            0.2676603946619469
        ],
        "spearman": [
            -0.7999999999999999,
            0.20000000000000007
        ],
        "count": 4
    },
    "1PFL": {
        "pearson": [
            -0.41040464153391254,
            0.4925203385869497
        ],
        "spearman": [
            -0.09999999999999999,
            0.8728885715695383
        ],
        "count": 5
    },
    "1PRG": {
        "pearson": [
            -0.24497582671621182,
            0.5964822170266605
        ],
        "spearman": [
            -0.14285714285714288,
            0.7599453002180929
        ],
        "count": 7
    },
    "1R6R": {
        "pearson": [
            0.8630522881477001,
            0.13694771185229992
        ],
        "spearman": [
            0.7999999999999999,
            0.20000000000000007
        ],
        "count": 4
    },
    "1SPD": {
        "pearson": [
            -1.0,
            1.0
        ],
        "spearman": [
            -0.9999999999999999,
            NaN
        ],
        "count": 2
    },
    "1X0J": {
        "pearson": [
            -0.6312369846584887,
            0.1284272912044769
        ],
        "spearman": [
            -0.5,
            0.25316999510032273
        ],
        "count": 7
    },
    "1XWS": {
        "pearson": [
            0.2667818148381538,
            0.7332181851618462
        ],
        "spearman": [
            -0.39999999999999997,
            0.6
        ],
        "count": 4
    },
    "1XXN": {
        "pearson": [
            -0.35313022778803727,
            0.5599083768980465
        ],
        "spearman": [
            -0.15389675281277312,
            0.8048288166080632
        ],
        "count": 5
    },
    "1XZO": {
        "pearson": [
            -0.6812410474831013,
            0.31875895251689856
        ],
        "spearman": [
            -0.39999999999999997,
            0.6
        ],
        "count": 4
    },
    "2BJD": {
        "pearson": [
            -0.9493678409513409,
            0.20345015932422
        ],
        "spearman": [
            -1.0,
            0.0
        ],
        "count": 3
    },
    "2C9Q": {
        "pearson": [
            -1.0,
            1.0
        ],
        "spearman": [
            -0.9999999999999999,
            NaN
        ],
        "count": 2
    },
    "2CLR": {
        "pearson": [
            -0.9511695501626551,
            0.04883044983734486
        ],
        "spearman": [
            -1.0,
            0.0
        ],
        "count": 4
    },
    "2DVV": {
        "pearson": [
            -1.0,
            1.0
        ],
        "spearman": [
            -0.9999999999999999,
            NaN
        ],
        "count": 2
    },
    "2HBB": {
        "pearson": [
            -0.6848332032311519,
            1.5281956809654946e-07
        ],