{
    "screenscore": {
        "pearson": [
            0.35660568434398643,
            1.5336668952816337e-81
        ],
        "spearman": [
            0.40656867372563876,
            1.0884889852407907e-107
        ],
        "count": 2692
    }
}