{
    "screenscore": {
        "pearson": [
            0.336340290758157,
            5.618434321613119e-73
        ],
        "spearman": [
            0.38304145465071476,
            7.663971076705384e-96
        ],
        "count": 2722
    }
}