{
    "screenscore": {
        "pearson": [
            0.21508714090089626,
            5.740957444557563e-22
        ],
        "spearman": [
            0.19132163866311616,
            1.2505629072353457e-17
        ],
        "count": 1962
    }
}