{
    "screenscore": {
        "pearson": [
            0.05343581923492391,
            0.57928201327521
        ],
        "spearman": [
            0.019983673911180663,
            0.8358404164349806
        ],
        "count": 110
    }
}