{
    "attenuated": {
        "pearson": [
            0.0077893376909786444,
            0.6667778139346692
        ],
        "spearman": [
            0.01308318304531553,
            0.46954194758958645
        ],
        "count": 3058
    },
    "regulated": {
        "pearson": [
            0.2991143677470947,
            3.04873122020497e-64
        ],
        "spearman": [
            0.305532565543905,
            4.371218264046049e-67
        ],
        "count": 3058
    },
    "unregulated": {
        "pearson": [
            0.30012921999331954,
            1.0946886413277292e-64
        ],
        "spearman": [
            0.316888045086129,
            2.700294130646439e-72
        ],
        "count": 3058
    }
}