{
    "attenuated": {
        "pearson": [
            0.043242253174045314,
            0.015479557523143905
        ],
        "spearman": [
            0.041733007313395465,
            0.01947098279335513
        ],
        "count": 3134
    },
    "regulated": {
        "pearson": [
            0.24306308194770873,
            2.2380427019794948e-43
        ],
        "spearman": [
            0.2710047993055393,
            6.928172542103443e-54
        ],
        "count": 3134
    },
    "unregulated": {
        "pearson": [
            0.24388818546282967,
            1.142710733610025e-43
        ],
        "spearman": [
            0.2798328242338125,
            1.7702896974452262e-57
        ],
        "count": 3134
    }
}