{
    "attenuated": {
        "pearson": [
            0.045409557906920146,
            0.011008730384006038
        ],
        "spearman": [
            0.041440633004963555,
            0.020340530169662648
        ],
        "count": 3134
    },
    "regulated": {
        "pearson": [
            0.2755100054798615,
            1.0564576678252789e-55
        ],
        "spearman": [
            0.27544060610248094,
            1.1274577629482522e-55
        ],
        "count": 3134
    },
    "unregulated": {
        "pearson": [
            0.2396038154945494,
            3.645957645171715e-42
        ],
        "spearman": [
            0.2586386412607586,
            4.480699228842675e-49
        ],
        "count": 3134
    }
}