{
    "1BVC": {
        "pearson": [
            -0.4970888305992154,
            6.630696112032564e-06
        ],
        "spearman": [
            -0.46047896290869966,
            3.656441163908671e-05
        ],
        "count": 74
    },
    "1LZ1": {
        "pearson": [
            -0.49518403393612737,
            2.1326131867373137e-08
        ],
        "spearman": [
            -0.5221464795096643,
            2.552708574891039e-09
        ],
        "count": 114
    },
    "2RN2": {
        "pearson": [
            -0.07456925722693832,
            0.5192265007574295
        ],
        "spearman": [
            0.07398108412310525,
            0.5225365534899977
        ],
        "count": 77
    },
    "overall": {
        "pearson": [
            -0.15263937605370798,
            0.012859496818496467
        ],
        "spearman": [
            -0.19587105678845296,
            0.0013526251927813854
        ],
        "count": 265
    }
}