{
    "function_score": {
        "pearson": [
            0.4298198706594326,
            1.895709056991831e-34
        ],
        "spearman": [
            0.41503620579220163,
            5.201122114582733e-32
        ],
        "count": 736
    }
}