{
    "enrichment": {
        "pearson": [
            0.5497748907773494,
            2.3223372307307956e-245
        ],
        "spearman": [
            0.6239877984922366,
            0.0
        ],
        "count": 3112
    }
}