{
    "enrichment": {
        "pearson": [
            0.55705257814242,
            3.300300955956123e-253
        ],
        "spearman": [
            0.6346452342618136,
            0.0
        ],
        "count": 3112
    }
}