{
    "enrichment": {
        "pearson": [
            0.5356568419776222,
            3.3948726984350786e-259
        ],
        "spearman": [
            0.613087563918247,
            0.0
        ],
        "count": 3500
    }
}