{
    "SelectionOne": {
        "pearson": [
            0.40138958296599647,
            1.0527562292868371e-304
        ],
        "spearman": [
            0.33569983263523756,
            4.6369530740869015e-208
        ],
        "count": 7927
    }
}