{
    "SelectionOne": {
        "pearson": [
            0.3916909903079058,
            4.707843050296943e-294
        ],
        "spearman": [
            0.34440321158006015,
            1.9701508895756972e-223
        ],
        "count": 8067
    }
}