{
    "SelectionOne": {
        "pearson": [
            0.3918525541836143,
            2.574812318881964e-294
        ],
        "spearman": [
            0.3445691076274587,
            1.1672644262581572e-223
        ],
        "count": 8067
    }
}