{
    "attenuated": {
        "pearson": [
            0.06439343063714831,
            0.000309533488279961
        ],
        "spearman": [
            0.053974189649792025,
            0.0025062274751080148
        ],
        "count": 3134
    },
    "regulated": {
        "pearson": [
            0.42190814065447213,
            1.6294632879731297e-135
        ],
        "spearman": [
            0.3891902860114875,
            7.188456594552402e-114
        ],
        "count": 3134
    },
    "unregulated": {
        "pearson": [
            0.4297427573493937,
            4.580828697112857e-141
        ],
        "spearman": [
            0.4078375538747401,
            6.58402825406264e-126
        ],
        "count": 3134
    }
}