{
    "attenuated": {
        "pearson": [
            0.10068041528125148,
            1.619353650664171e-08
        ],
        "spearman": [
            0.08960325987477352,
            5.052987975665348e-07
        ],
        "count": 3134
    },
    "regulated": {
        "pearson": [
            0.42423626335962056,
            3.7828402307125654e-137
        ],
        "spearman": [
            0.4016596017307873,
            7.811619256862693e-122
        ],
        "count": 3134
    },
    "unregulated": {
        "pearson": [
            0.43637949618855587,
            6.9567940252312295e-146
        ],
        "spearman": [
            0.4171771012369439,
            3.115492552973492e-132
        ],
        "count": 3134
    }
}