{
    "attenuated": {
        "pearson": [
            0.06085173399073572,
            0.0006534261445044703
        ],
        "spearman": [
            0.05963793731153197,
            0.000836877088639673
        ],
        "count": 3134
    },
    "regulated": {
        "pearson": [
            0.3791639540552115,
            1.034440454583181e-107
        ],
        "spearman": [
            0.3514871923851658,
            8.376405015338796e-92
        ],
        "count": 3134
    },
    "unregulated": {
        "pearson": [
            0.3711845671514701,
            5.795162247203643e-103
        ],
        "spearman": [
            0.352833911855878,
            1.5310180116460326e-92
        ],
        "count": 3134
    }
}