{
    "linear": {
        "pearson": [
            0.3606679716705522,
            1.4616639712859604e-12
        ],
        "spearman": [
            0.41227237502025293,
            2.752016738607761e-16
        ],
        "count": 362
    }
}