{
    "CRIPT": {
        "pearson": [
            0.4676001937266941,
            6.982781450344571e-91
        ],
        "spearman": [
            0.41550440340518374,
            3.0241415452055717e-70
        ],
        "count": 1659
    },
    "Tm2F": {
        "pearson": [
            0.3667788587864055,
            5.505503510677501e-54
        ],
        "spearman": [
            0.2889353525872366,
            2.8957366666541645e-33
        ],
        "count": 1659
    }
}