{
    "SelectionTwo": {
        "pearson": [
            0.3688802906866394,
            7.894877592794468e-267
        ],
        "spearman": [
            0.40357689591870244,
            0.0
        ],
        "count": 8329
    }
}