{
    "1AMQ": {
        "pearson": [
            -0.46588494032849503,
            0.534115059671505
        ],
        "spearman": [
            -0.7999999999999999,
            0.20000000000000007
        ],
        "count": 4
    },
    "1BNI": {
        "pearson": [
            -0.4670512202647721,
            0.1075935366489749
        ],
        "spearman": [
            -0.54270178381415,
            0.05531865466452859
        ],
        "count": 13
    },
    "1CEY": {
        "pearson": [
            0.9324007603101111,
            0.235420036197193
        ],
        "spearman": [
            0.5,
            0.6666666666666667
        ],
        "count": 3
    },
    "1EY0": {
        "pearson": [
            -0.08960040218681126,
            0.6502474490030234
        ],
        "spearman": [
            -0.01561002693667275,
            0.9371605553803188
        ],
        "count": 28
    },
    "1IHB": {
        "pearson": [
            -0.6016508840973429,
            0.5890197196328477
        ],
        "spearman": [
            -0.5,
            0.6666666666666667
        ],
        "count": 3
    },
    "1L63": {
        "pearson": [
            -0.6096971444541911,
            2.344809458757411e-13
        ],
        "spearman": [
            -0.6054376479104477,
            3.799148006678918e-13
        ],
        "count": 118
    },
    "1LZ1": {
        "pearson": [
            -0.5766674401901621,
            9.325726712777651e-07
        ],
        "spearman": [
            -0.5959724018998372,
            3.2136470612047285e-07
        ],
        "count": 62
    },
    "1OH0": {
        "pearson": [
            -1.0,
            1.0
        ],
        "spearman": [
            -0.9999999999999999,
            NaN
        ],
        "count": 2
    },
    "1VQB": {
        "pearson": [
            0.36634049405338737,
            0.5442147082846908
        ],
        "spearman": [
            0.49999999999999994,
            0.39100221895577053
        ],
        "count": 5
    },
    "2LZM": {
        "pearson": [
            -0.6579846611794768,
            1.9352326599383387e-09
        ],
        "spearman": [
            -0.6645153792559207,
            1.173316620449276e-09
        ],
        "count": 66
    },
    "2RN2": {
        "pearson": [
            -0.25096094480242315,
            0.31514071598308174
        ],
        "spearman": [
            -0.2018643274990077,
            0.4218164590812483
        ],
        "count": 18
    },
    "3ZCF": {
        "pearson": [
            1.0,
            1.0
        ],
        "spearman": [
            0.9999999999999999,
            NaN
        ],
        "count": 2
    },
    "4BVM": {
        "pearson": [
            0.1321937688649069,
            0.8321771799068882
        ],
        "spearman": [
            0.09999999999999999,
            0.8728885715695383
        ],
        "count": 5
    },
    "4LYZ": {
        "pearson": [
            -0.01565693601121208,
            0.9576334964342932
        ],
        "spearman": [
            0.08839913921757277,
            0.7637883410168658
        ],
        "count": 14
    },
    "5PTI": {
        "pearson": [
            -0.207593073607337,
            0.7375951968694562
        ],
        "spearman": [
            -0.6,
            0.28475697986529375
        ],
        "count": 5
    },
    "overall": {
        "pearson": [
            -0.5281475885818238,
            1.118706686569988e-26
        ],
        "spearman": [
            -0.5312923113889728,
            4.945508679153329e-27
        ],
        "count": 352
    }
}