{
    "Overall": {
        "all_types_of_mutations": {
            "Pr": -0.12518378105736366,
            "Pr_pval": 0.015840460151230903,
            "Sr": -0.21388154803684462,
            "Sr_pval": 3.2683603991919554e-05,
            "num": 371.0,
            "num_struc": 39.0
        },
        "single_point_mutations": {
            "Pr": -0.2257975560243235,
            "Pr_pval": 0.00023509395692310756,
            "Sr": -0.2553911721976219,
            "Sr_pval": 2.9717579774010438e-05,
            "num": 261.0,
            "num_struc": 36.0
        },
        "multi_point_mutations": {
            "Pr": -0.20911662308721962,
            "Pr_pval": 0.028344861741437088,
            "Sr": -0.2490132210304705,
            "Sr_pval": 0.008708331438165061,
            "num": 110.0,
            "num_struc": 16.0
        }
    },
    "Per-Structure": {
        "all_types_of_mutations": {
            "Pr": -0.3328947683205389,
            "Pr_pval": 1.434166092998482e-06,
            "Sr": -0.30803394411941676,
            "Sr_pval": 4.922041674258816e-07,
            "num": 265.0,
            "num_struc": 8.0
        },
        "single_point_mutations": {
            "Pr": -0.3729236458566686,
            "Pr_pval": 5.478746984739249e-06,
            "Sr": -0.3525762988197808,
            "Sr_pval": 4.152033581791223e-06,
            "num": 180.0,
            "num_struc": 7.0
        },
        "multi_point_mutations": {
            "Pr": -0.1932577516518536,
            "Pr_pval": 0.021700033348336995,
            "Sr": -0.16727751754156156,
            "Sr_pval": 0.019705046555796423,
            "num": 78.0,
            "num_struc": 2.0
        }
    }
}