{
    "Overall": {
        "all_types_of_mutations": {
            "Pr": -0.08313505428255108,
            "Pr_pval": 0.10941528757114019,
            "Sr": -0.19534367463312044,
            "Sr_pval": 0.00014970242724077323,
            "num": 372.0,
            "num_struc": 39.0
        },
        "single_point_mutations": {
            "Pr": -0.24018659747127374,
            "Pr_pval": 8.883118999896173e-05,
            "Sr": -0.2774295314819417,
            "Sr_pval": 5.361266840220615e-06,
            "num": 261.0,
            "num_struc": 36.0
        },
        "multi_point_mutations": {
            "Pr": -0.0950262487471108,
            "Pr_pval": 0.3211596725545657,
            "Sr": -0.09150002746001666,
            "Sr_pval": 0.33952440653906324,
            "num": 111.0,
            "num_struc": 16.0
        }
    },
    "Per-Structure": {
        "all_types_of_mutations": {
            "Pr": -0.3094494499876508,
            "Pr_pval": 3.1508452316117452e-06,
            "Sr": -0.2715446374891818,
            "Sr_pval": 3.270939437446781e-07,
            "num": 266.0,
            "num_struc": 8.0
        },
        "single_point_mutations": {
            "Pr": -0.3718531966050992,
            "Pr_pval": 4.791409077613342e-06,
            "Sr": -0.35015360388073574,
            "Sr_pval": 5.534903964213198e-06,
            "num": 180.0,
            "num_struc": 7.0
        },
        "multi_point_mutations": {
            "Pr": 0.02394002447603555,
            "Pr_pval": 0.003966132120000053,
            "Sr": 0.006193133377879773,
            "Sr_pval": 0.013310654831787122,
            "num": 79.0,
            "num_struc": 2.0
        }
    }
}