{
    "fitness_min": {
        "pearson": [
            0.5004033916427179,
            4.858354065500562e-92
        ],
        "spearman": [
            0.2700003600825882,
            1.8552305430679883e-25
        ],
        "count": 1439
    },
    "fitness_rich": {
        "pearson": [
            0.4848888115757986,
            9.98771542614055e-86
        ],
        "spearman": [
            0.3446587115992119,
            2.1048883486477277e-41
        ],
        "count": 1439
    }
}