{
    "score": {
        "pearson": [
            0.4477318126174843,
            5.193700135023514e-173
        ],
        "spearman": [
            0.487139708568332,
            4.7044274266207894e-209
        ],
        "count": 3517
    }
}