{
    "score": {
        "pearson": [
            0.42392839819056277,
            1.9674719729565478e-153
        ],
        "spearman": [
            0.45270754307574007,
            2.63953910384738e-177
        ],
        "count": 3517
    }
}