{
    "score": {
        "pearson": [
            0.44938587283590503,
            2.7689629997295694e-197
        ],
        "spearman": [
            0.4848658776643563,
            5.45457083009274e-234
        ],
        "count": 3983
    }
}