{
    "Overall": {
        "all_types_of_mutations": {
            "Pr": -0.31423050214083725,
            "Pr_pval": 2.0183412220250502e-131,
            "Sr": -0.30455676442923707,
            "Sr_pval": 3.520990282762773e-123,
            "num": 5726.0,
            "num_struc": 333.0
        },
        "single_point_mutations": {
            "Pr": -0.3743483584344023,
            "Pr_pval": 3.7713286184753073e-137,
            "Sr": -0.32799550871710614,
            "Sr_pval": 7.054897890721874e-104,
            "num": 4118.0,
            "num_struc": 310.0
        },
        "multi_point_mutations": {
            "Pr": -0.33646558947699445,
            "Pr_pval": 7.420228841296917e-44,
            "Sr": -0.3503542815411789,
            "Sr_pval": 1.2061490254512488e-47,
            "num": 1608.0,
            "num_struc": 143.0
        }
    },
    "Per-Structure": {
        "all_types_of_mutations": {
            "Pr": -0.29722725268674954,
            "Pr_std": 0.25605407492555976,
            "Pr_pval": 2.2087008128281164e-94,
            "Sr": -0.2875369944158722,
            "Sr_std": 0.23789748979800895,
            "Sr_pval": 1.8546163324069395e-81,
            "num": 5025.0,
            "num_struc": 116.0
        },
        "single_point_mutations": {
            "Pr": -0.32712642568155786,
            "Pr_std": 0.26922424722507504,
            "Pr_pval": 2.5087271766743358e-92,
            "Sr": -0.30299313756071955,
            "Sr_std": 0.25473365707996887,
            "Sr_pval": 8.778051921149242e-70,
            "num": 3485.0,
            "num_struc": 93.0
        },
        "multi_point_mutations": {
            "Pr": -0.29598770628279536,
            "Pr_std": 0.27912882763626523,
            "Pr_pval": 3.8217955356897194e-28,
            "Sr": -0.30564171211099445,
            "Sr_std": 0.2826468605503107,
            "Sr_pval": 4.8607359532384565e-28,
            "num": 1304.0,
            "num_struc": 41.0
        }
    }
}