{
    "log2_ratio": {
        "pearson": [
            0.2161138920591396,
            5.818235222778533e-11
        ],
        "spearman": [
            0.18133768323188718,
            4.3752319950254645e-08
        ],
        "count": 899
    }
}