{
    "log2_ratio": {
        "pearson": [
            0.2230201001983314,
            1.3522253111571875e-11
        ],
        "spearman": [
            0.17996914882828205,
            5.5418872154798845e-08
        ],
        "count": 899
    }
}