{
    "overall": {
        "pearson": [
            -0.20681752465832692,
            9.27631056203404e-05
        ],
        "spearman": [
            -0.2562899474849704,
            1.0994380142147701e-06
        ],
        "count": 352
    }
}