{
    "1AMQ": {
        "pearson": [
            -0.6043307575112871,
            0.39566924248871294
        ],
        "spearman": [
            -0.7999999999999999,
            0.20000000000000007
        ],
        "count": 4
    },
    "1BNI": {
        "pearson": [
            -0.7591530341716934,
            0.0026162680750225448
        ],
        "spearman": [
            -0.8264494169758629,
            0.0004958889009632373
        ],
        "count": 13
    },
    "1CEY": {
        "pearson": [
            0.999691745098431,
            0.01580743021001867
        ],
        "spearman": [
            1.0,
            0.0
        ],
        "count": 3
    },
    "1EY0": {
        "pearson": [
            -0.01004372806870002,
            0.9595450579758489
        ],
        "spearman": [
            -0.026564431804513275,
            0.8932598920419723
        ],
        "count": 28
    },
    "1IHB": {
        "pearson": [
            -0.08455870869501458,
            0.946103895755758
        ],
        "spearman": [
            -0.5,
            0.6666666666666667
        ],
        "count": 3
    },
    "1L63": {
        "pearson": [
            -0.5199171572402689,
            1.6043681088844305e-09
        ],
        "spearman": [
            -0.5007417778600197,
            7.715868494327695e-09
        ],
        "count": 118
    },
    "1LZ1": {
        "pearson": [
            -0.4119978974595005,
            0.0008773717555676122
        ],
        "spearman": [
            -0.4227657133287102,
            0.0006190379168125377
        ],
        "count": 62
    },
    "1OH0": {
        "pearson": [
            -1.0,
            1.0
        ],
        "spearman": [
            -0.9999999999999999,
            NaN
        ],
        "count": 2
    },
    "1VQB": {
        "pearson": [
            -0.1554813900634526,
            0.8028354797308443
        ],
        "spearman": [
            -0.3,
            0.6238376647810728
        ],
        "count": 5
    },
    "2LZM": {
        "pearson": [
            -0.5225310555674294,
            6.781618233882505e-06
        ],
        "spearman": [
            -0.5204541932771666,
            7.485981643209035e-06
        ],
        "count": 66
    },
    "2RN2": {
        "pearson": [
            0.0833893651292299,
            0.7421817026161128
        ],
        "spearman": [
            0.0,
            1.0
        ],
        "count": 18
    },
    "3ZCF": {
        "pearson": [
            1.0,
            1.0
        ],
        "spearman": [
            0.9999999999999999,
            NaN
        ],
        "count": 2
    },
    "4BVM": {
        "pearson": [
            0.1350577094744099,
            0.8285634008881526
        ],
        "spearman": [
            0.19999999999999998,
            0.747060078104662
        ],
        "count": 5
    },
    "4LYZ": {
        "pearson": [
            -0.16423440274158457,
            0.5747641559098977
        ],
        "spearman": [
            -0.318236901183262,
            0.2674897793646509
        ],
        "count": 14
    },
    "5PTI": {
        "pearson": [
            -0.1325213730552547,
            0.8317637310937286
        ],
        "spearman": [
            -0.6,
            0.28475697986529375
        ],
        "count": 5
    },
    "overall": {
        "pearson": [
            -0.4003490714661183,
            5.552766441685358e-15
        ],
        "spearman": [
            -0.39601654375082695,
            1.1500459896092676e-14
        ],
        "count": 352
    }
}