{
    "Ami11_avg": {
        "pearson": [
            0.17016944480958374,
            2.2562737094748703e-35
        ],
        "spearman": [
            0.1439353631343183,
            1.1106241062122332e-25
        ],
        "count": 5245
    },
    "Ami12_avg": {
        "pearson": [
            0.3198045350825039,
            2.3573211679687967e-120
        ],
        "spearman": [
            0.3866611400475083,
            1.2374764880101657e-179
        ],
        "count": 5046
    },
    "Ami14_avg": {
        "pearson": [
            0.31386204901943116,
            1.17690290452759e-114
        ],
        "spearman": [
            0.35555969515997266,
            7.96601193686882e-149
        ],
        "count": 4997
    },
    "Ami18_avg": {
        "pearson": [
            0.030028607732448337,
            0.029450010464393085
        ],
        "spearman": [
            0.03064604351020417,
            0.02626968756969462
        ],
        "count": 5258
    },
    "G41811_avg": {
        "pearson": [
            0.2958731163053482,
            1.309564474251054e-102
        ],
        "spearman": [
            0.3252791927210231,
            7.976035131509407e-125
        ],
        "count": 5052
    },
    "G41812_avg": {
        "pearson": [
            0.40715714026167377,
            2.1979642938804842e-197
        ],
        "spearman": [
            0.48120420036592154,
            7.2361861633299e-286
        ],
        "count": 4959
    },
    "G41814_avg": {
        "pearson": [
            0.4133351482616461,
            8.752967248376012e-215
        ],
        "spearman": [
            0.42858306449581585,
            1.6955198593269322e-232
        ],
        "count": 5225
    },
    "Kan11_avg": {
        "pearson": [
            0.32871071681464226,
            1.722051239372274e-126
        ],
        "spearman": [
            0.3549532720884247,
            1.3022228349815686e-148
        ],
        "count": 5008
    },
    "Kan12_avg": {
        "pearson": [
            0.4067273494304489,
            2.063584338712095e-192
        ],
        "spearman": [
            0.48232765926811094,
            9.094252884580051e-281
        ],
        "count": 4844
    },
    "Kan14_avg": {
        "pearson": [
            0.42316271941673095,
            2.5684695126433965e-216
        ],
        "spearman": [
            0.4761784432900326,
            2.8796793460107725e-281
        ],
        "count": 4997
    },
    "Kan18_avg": {
        "pearson": [
            0.431538517695064,
            5.41719356359582e-236
        ],
        "spearman": [
            0.455551893851748,
            4.284039614518125e-266
        ],
        "count": 5224
    },
    "Neo11_avg": {
        "pearson": [
            0.29006641101642017,
            4.904777196471024e-99
        ],
        "spearman": [
            0.2969606322206293,
            6.281025640196476e-104
        ],
        "count": 5079
    },
    "Neo12_avg": {
        "pearson": [
            0.41166791900150296,
            1.308764294230726e-202
        ],
        "spearman": [
            0.486473213397965,
            1.1051936135675523e-293
        ],
        "count": 4970
    },
    "Neo14_avg": {
        "pearson": [
            0.44428684708155214,
            1.438906976830307e-249
        ],
        "spearman": [
            0.470788644161127,
            4.3176132771213814e-284
        ],
        "count": 5180
    },
    "Neo18_avg": {
        "pearson": [
            0.39472311920357667,
            2.0554367637844676e-194
        ],
        "spearman": [
            0.3887545168954645,
            3.853484123842679e-188
        ],
        "count": 5226
    },
    "Paro11_avg": {
        "pearson": [
            0.20925569372218727,
            8.100727703146522e-53
        ],
        "spearman": [
            0.19704368282700258,
            6.421727657971092e-47
        ],
        "count": 5228
    },
    "Paro12_avg": {
        "pearson": [
            0.32352773147947467,
            6.13778583897696e-122
        ],
        "spearman": [
            0.38536396661770095,
            2.189056989518907e-176
        ],
        "count": 4990
    },
    "Paro14_avg": {
        "pearson": [
            0.41280526273882656,
            2.4227587988695072e-203
        ],
        "spearman": [
            0.47649248598438504,
            1.6672818263982286e-279
        ],
        "count": 4958
    },
    "Paro18_avg": {
        "pearson": [
            0.4407173447504418,
            3.698531137494053e-241
        ],
        "spearman": [
            0.49090276238567165,
            2.593857160997157e-307
        ],
        "count": 5095
    },
    "Ribo11_avg": {
        "pearson": [
            0.32905852596304463,
            1.3528128637673149e-126
        ],
        "spearman": [
            0.3811857959900553,
            1.0860944015983136e-172
        ],
        "count": 5001
    },
    "Ribo12_avg": {
        "pearson": [
            0.4349278932703165,
            5.604210066590479e-230
        ],
        "spearman": [
            0.5030506415094005,
            0.0
        ],
        "count": 5002
    },
    "Ribo14_avg": {
        "pearson": [
            0.4614713360376757,
            8.202615986649545e-272
        ],
        "spearman": [
            0.49448884120783265,
            0.0
        ],
        "count": 5184
    },
    "Ribo18_avg": {
        "pearson": [
            0.4482142575252238,
            1.811937554651746e-255
        ],
        "spearman": [
            0.44865638065893104,
            4.982916340005682e-256
        ],
        "count": 5200
    }
}