{
    "Ami11_avg": {
        "pearson": [
            0.16806173779688593,
            2.008336813295714e-33
        ],
        "spearman": [
            0.14093095754898122,
            6.722294425559143e-24
        ],
        "count": 5068
    },
    "Ami12_avg": {
        "pearson": [
            0.32206759256864803,
            8.529987414023143e-119
        ],
        "spearman": [
            0.39207487316137185,
            5.2954177014183094e-180
        ],
        "count": 4906
    },
    "Ami14_avg": {
        "pearson": [
            0.31993645834076995,
            2.4012367573146607e-116
        ],
        "spearman": [
            0.3696607595633659,
            1.3738996612471993e-157
        ],
        "count": 4871
    },
    "Ami18_avg": {
        "pearson": [
            0.03006460692472797,
            0.03213033627216652
        ],
        "spearman": [
            0.03706800503743513,
            0.008235791222689307
        ],
        "count": 5080
    },
    "G41811_avg": {
        "pearson": [
            0.2948409733272795,
            5.504524685069752e-99
        ],
        "spearman": [
            0.3160860023586832,
            2.9156367551951523e-114
        ],
        "count": 4906
    },
    "G41812_avg": {
        "pearson": [
            0.4155192725561947,
            1.1603506991680228e-200
        ],
        "spearman": [
            0.49537664734173675,
            4.628226225178681e-297
        ],
        "count": 4822
    },
    "G41814_avg": {
        "pearson": [
            0.42572825591194563,
            1.842968911088539e-221
        ],
        "spearman": [
            0.4466759430690234,
            3.205082529687197e-246
        ],
        "count": 5049
    },
    "Kan11_avg": {
        "pearson": [
            0.317566443919053,
            8.078997044291215e-115
        ],
        "spearman": [
            0.33846840735375394,
            3.9333967452459583e-131
        ],
        "count": 4882
    },
    "Kan12_avg": {
        "pearson": [
            0.4139523626884726,
            2.4361144309623204e-195
        ],
        "spearman": [
            0.49184356483038405,
            8.163256324316857e-287
        ],
        "count": 4732
    },
    "Kan14_avg": {
        "pearson": [
            0.43064971939193375,
            5.015532906332611e-218
        ],
        "spearman": [
            0.4911200681879881,
            1.25226669597583e-292
        ],
        "count": 4845
    },
    "Kan18_avg": {
        "pearson": [
            0.4444514962916718,
            1.3271420066120244e-243
        ],
        "spearman": [
            0.47437558533062407,
            7.4216081128187e-282
        ],
        "count": 5051
    },
    "Neo11_avg": {
        "pearson": [
            0.28978957444840975,
            1.7073965809282173e-96
        ],
        "spearman": [
            0.2902412178089295,
            8.394047365076837e-97
        ],
        "count": 4956
    },
    "Neo12_avg": {
        "pearson": [
            0.4252518732526138,
            1.660310539338751e-212
        ],
        "spearman": [
            0.5067352373254388,
            0.0
        ],
        "count": 4855
    },
    "Neo14_avg": {
        "pearson": [
            0.46343846289731183,
            1.7401048701527358e-265
        ],
        "spearman": [
            0.4957298934702767,
            2.58519663447767e-309
        ],
        "count": 5014
    },
    "Neo18_avg": {
        "pearson": [
            0.40415450472846537,
            6.322046792190659e-198
        ],
        "spearman": [
            0.4022474983908748,
            6.5680745922281005e-196
        ],
        "count": 5054
    },
    "Paro11_avg": {
        "pearson": [
            0.20276406433061828,
            4.008762401632275e-48
        ],
        "spearman": [
            0.18462320509805616,
            4.6580179921537074e-40
        ],
        "count": 5063
    },
    "Paro12_avg": {
        "pearson": [
            0.332028782740645,
            8.135495184060583e-126
        ],
        "spearman": [
            0.3893564370748795,
            2.943681951468033e-176
        ],
        "count": 4876
    },
    "Paro14_avg": {
        "pearson": [
            0.4173948506959473,
            3.4955809441040284e-203
        ],
        "spearman": [
            0.48912857271958454,
            2.48753153174214e-289
        ],
        "count": 4835
    },
    "Paro18_avg": {
        "pearson": [
            0.4536105455668433,
            1.1889981575034306e-249
        ],
        "spearman": [
            0.5089380561689257,
            0.0
        ],
        "count": 4946
    },
    "Ribo11_avg": {
        "pearson": [
            0.3326777748375254,
            1.0941497141543386e-126
        ],
        "spearman": [
            0.38252636994255507,
            3.5598249548104226e-170
        ],
        "count": 4890
    },
    "Ribo12_avg": {
        "pearson": [
            0.4523137787404844,
            1.971530079941535e-244
        ],
        "spearman": [
            0.5249359721402584,
            0.0
        ],
        "count": 4873
    },
    "Ribo14_avg": {
        "pearson": [
            0.48024855015767465,
            3.605792005025472e-288
        ],
        "spearman": [
            0.5178538800204983,
            0.0
        ],
        "count": 5022
    },
    "Ribo18_avg": {
        "pearson": [
            0.46793761201715933,
            2.4681837843517614e-272
        ],
        "spearman": [
            0.47515172853223503,
            6.723805363167645e-282
        ],
        "count": 5033
    }
}