{
    "1BVC": {
        "pearson": [
            -0.6290488320946417,
            1.9478663995111676e-09
        ],
        "spearman": [
            -0.610076866045866,
            7.919535008816954e-09
        ],
        "count": 74,
        "pearson - filtered rosetta [-1;7]": [
            -0.58066162822657,
            8.951183183906713e-08
        ],
        "spearman - filtered rosetta [-1;7]": [
            -0.5845767956521161,
            6.985425564074981e-08
        ],
        "count - filtered rosetta [-1;7]": 72
    },
    "1LZ1": {
        "pearson": [
            -0.5134308478988454,
            5.173836558216008e-09
        ],
        "spearman": [
            -0.5219925579520968,
            2.58520523297507e-09
        ],
        "count": 114,
        "pearson - filtered rosetta [-1;7]": [
            -0.5196176773448085,
            3.690706001995053e-09
        ],
        "spearman - filtered rosetta [-1;7]": [
            -0.5321901472502802,
            1.3082585721551368e-09
        ],
        "count - filtered rosetta [-1;7]": 113
    },
    "2CI2": {
        "pearson": [
            -0.5775192239290086,
            2.517275110682633e-08
        ],
        "spearman": [
            -0.603133258235949,
            4.044620980489138e-09
        ],
        "count": 79,
        "pearson - filtered rosetta [-1;7]": [
            -0.5775192239290086,
            2.517275110682633e-08
        ],
        "spearman - filtered rosetta [-1;7]": [
            -0.603133258235949,
            4.044620980489138e-09
        ],
        "count - filtered rosetta [-1;7]": 79
    },
    "2RN2": {
        "pearson": [
            -0.6505095631308893,
            1.5199365778890965e-10
        ],
        "spearman": [
            -0.5920721410783196,
            1.4163384816447215e-08
        ],
        "count": 77,
        "pearson - filtered rosetta [-1;7]": [
            -0.6615837547760508,
            6.068161596198966e-10
        ],
        "spearman - filtered rosetta [-1;7]": [
            -0.6563630389123094,
            9.188242345824971e-10
        ],
        "count - filtered rosetta [-1;7]": 69
    },
    "overall": {
        "pearson": [
            -0.5643370280188982,
            2.5448171442313894e-30
        ],
        "spearman": [
            -0.5860443857312512,
            4.1430152959752505e-33
        ],
        "count": 344,
        "pearson - filtered rosetta [-1;7]": [
            -0.5552351635746844,
            2.524525898075374e-28
        ],
        "spearman - filtered rosetta [-1;7]": [
            -0.5845030240854813,
            6.725409178689917e-32
        ],
        "count - filtered rosetta [-1;7]": 333
    }
}