{
    "1BVC": {
        "pearson": [
            -0.6290488320946417,
            1.9478663995111676e-09
        ],
        "spearman": [
            -0.610076866045866,
            7.919535008816954e-09
        ]
    },
    "1LZ1": {
        "pearson": [
            -0.5134308478988454,
            5.173836558216008e-09
        ],
        "spearman": [
            -0.5219925579520968,
            2.58520523297507e-09
        ]
    },
    "2CI2": {
        "pearson": [
            -0.5775192239290086,
            2.517275110682633e-08
        ],
        "spearman": [
            -0.603133258235949,
            4.044620980489138e-09
        ]
    },
    "2RN2": {
        "pearson": [
            -0.6505095631308893,
            1.5199365778890965e-10
        ],
        "spearman": [
            -0.5920721410783196,
            1.4163384816447215e-08
        ]
    }
}