{
    "attenuated": {
        "pearson": [
            0.025970707254042907,
            0.1460680760119334
        ],
        "spearman": [
            0.03768458863421536,
            0.03489527130585022
        ],
        "count": 3134
    },
    "regulated": {
        "pearson": [
            0.2809768530791567,
            5.925251228263374e-58
        ],
        "spearman": [
            0.2851819511578646,
            1.014099744939604e-59
        ],
        "count": 3134
    },
    "unregulated": {
        "pearson": [
            0.2609353319833394,
            5.987343458736309e-50
        ],
        "spearman": [
            0.27811993007290264,
            9.026770962671509e-57
        ],
        "count": 3134
    }
}