{
    "attenuated": {
        "pearson": [
            0.08877882543495816,
            6.428535759263424e-07
        ],
        "spearman": [
            0.0849002121449393,
            1.9398210280704237e-06
        ],
        "count": 3134
    },
    "regulated": {
        "pearson": [
            0.30925179091771504,
            1.974387034354295e-70
        ],
        "spearman": [
            0.31849311017847826,
            8.054236043043978e-75
        ],
        "count": 3134
    },
    "unregulated": {
        "pearson": [
            0.312268826814256,
            7.579087628746122e-72
        ],
        "spearman": [
            0.33578649904386015,
            1.8404495461235097e-83
        ],
        "count": 3134
    }
}