{
    "attenuated": {
        "pearson": [
            0.019008390699058266,
            0.2933441543229361
        ],
        "spearman": [
            0.03328058011230088,
            0.06574676345724186
        ],
        "count": 3058
    },
    "regulated": {
        "pearson": [
            0.3192137653347175,
            2.1679034771144152e-73
        ],
        "spearman": [
            0.32537876299916485,
            2.4264534424892756e-76
        ],
        "count": 3058
    },
    "unregulated": {
        "pearson": [
            0.3226794236428818,
            4.848545407685533e-75
        ],
        "spearman": [
            0.33707358502448714,
            3.9339594153663067e-82
        ],
        "count": 3058
    }
}