{
    "enrichment": {
        "pearson": [
            0.5276158541305944,
            1.2707864837865612e-222
        ],
        "spearman": [
            0.5982645173738154,
            1.5102296022999384e-301
        ],
        "count": 3112
    }
}