{
    "enrichment": {
        "pearson": [
            0.5222794727768927,
            2.1451024951581553e-217
        ],
        "spearman": [
            0.5932542209580915,
            2.708155404930444e-295
        ],
        "count": 3112
    }
}