{
    "enrichment": {
        "pearson": [
            0.5100937747113923,
            3.2167103180802156e-231
        ],
        "spearman": [
            0.5835742017901521,
            1.26639e-318
        ],
        "count": 3500
    }
}