{
    "log_proba_mt__minus__log_proba_wt vs. IFN_gamma (pg/ml)": {
        "Sr": 0.39566532436395857,
        "Sr_pval": 7.781490368110239e-08,
        "Pr": 0.25837758204455064,
        "Pr_pval": 0.0006212149829826476,
        "num": 172
    },
    "blosum vs. IFN_gamma (pg/ml)": {
        "Sr": 0.2174733347098187,
        "Sr_pval": 0.00416064211939098,
        "Pr": 0.24663740792014044,
        "Pr_pval": 0.001107979454142637,
        "num": 172
    },
    "blosum vs. log_proba_mt__minus__log_proba_wt": {
        "Sr": 0.26580392008011733,
        "Sr_pval": 0.00042479805916533745,
        "Pr": 0.29925393913217463,
        "Pr_pval": 6.667852658697888e-05,
        "num": 172
    },
    "combined_score vs. IFN_gamma (pg/ml)": {
        "Sr": 0.4124533485843831,
        "Sr_pval": 1.8860219940569815e-08,
        "Pr": 0.30919892942678184,
        "Pr_pval": 3.673191362382568e-05,
        "num": 172
    }
}