{
    "linear": {
        "pearson": [
            0.37720966123161603,
            1.1002636034032822e-13
        ],
        "spearman": [
            0.4096197937305636,
            4.440439898606007e-16
        ],
        "count": 362
    }
}