{
    "linear": {
        "pearson": [
            0.6047447631483993,
            0.0
        ],
        "spearman": [
            0.6287318120239251,
            0.0
        ],
        "count": 5468
    }
}