{
    "log_proba_mt__minus__log_proba_wt vs. -EC50": {
        "Sr": -0.10315990311107191,
        "Sr_pval": 0.17808983511161902,
        "Pr": 0.018078442452450313,
        "Pr_pval": 0.8139084421617627,
        "num": 172
    },
    "blosum vs. -EC50": {
        "Sr": 0.34537649184108626,
        "Sr_pval": 3.481831980829148e-06,
        "Pr": 0.3719814016279285,
        "Pr_pval": 5.050107486860724e-07,
        "num": 172
    },
    "blosum vs. log_proba_mt__minus__log_proba_wt": {
        "Sr": 0.30073132384745055,
        "Sr_pval": 6.110941329727531e-05,
        "Pr": 0.34468022216389665,
        "Pr_pval": 3.6538088357152838e-06,
        "num": 172
    },
    "combined_score vs. -EC50": {
        "Sr": 0.1046891885001095,
        "Sr_pval": 0.17170905462433753,
        "Pr": 0.21791455384629677,
        "Pr_pval": 0.0040830118441321315,
        "num": 172
    }
}