{
    "log_proba_mt__minus__log_proba_wt vs. -EC50": {
        "Sr": 0.11417367463343285,
        "Sr_pval": 0.1358732594219873,
        "Pr": 0.030996438052107958,
        "Pr_pval": 0.6864721373839748,
        "num": 172
    },
    "blosum vs. -EC50": {
        "Sr": 0.030896021200542852,
        "Sr_pval": 0.6874345896905518,
        "Pr": 0.0696803331204638,
        "Pr_pval": 0.3637250535318197,
        "num": 172
    },
    "blosum vs. log_proba_mt__minus__log_proba_wt": {
        "Sr": 0.34830306714240994,
        "Sr_pval": 2.839553756569485e-06,
        "Pr": 0.3590718799703142,
        "Pr_pval": 1.3171627417072623e-06,
        "num": 172
    },
    "combined_score vs. -EC50": {
        "Sr": 0.09126626136766713,
        "Sr_pval": 0.2337695786558377,
        "Pr": 0.05782490529754465,
        "Pr_pval": 0.45116910980701597,
        "num": 172
    }
}