{
    "log_proba_mt__minus__log_proba_wt vs. -EC50": {
        "Sr": 0.3764313382936625,
        "Sr_pval": 3.593710200185002e-07,
        "Pr": 0.3076139415716529,
        "Pr_pval": 4.045201062682596e-05,
        "num": 172
    },
    "blosum vs. -EC50": {
        "Sr": 0.20164498686541152,
        "Sr_pval": 0.007988165146114301,
        "Pr": 0.26183560923865823,
        "Pr_pval": 0.0005211675796531644,
        "num": 172
    },
    "blosum vs. log_proba_mt__minus__log_proba_wt": {
        "Sr": 0.3821521248107302,
        "Sr_pval": 2.3031777824458545e-07,
        "Pr": 0.405739949756987,
        "Pr_pval": 3.3555763654652244e-08,
        "num": 172
    },
    "combined_score vs. -EC50": {
        "Sr": 0.3787777747048255,
        "Sr_pval": 2.99736769490799e-07,
        "Pr": 0.3420782861744779,
        "Pr_pval": 4.370659420381635e-06,
        "num": 172
    }
}