{
    "log_proba_mt__minus__log_proba_wt vs. -EC50": {
        "Sr": 0.13138361601110723,
        "Sr_pval": 0.08580198524382544,
        "Pr": 0.12701272404519054,
        "Pr_pval": 0.09684585228178888,
        "num": 172
    },
    "blosum vs. -EC50": {
        "Sr": 0.3279589714903336,
        "Sr_pval": 1.1238171101349226e-05,
        "Pr": 0.34282061405933184,
        "Pr_pval": 4.1535708982062115e-06,
        "num": 172
    },
    "blosum vs. log_proba_mt__minus__log_proba_wt": {
        "Sr": 0.26238690485356975,
        "Sr_pval": 0.0005066679245518607,
        "Pr": 0.3128644352669262,
        "Pr_pval": 2.932456206083508e-05,
        "num": 172
    },
    "combined_score vs. -EC50": {
        "Sr": 0.26582201732887195,
        "Sr_pval": 0.00042439908626186056,
        "Pr": 0.26321355307456346,
        "Pr_pval": 0.0004856234199269959,
        "num": 172
    }
}