{
    "log_proba_mt__minus__log_proba_wt vs. -EC50": {
        "Sr": 0.13168025588432603,
        "Sr_pval": 0.08509062092180979,
        "Pr": 0.1269736576723014,
        "Pr_pval": 0.09694941382243412,
        "num": 172
    },
    "blosum vs. -EC50": {
        "Sr": 0.3279589714903336,
        "Sr_pval": 1.1238171101349226e-05,
        "Pr": 0.34282061405933184,
        "Pr_pval": 4.1535708982062115e-06,
        "num": 172
    },
    "blosum vs. log_proba_mt__minus__log_proba_wt": {
        "Sr": 0.2624581426470941,
        "Sr_pval": 0.0005048217342567981,
        "Pr": 0.3127455235943616,
        "Pr_pval": 2.9540978163501137e-05,
        "num": 172
    },
    "combined_score vs. -EC50": {
        "Sr": 0.2658086988039519,
        "Sr_pval": 0.0004246926734532633,
        "Pr": 0.2631966840049264,
        "Pr_pval": 0.00048604466715893133,
        "num": 172
    }
}