{
    "log_proba_mt__minus__log_proba_wt vs. -EC50": {
        "Sr": 0.11327955623513977,
        "Sr_pval": 0.13898507222036394,
        "Pr": 0.03023592334385707,
        "Pr_pval": 0.6937737824077156,
        "num": 172
    },
    "blosum vs. -EC50": {
        "Sr": 0.030896021200542852,
        "Sr_pval": 0.6874345896905518,
        "Pr": 0.0696803331204638,
        "Pr_pval": 0.3637250535318197,
        "num": 172
    },
    "blosum vs. log_proba_mt__minus__log_proba_wt": {
        "Sr": 0.3490751624861289,
        "Sr_pval": 2.6899102101079487e-06,
        "Pr": 0.35923000748879386,
        "Pr_pval": 1.3021138561066887e-06,
        "num": 172
    },
    "combined_score vs. -EC50": {
        "Sr": 0.09125127614311475,
        "Sr_pval": 0.23384668665050218,
        "Pr": 0.05730335415799353,
        "Pr_pval": 0.4552686772130369,
        "num": 172
    }
}