{
    "log_proba_mt__minus__log_proba_wt vs. -EC50": {
        "Sr": 0.11194462248126366,
        "Sr_pval": 0.1437319002938169,
        "Pr": 0.029798199318138013,
        "Pr_pval": 0.6979892029855792,
        "num": 172
    },
    "blosum vs. -EC50": {
        "Sr": 0.030896021200542852,
        "Sr_pval": 0.6874345896905518,
        "Pr": 0.0696803331204638,
        "Pr_pval": 0.3637250535318197,
        "num": 172
    },
    "blosum vs. log_proba_mt__minus__log_proba_wt": {
        "Sr": 0.34839113426755286,
        "Sr_pval": 2.8220933073404865e-06,
        "Pr": 0.359187428751082,
        "Pr_pval": 1.3061498402029813e-06,
        "num": 172
    },
    "combined_score vs. -EC50": {
        "Sr": 0.0909403327336525,
        "Sr_pval": 0.23545071050022628,
        "Pr": 0.057005239045332064,
        "Pr_pval": 0.45762126691909605,
        "num": 172
    }
}