{
    "log_proba_mt__minus__log_proba_wt vs. -EC50": {
        "Sr": -0.026132809571266822,
        "Sr_pval": 0.7336399655067991,
        "Pr": 0.01930449030431098,
        "Pr_pval": 0.8015409558931906,
        "num": 172
    },
    "blosum vs. -EC50": {
        "Sr": 0.2817996352455732,
        "Sr_pval": 0.00018039107294154578,
        "Pr": 0.35210964460965455,
        "Pr_pval": 2.171324280629995e-06,
        "num": 172
    },
    "blosum vs. log_proba_mt__minus__log_proba_wt": {
        "Sr": 0.1875557187689855,
        "Sr_pval": 0.013749658108114661,
        "Pr": 0.2306878030821232,
        "Pr_pval": 0.0023302569334296176,
        "num": 172
    },
    "combined_score vs. -EC50": {
        "Sr": 0.13062739594950204,
        "Sr_pval": 0.08763701833387125,
        "Pr": 0.21301064896011412,
        "Pr_pval": 0.005023713034981411,
        "num": 172
    }
}