{
    "log_proba_mt__minus__log_proba_wt vs. -EC50": {
        "Sr": -0.026598643483906698,
        "Sr_pval": 0.7290755211510813,
        "Pr": 0.019242783849958242,
        "Pr_pval": 0.8021622572611444,
        "num": 172
    },
    "blosum vs. -EC50": {
        "Sr": 0.2817996352455732,
        "Sr_pval": 0.00018039107294154578,
        "Pr": 0.35210964460965455,
        "Pr_pval": 2.171324280629995e-06,
        "num": 172
    },
    "blosum vs. log_proba_mt__minus__log_proba_wt": {
        "Sr": 0.18728704191869014,
        "Sr_pval": 0.013888097192458464,
        "Pr": 0.23061261243436912,
        "Pr_pval": 0.002338171029740761,
        "num": 172
    },
    "combined_score vs. -EC50": {
        "Sr": 0.1305919263622452,
        "Sr_pval": 0.08772385280547967,
        "Pr": 0.21295358708117124,
        "Pr_pval": 0.005035717640185675,
        "num": 172
    }
}