{
    "log_proba_mt__minus__log_proba_wt vs. -EC50": {
        "Sr": -0.026326709981604236,
        "Sr_pval": 0.7317388999701444,
        "Pr": 0.01931809791809014,
        "Pr_pval": 0.8014039621678383,
        "num": 172
    },
    "blosum vs. -EC50": {
        "Sr": 0.2817996352455732,
        "Sr_pval": 0.00018039107294154578,
        "Pr": 0.35210964460965455,
        "Pr_pval": 2.171324280629995e-06,
        "num": 172
    },
    "blosum vs. log_proba_mt__minus__log_proba_wt": {
        "Sr": 0.1869388463593387,
        "Sr_pval": 0.014069322932882404,
        "Pr": 0.2304552495418443,
        "Pr_pval": 0.0023548130668785564,
        "num": 172
    },
    "combined_score vs. -EC50": {
        "Sr": 0.13023250121137586,
        "Sr_pval": 0.08860766087463427,
        "Pr": 0.21299740156148236,
        "Pr_pval": 0.005026497717752991,
        "num": 172
    }
}