{
    "log_proba_mt__minus__log_proba_wt vs. -EC50": {
        "Sr": 0.22116371638409252,
        "Sr_pval": 0.0035503099597761073,
        "Pr": 0.2074991842582063,
        "Pr_pval": 0.0063089871217131485,
        "num": 172
    },
    "blosum vs. -EC50": {
        "Sr": 0.23942600657826604,
        "Sr_pval": 0.0015599993065044267,
        "Pr": 0.2658310773308903,
        "Pr_pval": 0.00042419947926758357,
        "num": 172
    },
    "blosum vs. log_proba_mt__minus__log_proba_wt": {
        "Sr": 0.1999955774205547,
        "Sr_pval": 0.008527915777832082,
        "Pr": 0.24304646115786727,
        "Pr_pval": 0.0013154272116573447,
        "num": 172
    },
    "combined_score vs. -EC50": {
        "Sr": 0.29390347918126186,
        "Sr_pval": 9.108792041935429e-05,
        "Pr": 0.29651261272234414,
        "Pr_pval": 7.829415816357332e-05,
        "num": 172
    }
}