{
    "log_proba_mt__minus__log_proba_wt vs. -EC50": {
        "Sr": 0.21976054007820756,
        "Sr_pval": 0.00377215687442319,
        "Pr": 0.2044989844565784,
        "Pr_pval": 0.007125509485311716,
        "num": 172
    },
    "blosum vs. -EC50": {
        "Sr": 0.23942600657826604,
        "Sr_pval": 0.0015599993065044267,
        "Pr": 0.2658310773308903,
        "Pr_pval": 0.00042419947926758357,
        "num": 172
    },
    "blosum vs. log_proba_mt__minus__log_proba_wt": {
        "Sr": 0.2031630726646201,
        "Sr_pval": 0.007518411563232282,
        "Pr": 0.2438669234908638,
        "Pr_pval": 0.0012651212391163514,
        "num": 172
    },
    "combined_score vs. -EC50": {
        "Sr": 0.2924767002461777,
        "Sr_pval": 9.88869630779338e-05,
        "Pr": 0.2942689271523349,
        "Pr_pval": 8.918505693529778e-05,
        "num": 172
    }
}