{
    "log_proba_mt__minus__log_proba_wt vs. -EC50": {
        "Sr": 0.13090293833899347,
        "Sr_pval": 0.08696479071702057,
        "Pr": 0.1267956595784986,
        "Pr_pval": 0.09742238270956517,
        "num": 172
    },
    "blosum vs. -EC50": {
        "Sr": 0.3279589714903336,
        "Sr_pval": 1.1238171101349226e-05,
        "Pr": 0.34282061405933184,
        "Pr_pval": 4.1535708982062115e-06,
        "num": 172
    },
    "blosum vs. log_proba_mt__minus__log_proba_wt": {
        "Sr": 0.2620862572164925,
        "Sr_pval": 0.000514528401222523,
        "Pr": 0.31228536051256695,
        "Pr_pval": 3.039272152534391e-05,
        "num": 172
    },
    "combined_score vs. -EC50": {
        "Sr": 0.2658086988039519,
        "Sr_pval": 0.0004246926734532633,
        "Pr": 0.26312818684150446,
        "Pr_pval": 0.0004877586216583752,
        "num": 172
    }
}