{
    "log_proba_mt__minus__log_proba_wt vs. -EC50": {
        "Sr": 0.2205748307855756,
        "Sr_pval": 0.0036419410271937014,
        "Pr": 0.20511391287429193,
        "Pr_pval": 0.006950875364182761,
        "num": 172
    },
    "blosum vs. -EC50": {
        "Sr": 0.23942600657826604,
        "Sr_pval": 0.0015599993065044267,
        "Pr": 0.2658310773308903,
        "Pr_pval": 0.00042419947926758357,
        "num": 172
    },
    "blosum vs. log_proba_mt__minus__log_proba_wt": {
        "Sr": 0.20284861231517123,
        "Sr_pval": 0.00761365062597046,
        "Pr": 0.24391785280625006,
        "Pr_pval": 0.0012620573496774875,
        "num": 172
    },
    "combined_score vs. -EC50": {
        "Sr": 0.29308564807951387,
        "Sr_pval": 9.548487310357235e-05,
        "Pr": 0.29470593328533357,
        "Pr_pval": 8.695846503238391e-05,
        "num": 172
    }
}