{
    "log_proba_mt__minus__log_proba_wt vs. -EC50": {
        "Sr": -0.1024183577316499,
        "Sr_pval": 0.18124609797837407,
        "Pr": 0.017554753657732302,
        "Pr_pval": 0.8192052764701601,
        "num": 172
    },
    "blosum vs. -EC50": {
        "Sr": 0.34537649184108626,
        "Sr_pval": 3.481831980829148e-06,
        "Pr": 0.3719814016279285,
        "Pr_pval": 5.050107486860724e-07,
        "num": 172
    },
    "blosum vs. log_proba_mt__minus__log_proba_wt": {
        "Sr": 0.3004855387467319,
        "Sr_pval": 6.200459041127804e-05,
        "Pr": 0.34334128020466703,
        "Pr_pval": 4.007459249808707e-06,
        "num": 172
    },
    "combined_score vs. -EC50": {
        "Sr": 0.10430990627325758,
        "Sr_pval": 0.17327552533813756,
        "Pr": 0.2175890361770964,
        "Pr_pval": 0.0041401576798429296,
        "num": 172
    }
}