{
    "log_proba_mt__minus__log_proba_wt vs. -EC50": {
        "Sr": 0.30893025175074834,
        "Sr_pval": 3.733898201411883e-05,
        "Pr": 0.24876356791713422,
        "Pr_pval": 0.000999746250001647,
        "num": 172
    },
    "blosum vs. -EC50": {
        "Sr": 0.18178058344066128,
        "Sr_pval": 0.017006615584561586,
        "Pr": 0.21528862756648404,
        "Pr_pval": 0.004564932550419176,
        "num": 172
    },
    "blosum vs. log_proba_mt__minus__log_proba_wt": {
        "Sr": 0.3694259155946876,
        "Sr_pval": 6.125785406665679e-07,
        "Pr": 0.3877665576549836,
        "Pr_pval": 1.476009458907087e-07,
        "num": 172
    },
    "combined_score vs. -EC50": {
        "Sr": 0.32099334108378547,
        "Sr_pval": 1.760702499875438e-05,
        "Pr": 0.2801814233403341,
        "Pr_pval": 0.0001971883967306265,
        "num": 172
    }
}