{
    "log_proba_mt__minus__log_proba_wt vs. -EC50": {
        "Sr": -0.10246455236184339,
        "Sr_pval": 0.18104828428068323,
        "Pr": 0.018268003786244245,
        "Pr_pval": 0.8119931934817085,
        "num": 172
    },
    "blosum vs. -EC50": {
        "Sr": 0.34537649184108626,
        "Sr_pval": 3.481831980829148e-06,
        "Pr": 0.3719814016279285,
        "Pr_pval": 5.050107486860724e-07,
        "num": 172
    },
    "blosum vs. log_proba_mt__minus__log_proba_wt": {
        "Sr": 0.3026518211540463,
        "Sr_pval": 5.4520954124113904e-05,
        "Pr": 0.3454162068648903,
        "Pr_pval": 3.4722580804144475e-06,
        "num": 172
    },
    "combined_score vs. -EC50": {
        "Sr": 0.10507819591226533,
        "Sr_pval": 0.17011335589312332,
        "Pr": 0.21805302945960497,
        "Pr_pval": 0.00405891779841738,
        "num": 172
    }
}