{
    "1BVC": {
        "pearson": [
            -0.6312496838227747,
            1.64516117243822e-09
        ],
        "spearman": [
            -0.6649042531772182,
            1.0422669270861662e-10
        ],
        "count": 74
    },
    "1LZ1": {
        "pearson": [
            -0.5243081244388459,
            2.1357838723769166e-09
        ],
        "spearman": [
            -0.5515292947358593,
            2.023662525045899e-10
        ],
        "count": 114
    },
    "2CI2": {
        "pearson": [
            -0.5631289329496991,
            6.575635423576361e-08
        ],
        "spearman": [
            -0.586967904095775,
            1.3062096546781503e-08
        ],
        "count": 79
    },
    "2RN2": {
        "pearson": [
            -0.596887402897632,
            1.0085048724464976e-08
        ],
        "spearman": [
            -0.49951691483262245,
            3.750573054518132e-06
        ],
        "count": 77
    },
    "overall": {
        "pearson": [
            -0.5500084745644569,
            1.3691274944381273e-28
        ],
        "spearman": [
            -0.5826218689608633,
            1.1772573332415261e-32
        ],
        "count": 344
    }
}