{
    "1PGA": {
        "pearson": [
            -0.7354345264257574,
            3.846183612652303e-155
        ],
        "spearman": [
            -0.6864850683823593,
            2.2529910218572976e-127
        ],
        "count": 907,
        "pearson - filtered rosetta [-1;7]": [
            -0.7295279992446192,
            3.1105667907366513e-140
        ],
        "spearman - filtered rosetta [-1;7]": [
            -0.6867666604510845,
            4.4292627247627645e-118
        ],
        "count - filtered rosetta [-1;7]": 839
    },
    "overall": {
        "pearson": [
            -0.7354345264257574,
            3.846183612652303e-155
        ],
        "spearman": [
            -0.6864850683823593,
            2.2529910218572976e-127
        ],
        "count": 907,
        "pearson - filtered rosetta [-1;7]": [
            -0.7295279992446192,
            3.1105667907366513e-140
        ],
        "spearman - filtered rosetta [-1;7]": [
            -0.6867666604510845,
            4.4292627247627645e-118
        ],
        "count - filtered rosetta [-1;7]": 839
    }
}