{
    "log2_ratio": {
        "pearson": [
            0.2167506664686336,
            5.096134309611794e-11
        ],
        "spearman": [
            0.17793970487124297,
            7.842391410130409e-08
        ],
        "count": 899
    }
}