{
    "log2_ratio": {
        "pearson": [
            0.22354086332652745,
            1.2089369135602693e-11
        ],
        "spearman": [
            0.18352834740073504,
            2.985659600423048e-08
        ],
        "count": 899
    }
}