{
    "ETP_AVERAGE": {
        "pearson": [
            0.11195660749368139,
            1.93744124855788e-20
        ],
        "spearman": [
            0.11642546388431907,
            5.521718218428293e-22
        ],
        "count": 6809
    },
    "DOX_Average": {
        "pearson": [
            0.012701456371368703,
            0.29467009247916365
        ],
        "spearman": [
            -0.03268858923652854,
            0.006984571054920315
        ],
        "count": 6809
    },
    "SCH_Average": {
        "pearson": [
            0.10661857083431603,
            1.1309117878633322e-18
        ],
        "spearman": [
            0.10071551573880173,
            8.058955655150683e-17
        ],
        "count": 6809
    },
    "VRT_AVERAGE": {
        "pearson": [
            0.10380080662987251,
            8.932602483112214e-18
        ],
        "spearman": [
            0.11583948670401173,
            8.874538093931357e-22
        ],
        "count": 6809
    }
}