{
    "ETP_AVERAGE": {
        "pearson": [
            0.11921518902534275,
            6.521766270382704e-22
        ],
        "spearman": [
            0.12139125325182082,
            1.1497907305915485e-22
        ],
        "count": 6469
    },
    "DOX_Average": {
        "pearson": [
            -0.0033352460329739656,
            0.7885430210790143
        ],
        "spearman": [
            -0.04830043816257788,
            0.00010177270616468269
        ],
        "count": 6469
    },
    "SCH_Average": {
        "pearson": [
            0.132406082725939,
            1.080116105261853e-26
        ],
        "spearman": [
            0.11938762406638348,
            5.690347982529505e-22
        ],
        "count": 6469
    },
    "VRT_AVERAGE": {
        "pearson": [
            0.13500030644645972,
            1.0796334071786618e-27
        ],
        "spearman": [
            0.14145404366984302,
            2.8773612439829536e-30
        ],
        "count": 6469
    }
}