{
    "screenscore": {
        "pearson": [
            0.0843255018118351,
            0.3810998265276953
        ],
        "spearman": [
            0.004045442450536911,
            0.9665429906360363
        ],
        "count": 110
    }
}