{
    "screenscore": {
        "pearson": [
            0.20950086111073363,
            6.7190395925070884e-21
        ],
        "spearman": [
            0.2055425443855897,
            3.6821107239858324e-20
        ],
        "count": 1962
    }
}