{
    "fitness": {
        "pearson": [
            0.25657377490326094,
            5.621592059052879e-24
        ],
        "spearman": [
            0.27665971567974396,
            9.261422118162177e-28
        ],
        "count": 1500
    }
}