{
    "acetamide_normalized_fitness": {
        "pearson": [
            0.28165546564897315,
            8.735950025916281e-121
        ],
        "spearman": [
            0.3918446627305441,
            1.6080312273835927e-241
        ],
        "count": 6610
    },
    "isobutyramide_normalized_fitness": {
        "pearson": [
            0.3932653129959439,
            3.773540066448561e-241
        ],
        "spearman": [
            0.4166618787592985,
            2.11576515356526e-273
        ],
        "count": 6548
    },
    "propionamide_normalized_fitness": {
        "pearson": [
            0.34701593318152935,
            2.0361672229489167e-186
        ],
        "spearman": [
            0.393463718958922,
            1.0255651840117876e-243
        ],
        "count": 6611
    }
}