{
    "acetamide_normalized_fitness": {
        "pearson": [
            0.26414670220289616,
            3.0708836386892217e-106
        ],
        "spearman": [
            0.37109791773767986,
            1.5945044539585513e-215
        ],
        "count": 6629
    },
    "isobutyramide_normalized_fitness": {
        "pearson": [
            0.3665448301752443,
            5.190159490845182e-208
        ],
        "spearman": [
            0.3929118122255061,
            2.06760857514219e-241
        ],
        "count": 6568
    },
    "propionamide_normalized_fitness": {
        "pearson": [
            0.32721615460766906,
            2.8805556751573587e-165
        ],
        "spearman": [
            0.3716928249499836,
            2.509869260348674e-216
        ],
        "count": 6631
    }
}