{
    "selection_coefficient": {
        "pearson": [
            0.2973451762234476,
            2.5439478692034873e-27
        ],
        "spearman": [
            0.2791476719068504,
            3.806806413275704e-24
        ],
        "count": 1269
    }
}