{
    "selection_coefficient": {
        "pearson": [
            0.24643273446207542,
            5.207667769879907e-19
        ],
        "spearman": [
            0.26105755066018027,
            3.232648946361065e-21
        ],
        "count": 1269
    }
}