{
    "selection_coefficient": {
        "pearson": [
            0.25255325801172995,
            6.459676874460611e-20
        ],
        "spearman": [
            0.2601857239929236,
            4.416892186711761e-21
        ],
        "count": 1269
    }
}