{
    "fitness": {
        "pearson": [
            0.23269924571375084,
            6.817769238085882e-20
        ],
        "spearman": [
            0.22384354721998947,
            1.7280148139791375e-18
        ],
        "count": 1500
    }
}