{
    "log2_ratio": {
        "pearson": [
            0.24188037822660227,
            1.956671524772305e-13
        ],
        "spearman": [
            0.21991009993347868,
            2.6245203173202725e-11
        ],
        "count": 899
    }
}