{
    "log2_ratio": {
        "pearson": [
            0.23385345998949436,
            1.2418663598630782e-12
        ],
        "spearman": [
            0.22141934176878025,
            1.9046858669697134e-11
        ],
        "count": 899
    }
}