{
    "ETP_AVERAGE": {
        "pearson": [
            0.14412830794651554,
            6.242662706957781e-33
        ],
        "spearman": [
            0.15846508423371472,
            1.5549446968856146e-39
        ],
        "count": 6809
    },
    "DOX_Average": {
        "pearson": [
            0.008122254427245186,
            0.5027880850712533
        ],
        "spearman": [
            -0.014932076367719736,
            0.21795371446811124
        ],
        "count": 6809
    },
    "SCH_Average": {
        "pearson": [
            0.13561947661772897,
            2.5710085615817787e-29
        ],
        "spearman": [
            0.136288714972065,
            1.361310999976991e-29
        ],
        "count": 6809
    },
    "VRT_AVERAGE": {
        "pearson": [
            0.1357489559831196,
            2.2739724185102317e-29
        ],
        "spearman": [
            0.15280432830443527,
            7.52455650967247e-37
        ],
        "count": 6809
    }
}