{
    "ETP_AVERAGE": {
        "pearson": [
            0.15241015389753718,
            6.395401686875349e-35
        ],
        "spearman": [
            0.16722132328995085,
            8.776899343911803e-42
        ],
        "count": 6469
    },
    "DOX_Average": {
        "pearson": [
            -0.00022589781053301752,
            0.9855068480420837
        ],
        "spearman": [
            -0.02557368789621202,
            0.03970229274468439
        ],
        "count": 6469
    },
    "SCH_Average": {
        "pearson": [
            0.1417310867893261,
            2.216819496821729e-30
        ],
        "spearman": [
            0.14146366528995852,
            2.8514422216340877e-30
        ],
        "count": 6469
    },
    "VRT_AVERAGE": {
        "pearson": [
            0.14225936787410898,
            1.3462380275422382e-30
        ],
        "spearman": [
            0.15963909629905723,
            3.460395128482501e-38
        ],
        "count": 6469
    }
}