{
    "selection_coefficient": {
        "pearson": [
            0.052197102281981995,
            0.06304789877977504
        ],
        "spearman": [
            0.1330981835851006,
            1.9564595690920416e-06
        ],
        "count": 1269
    }
}