{
    "selection_coefficient": {
        "pearson": [
            0.04003393519844926,
            0.15407168439211621
        ],
        "spearman": [
            0.13692808762066078,
            9.777540412987053e-07
        ],
        "count": 1269
    }
}