{
    "selection_coefficient": {
        "pearson": [
            0.13716587823810983,
            9.359531352984892e-07
        ],
        "spearman": [
            0.21772630661110098,
            4.409719784687047e-15
        ],
        "count": 1269
    }
}