{
    "linear": {
        "pearson": [
            0.3362076524778954,
            5.14092377209248e-11
        ],
        "spearman": [
            0.3621070693213897,
            1.173976968859854e-12
        ],
        "count": 362
    }
}