{
    "selection_coefficient": {
        "pearson": [
            0.11735029062048219,
            1.493112690352844e-14
        ],
        "spearman": [
            0.0795990696343951,
            1.9388125504486994e-07
        ],
        "count": 4265
    }
}