{
    "1BVC": {
        "pearson": [
            -0.2942109291690973,
            0.010946741368257198
        ],
        "spearman": [
            -0.23252025336635096,
            0.04619833283521043
        ]
    },
    "1LZ1": {
        "pearson": [
            -0.31197138240780276,
            0.000727563499445085
        ],
        "spearman": [
            -0.3472267810359947,
            0.0001537232053980619
        ]
    },
    "2CI2": {
        "pearson": [
            -0.31471230887199364,
            0.004731073018979151
        ],
        "spearman": [
            -0.40290441015483325,
            0.00023200683537269828
        ]
    },
    "2RN2": {
        "pearson": [
            -0.3663491856985486,
            0.0010497665658287859
        ],
        "spearman": [
            -0.324567688003481,
            0.003978154195584881
        ]
    }
}