{
    "SelectionOne": {
        "pearson": [
            0.349225360016338,
            4.264202998074034e-230
        ],
        "spearman": [
            0.3627913228626473,
            1.7413462120009274e-249
        ],
        "count": 8067
    }
}