{
    "SelectionOne": {
        "pearson": [
            0.36340134380969225,
            4.5296850671121065e-246
        ],
        "spearman": [
            0.3605398213304652,
            5.780667501729894e-242
        ],
        "count": 7927
    }
}