{
    "enrichment": {
        "pearson": [
            0.5459085378960941,
            9.89306538920641e-242
        ],
        "spearman": [
            0.6283273054106456,
            0.0
        ],
        "count": 3118
    }
}