{
    "enrichment": {
        "pearson": [
            0.5343713501423706,
            9.901073188632312e-258
        ],
        "spearman": [
            0.6168860561892539,
            0.0
        ],
        "count": 3500
    }
}