{
    "enrichment": {
        "pearson": [
            0.5478759006109277,
            8.249606426121742e-244
        ],
        "spearman": [
            0.6324859762932733,
            0.0
        ],
        "count": 3118
    }
}