{
    "Caffeine": {
        "pearson": [
            0.1222115334068695,
            1.0912597968438501e-05
        ],
        "spearman": [
            0.16970081651755442,
            8.846845414287544e-10
        ],
        "count": 1288
    },
    "DMSO": {
        "pearson": [
            0.05620252673602301,
            0.04088292436645138
        ],
        "spearman": [
            0.0784298274547793,
            0.004296706161838539
        ],
        "count": 1324
    },
    "DTT": {
        "pearson": [
            0.10480627071799786,
            0.0001684083874599408
        ],
        "spearman": [
            0.14099344446153264,
            3.92315329306305e-07
        ],
        "count": 1284
    },
    "HU": {
        "pearson": [
            0.03291998695388687,
            0.2405069520419664
        ],
        "spearman": [
            0.01136049691353085,
            0.685516121379171
        ],
        "count": 1273
    },
    "MG132": {
        "pearson": [
            0.043023310052612805,
            0.12951568055156976
        ],
        "spearman": [
            0.06643124607039166,
            0.019162991373444738
        ],
        "count": 1243
    }
}