{
    "Caffeine": {
        "pearson": [
            0.1127358728624435,
            5.0144943882303175e-05
        ],
        "spearman": [
            0.1627639921952887,
            4.230050492121683e-09
        ],
        "count": 1288
    },
    "DMSO": {
        "pearson": [
            0.0454633657115854,
            0.09821706521132706
        ],
        "spearman": [
            0.052227824468258105,
            0.05744549215786507
        ],
        "count": 1324
    },
    "DTT": {
        "pearson": [
            0.08455870518130014,
            0.0024256217941879734
        ],
        "spearman": [
            0.12545031228271014,
            6.522650746116657e-06
        ],
        "count": 1284
    },
    "HU": {
        "pearson": [
            0.025164509434611744,
            0.36966143609758295
        ],
        "spearman": [
            0.010398358473104427,
            0.7108983164691924
        ],
        "count": 1273
    },
    "MG132": {
        "pearson": [
            0.04120544887831691,
            0.1465286361176402
        ],
        "spearman": [
            0.04889134979255956,
            0.08488496745476422
        ],
        "count": 1243
    }
}