{
    "Caffeine": {
        "pearson": [
            0.2174032571112456,
            3.039021707885763e-15
        ],
        "spearman": [
            0.24480135078109963,
            4.965592733460772e-19
        ],
        "count": 1288
    },
    "DMSO": {
        "pearson": [
            0.17058274393645317,
            4.185765024604597e-10
        ],
        "spearman": [
            0.18697973697961734,
            6.9960405861575215e-12
        ],
        "count": 1324
    },
    "DTT": {
        "pearson": [
            0.205835508236473,
            9.447480729337719e-14
        ],
        "spearman": [
            0.2370246992829291,
            7.436405311009298e-18
        ],
        "count": 1284
    },
    "HU": {
        "pearson": [
            0.17743386409662126,
            1.828262220294984e-10
        ],
        "spearman": [
            0.17717648481057735,
            1.9437842757529743e-10
        ],
        "count": 1273
    },
    "MG132": {
        "pearson": [
            0.18232769237922064,
            9.414127024222863e-11
        ],
        "spearman": [
            0.19784718206982946,
            1.9501321019164275e-12
        ],
        "count": 1243
    }
}