{
    "MIC_score": {
        "pearson": [
            0.4920638603034495,
            1.9596181958643574e-61
        ],
        "spearman": [
            0.5489219323030116,
            6.560558526215718e-79
        ],
        "count": 989
    }
}