{
    "screenscore": {
        "pearson": [
            0.30049310130964046,
            2.1560500016709925e-72
        ],
        "spearman": [
            0.3166063219364473,
            1.3938997925234068e-80
        ],
        "count": 3424
    }
}