{
    "screenscore": {
        "pearson": [
            0.27632417226501094,
            7.041868491720947e-56
        ],
        "spearman": [
            0.29575242017591075,
            4.060274884542208e-64
        ],
        "count": 3125
    }
}