{
    "overall": {
        "pearson": [
            -0.29662209157850455,
            1.3989463146417092e-08
        ],
        "spearman": [
            -0.36481904522209885,
            1.6033062820220009e-12
        ],
        "count": 352
    }
}