{
    "overall": {
        "pearson": [
            -0.2930538532773261,
            2.117855673051318e-08
        ],
        "spearman": [
            -0.3616780609725513,
            2.561035306949308e-12
        ],
        "count": 352
    }
}