{
    "Overall": {
        "all_types_of_mutations": {
            "Pr": -0.2866763899982373,
            "Pr_pval": 1.0224208447768138e-108,
            "Sr": -0.2969369975772296,
            "Sr_pval": 7.263558196764949e-117,
            "num": 5724.0,
            "num_struc": 333.0
        },
        "single_point_mutations": {
            "Pr": -0.3318927956518912,
            "Pr_pval": 1.8364296303876896e-106,
            "Sr": -0.31636871302508224,
            "Sr_pval": 2.1680696614202753e-96,
            "num": 4118.0,
            "num_struc": 310.0
        },
        "multi_point_mutations": {
            "Pr": -0.3110989913088767,
            "Pr_pval": 2.2351735589321195e-37,
            "Sr": -0.33192264214046197,
            "Sr_pval": 1.316107710490049e-42,
            "num": 1606.0,
            "num_struc": 143.0
        }
    },
    "Per-Structure": {
        "all_types_of_mutations": {
            "Pr": -0.24694447673603862,
            "Pr_pval": 4.016213864415868e-65,
            "Sr": -0.2496008485593463,
            "Sr_pval": 5.797111132312844e-76,
            "num": 5023.0,
            "num_struc": 116.0
        },
        "single_point_mutations": {
            "Pr": -0.28241160417587235,
            "Pr_pval": 5.096541570410198e-53,
            "Sr": -0.28254859406978666,
            "Sr_pval": 8.284823080890852e-55,
            "num": 3485.0,
            "num_struc": 93.0
        },
        "multi_point_mutations": {
            "Pr": -0.2715122231279323,
            "Pr_pval": 7.921065232510613e-26,
            "Sr": -0.2389905675387612,
            "Sr_pval": 2.569609338223095e-23,
            "num": 1302.0,
            "num_struc": 41.0
        }
    }
}