{
    "Overall": {
        "all_types_of_mutations": {
            "Pr": -0.28575673562244686,
            "Pr_pval": 4.857648291017215e-108,
            "Sr": -0.29585214667877335,
            "Sr_pval": 4.998972496686417e-116,
            "num": 5726.0,
            "num_struc": 333.0
        },
        "single_point_mutations": {
            "Pr": -0.33073633291988214,
            "Pr_pval": 1.0835360531118847e-105,
            "Sr": -0.31527889722341185,
            "Sr_pval": 1.0495221211682622e-95,
            "num": 4118.0,
            "num_struc": 310.0
        },
        "multi_point_mutations": {
            "Pr": -0.31048722771852577,
            "Pr_pval": 2.8344698828779476e-37,
            "Sr": -0.3308315372768211,
            "Sr_pval": 2.254431477254658e-42,
            "num": 1608.0,
            "num_struc": 143.0
        }
    },
    "Per-Structure": {
        "all_types_of_mutations": {
            "Pr": -0.24651484877775173,
            "Pr_std": 0.2730668521076824,
            "Pr_pval": 2.066590932009949e-64,
            "Sr": -0.2504374863186615,
            "Sr_std": 0.29464427948256416,
            "Sr_pval": 1.3060155950740172e-75,
            "num": 5025.0,
            "num_struc": 116.0
        },
        "single_point_mutations": {
            "Pr": -0.2812994506967083,
            "Pr_std": 0.2510051602152445,
            "Pr_pval": 1.741384326136098e-52,
            "Sr": -0.2824187449346182,
            "Sr_std": 0.2635290869644937,
            "Sr_pval": 6.783369921716889e-55,
            "num": 3485.0,
            "num_struc": 93.0
        },
        "multi_point_mutations": {
            "Pr": -0.272326354777904,
            "Pr_std": 0.28922686625441935,
            "Pr_pval": 1.2686477480125902e-25,
            "Sr": -0.24088094814333394,
            "Sr_std": 0.3041664949829117,
            "Sr_pval": 6.306140532860492e-23,
            "num": 1304.0,
            "num_struc": 41.0
        }
    }
}