{
    "SelectionOne": {
        "pearson": [
            0.36233513216890867,
            8.098963406598554e-249
        ],
        "spearman": [
            0.36759570960215054,
            1.3932105808516687e-256
        ],
        "count": 8067
    }
}