{
    "SelectionOne": {
        "pearson": [
            0.3725921261738747,
            1.5163364226186784e-259
        ],
        "spearman": [
            0.3672103166010816,
            1.333449847287878e-251
        ],
        "count": 7927
    }
}