{
    "selection_coefficient": {
        "pearson": [
            0.03118814419128208,
            0.0416799631158028
        ],
        "spearman": [
            0.0461460588624451,
            0.0025750372075048497
        ],
        "count": 4265
    }
}