{
    "Overall": {
        "all_types_of_mutations": {
            "Pr": -0.30586886066501634,
            "Pr_pval": 5.3062672017733005e-124,
            "Sr": -0.3073943330161796,
            "Sr_pval": 2.767412194113421e-125,
            "num": 5713.0,
            "num_struc": 331.0
        },
        "single_point_mutations": {
            "Pr": -0.36221179082809674,
            "Pr_pval": 1.5914406979383757e-127,
            "Sr": -0.3279974616206192,
            "Sr_pval": 1.3945290416463107e-103,
            "num": 4106.0,
            "num_struc": 308.0
        },
        "multi_point_mutations": {
            "Pr": -0.3429818150002004,
            "Pr_pval": 1.3931451285896161e-45,
            "Sr": -0.3510398550776989,
            "Sr_pval": 8.280207916760796e-48,
            "num": 1607.0,
            "num_struc": 142.0
        }
    },
    "Per-Structure": {
        "all_types_of_mutations": {
            "Pr": -0.3092969919174061,
            "Pr_std": 0.24741789906158076,
            "Pr_pval": 2.955351285399788e-92,
            "Sr": -0.31167597696215904,
            "Sr_std": 0.24475611785302862,
            "Sr_pval": 3.688316639807672e-83,
            "num": 5025.0,
            "num_struc": 116.0
        },
        "single_point_mutations": {
            "Pr": -0.3353065502550321,
            "Pr_std": 0.2612530060315928,
            "Pr_pval": 7.840060667341563e-90,
            "Sr": -0.3208717995713234,
            "Sr_std": 0.2581024917022149,
            "Sr_pval": 4.714264106751388e-67,
            "num": 3485.0,
            "num_struc": 93.0
        },
        "multi_point_mutations": {
            "Pr": -0.29549739403819997,
            "Pr_std": 0.26568807456869353,
            "Pr_pval": 9.692569389358244e-22,
            "Sr": -0.2917199129380164,
            "Sr_std": 0.2585069746279438,
            "Sr_pval": 3.5753633869565064e-20,
            "num": 1304.0,
            "num_struc": 41.0
        }
    }
}