{
    "log2_ratio": {
        "pearson": [
            0.1995019191341637,
            1.59783275749617e-09
        ],
        "spearman": [
            0.16060542297872848,
            1.2968324751036978e-06
        ],
        "count": 899
    }
}