{
    "log2_ratio": {
        "pearson": [
            0.2005749096587474,
            1.3008165265322443e-09
        ],
        "spearman": [
            0.16181453740646065,
            1.076218135570172e-06
        ],
        "count": 899
    }
}