{
    "1BVC": {
        "pearson": [
            -0.2942531892203334,
            0.010934756831986615
        ],
        "spearman": [
            -0.3256764567850992,
            0.004632823760492963
        ],
        "count": 74
    },
    "1LZ1": {
        "pearson": [
            -0.39829041279726185,
            1.1402161700110826e-05
        ],
        "spearman": [
            -0.42991506198823376,
            1.8093533174091728e-06
        ],
        "count": 114
    },
    "2CI2": {
        "pearson": [
            -0.4717765374019134,
            1.1388485952528734e-05
        ],
        "spearman": [
            -0.5589950247176728,
            8.592200955036789e-08
        ],
        "count": 79
    },
    "2RN2": {
        "pearson": [
            -0.36069352360168605,
            0.0012706967452880888
        ],
        "spearman": [
            -0.3037851553100501,
            0.007233561087549844
        ],
        "count": 77
    },
    "overall": {
        "pearson": [
            -0.38760031731059386,
            8.903143784009317e-14
        ],
        "spearman": [
            -0.4294918063902283,
            7.129992300248731e-17
        ],
        "count": 344
    }
}