{
    "1BVC": {
        "pearson": [
            -0.2911518156183063,
            0.011845191821382073
        ],
        "spearman": [
            -0.325483924091229,
            0.0046585498972604895
        ]
    },
    "1LZ1": {
        "pearson": [
            -0.3982984258584935,
            1.1397110150130155e-05
        ],
        "spearman": [
            -0.4298907585844073,
            1.8120466649001043e-06
        ]
    },
    "2CI2": {
        "pearson": [
            -0.47178061966387197,
            1.1386224593313566e-05
        ],
        "spearman": [
            -0.5589950247176728,
            8.592200955036789e-08
        ]
    },
    "2RN2": {
        "pearson": [
            -0.3606826150608501,
            0.0012711607211021033
        ],
        "spearman": [
            -0.3037851553100501,
            0.007233561087549844
        ]
    }
}