{
    "1BVC": {
        "pearson": [
            -0.2911518156183063,
            0.011845191821382073
        ],
        "spearman": [
            -0.325483924091229,
            0.0046585498972604895
        ],
        "count": 74,
        "pearson - filtered rosetta [-1;7]": [
            -0.291081744055552,
            0.013114175250875064
        ],
        "spearman - filtered rosetta [-1;7]": [
            -0.3284184467816721,
            0.004854572571624882
        ],
        "count - filtered rosetta [-1;7]": 72
    },
    "1LZ1": {
        "pearson": [
            -0.3982984258584935,
            1.1397110150130155e-05
        ],
        "spearman": [
            -0.4298907585844073,
            1.8120466649001043e-06
        ],
        "count": 114,
        "pearson - filtered rosetta [-1;7]": [
            -0.4048070280195879,
            8.699247553598347e-06
        ],
        "spearman - filtered rosetta [-1;7]": [
            -0.43909773432189675,
            1.1432766879201602e-06
        ],
        "count - filtered rosetta [-1;7]": 113
    },
    "2CI2": {
        "pearson": [
            -0.47178061966387197,
            1.1386224593313566e-05
        ],
        "spearman": [
            -0.5589950247176728,
            8.592200955036789e-08
        ],
        "count": 79,
        "pearson - filtered rosetta [-1;7]": [
            -0.47178061966387197,
            1.1386224593313566e-05
        ],
        "spearman - filtered rosetta [-1;7]": [
            -0.5589950247176728,
            8.592200955036789e-08
        ],
        "count - filtered rosetta [-1;7]": 79
    },
    "2RN2": {
        "pearson": [
            -0.3606826150608501,
            0.0012711607211021033
        ],
        "spearman": [
            -0.3037851553100501,
            0.007233561087549844
        ],
        "count": 77,
        "pearson - filtered rosetta [-1;7]": [
            -0.40824106856488307,
            0.0004973326467004195
        ],
        "spearman - filtered rosetta [-1;7]": [
            -0.38397457002502,
            0.0011256218035378721
        ],
        "count - filtered rosetta [-1;7]": 69
    },
    "overall": {
        "pearson": [
            -0.3880390970846666,
            8.304633767040717e-14
        ],
        "spearman": [
            -0.42980649516304387,
            6.732124254533327e-17
        ],
        "count": 344,
        "pearson - filtered rosetta [-1;7]": [
            -0.39446593686756537,
            7.626423762038217e-14
        ],
        "spearman - filtered rosetta [-1;7]": [
            -0.441872427041594,
            2.3876129814944275e-17
        ],
        "count - filtered rosetta [-1;7]": 333
    }
}