{
    "1BVC": {
        "pearson": [
            -0.2942443076982905,
            0.010937274596818763
        ],
        "spearman": [
            -0.3256764567850992,
            0.004632823760492963
        ],
        "count": 74
    },
    "1LZ1": {
        "pearson": [
            -0.3982984258584935,
            1.1397110150130155e-05
        ],
        "spearman": [
            -0.4298907585844073,
            1.8120466649001043e-06
        ],
        "count": 114
    },
    "2CI2": {
        "pearson": [
            -0.47178061966387197,
            1.1386224593313566e-05
        ],
        "spearman": [
            -0.5589950247176728,
            8.592200955036789e-08
        ],
        "count": 79
    },
    "2RN2": {
        "pearson": [
            -0.3606826150608501,
            0.0012711607211021033
        ],
        "spearman": [
            -0.3037851553100501,
            0.007233561087549844
        ],
        "count": 77
    },
    "overall": {
        "pearson": [
            -0.3875993195074094,
            8.904551785802938e-14
        ],
        "spearman": [
            -0.4294865001626773,
            7.136895214131156e-17
        ],
        "count": 344
    }
}