{
    "log2_ratio": {
        "pearson": [
            0.2183766839745256,
            3.6263778385103953e-11
        ],
        "spearman": [
            0.2113988239100194,
            1.532438415704297e-10
        ],
        "count": 899
    }
}