{
    "log2_ratio": {
        "pearson": [
            0.23352728583350318,
            1.3368036075073087e-12
        ],
        "spearman": [
            0.21320291631452817,
            1.0607362023635768e-10
        ],
        "count": 899
    }
}