{
    "selection_coefficient": {
        "pearson": [
            0.23710017359125457,
            1.12621737843849e-17
        ],
        "spearman": [
            0.2570498596665282,
            1.3443136495567458e-20
        ],
        "count": 1269
    }
}