{
    "selection_coefficient": {
        "pearson": [
            0.2504306072087071,
            1.3407987080232697e-19
        ],
        "spearman": [
            0.2614544256192383,
            2.8033707799957642e-21
        ],
        "count": 1269
    }
}