{
    "acetamide_normalized_fitness": {
        "pearson": [
            0.2723915329255725,
            8.571396374224105e-113
        ],
        "spearman": [
            0.3851428398260569,
            1.0327452173978839e-232
        ],
        "count": 6610
    },
    "isobutyramide_normalized_fitness": {
        "pearson": [
            0.49320049444333836,
            0.0
        ],
        "spearman": [
            0.49408866277295493,
            0.0
        ],
        "count": 6548
    },
    "propionamide_normalized_fitness": {
        "pearson": [
            0.3521630849372283,
            2.6218343343231267e-192
        ],
        "spearman": [
            0.39633536786179063,
            1.4175155066777562e-247
        ],
        "count": 6611
    }
}