{
    "acetamide_normalized_fitness": {
        "pearson": [
            0.266948581148186,
            1.5096008341826054e-108
        ],
        "spearman": [
            0.3711104044254538,
            1.5386666608284575e-215
        ],
        "count": 6629
    },
    "isobutyramide_normalized_fitness": {
        "pearson": [
            0.479269015074546,
            0.0
        ],
        "spearman": [
            0.4801022244546483,
            0.0
        ],
        "count": 6568
    },
    "propionamide_normalized_fitness": {
        "pearson": [
            0.3378542415682668,
            9.87739724224755e-177
        ],
        "spearman": [
            0.3791424950100495,
            1.0429738580058826e-225
        ],
        "count": 6631
    }
}