{
    "Overall": {
        "all_types_of_mutations": {
            "Pr": 0.045498503691816176,
            "Pr_pval": 0.3815503514794942,
            "Sr": 0.07017866339144552,
            "Sr_pval": 0.17680195349582906,
            "num": 372.0
        },
        "single_point_mutations": {
            "Pr": 0.14630074208411636,
            "Pr_pval": 0.018032267171483905,
            "Sr": 0.1454324000136519,
            "Sr_pval": 0.018734786397345504,
            "num": 261.0
        },
        "multi_point_mutations": {
            "Pr": 0.014366853953131404,
            "Pr_pval": 0.8810340806268052,
            "Sr": -0.06299333519797051,
            "Sr_pval": 0.5112992962950274,
            "num": 111.0
        }
    },
    "Per-Structure": {
        "all_types_of_mutations": {
            "Pr": 0.1293858052148803,
            "Pr_pval": 0.0172825770096243,
            "Sr": 0.08292493926511496,
            "Sr_pval": 0.00027445354989677256,
            "num": 266.0
        },
        "single_point_mutations": {
            "Pr": 0.19476085811772031,
            "Pr_pval": 0.014010468716449703,
            "Sr": 0.20070217119695027,
            "Sr_pval": 0.008304952334543233,
            "num": 180.0
        },
        "multi_point_mutations": {
            "Pr": -0.21658788481449873,
            "Pr_pval": 0.00019351267110809272,
            "Sr": -0.21458209210009613,
            "Sr_pval": 0.00126872524434183,
            "num": 79.0
        }
    }
}