{
    "Overall": {
        "all_types_of_mutations": {
            "Pr": 0.07063771357130381,
            "Pr_pval": 0.17398042880283918,
            "Sr": 0.059105704768325704,
            "Sr_pval": 0.25547667504923555,
            "num": 372.0
        },
        "single_point_mutations": {
            "Pr": 0.13559626776671121,
            "Pr_pval": 0.028507166217415184,
            "Sr": 0.17513501117264887,
            "Sr_pval": 0.004542887164944461,
            "num": 261.0
        },
        "multi_point_mutations": {
            "Pr": 0.011075127115985316,
            "Pr_pval": 0.9081547348779981,
            "Sr": -0.025272801472474064,
            "Sr_pval": 0.792324443024367,
            "num": 111.0
        }
    },
    "Per-Structure": {
        "all_types_of_mutations": {
            "Pr": 0.1365273673373995,
            "Pr_pval": 0.24992170717021098,
            "Sr": 0.12686630248790612,
            "Sr_pval": 0.12928656236471125,
            "num": 266.0
        },
        "single_point_mutations": {
            "Pr": 0.19735386614045147,
            "Pr_pval": 0.23182759119573643,
            "Sr": 0.23424323145383477,
            "Sr_pval": 0.16246159993121462,
            "num": 180.0
        },
        "multi_point_mutations": {
            "Pr": -0.22127930519659844,
            "Pr_pval": 0.17779887259366278,
            "Sr": -0.22402217662419507,
            "Sr_pval": 0.17806973651451785,
            "num": 79.0
        }
    }
}