{
    "acetamide_normalized_fitness": {
        "pearson": [
            0.26592400768696167,
            1.0622480118108953e-107
        ],
        "spearman": [
            0.37233829538043767,
            4.5859714393959426e-217
        ],
        "count": 6629
    },
    "isobutyramide_normalized_fitness": {
        "pearson": [
            0.3747942733430829,
            3.952110568850819e-218
        ],
        "spearman": [
            0.3992696534287843,
            6.180715349445329e-250
        ],
        "count": 6568
    },
    "propionamide_normalized_fitness": {
        "pearson": [
            0.3268341917234797,
            7.288849893259416e-165
        ],
        "spearman": [
            0.3739958612315953,
            3.355560414647965e-219
        ],
        "count": 6631
    }
}