{
    "acetamide_normalized_fitness": {
        "pearson": [
            0.2844802921592338,
            2.7691064042293615e-123
        ],
        "spearman": [
            0.3973846468670604,
            5.875962451581855e-249
        ],
        "count": 6610
    },
    "isobutyramide_normalized_fitness": {
        "pearson": [
            0.3955154848434716,
            3.8605705058438887e-244
        ],
        "spearman": [
            0.420235898461245,
            1.470877835479959e-278
        ],
        "count": 6548
    },
    "propionamide_normalized_fitness": {
        "pearson": [
            0.3540402984841784,
            1.7488883787158e-194
        ],
        "spearman": [
            0.40357216561955855,
            1.7943624375459693e-257
        ],
        "count": 6611
    }
}