{
    "selection_coefficient": {
        "pearson": [
            0.01698750865109523,
            0.5454489705766307
        ],
        "spearman": [
            0.09709641272740391,
            0.0005329071132722439
        ],
        "count": 1269
    }
}