{
    "selection_coefficient": {
        "pearson": [
            0.14920608156916165,
            9.302299156672449e-08
        ],
        "spearman": [
            0.20662474496712166,
            1.0559747271760147e-13
        ],
        "count": 1269
    }
}