{
    "selection_coefficient": {
        "pearson": [
            0.0315160059148488,
            0.2619186558961983
        ],
        "spearman": [
            0.13717631114920428,
            9.341590705853882e-07
        ],
        "count": 1269
    }
}