{
    "score": {
        "pearson": [
            0.5285727460368805,
            2.0638426893292008e-252
        ],
        "spearman": [
            0.5099937771823263,
            3.1562709663134817e-232
        ],
        "count": 3517
    }
}