{
    "score": {
        "pearson": [
            0.5239968485459214,
            2.5296831784464623e-247
        ],
        "spearman": [
            0.5090756626419528,
            2.914169266729636e-231
        ],
        "count": 3517
    }
}