{
    "score": {
        "pearson": [
            0.5352223490424526,
            1.1173092817937528e-279
        ],
        "spearman": [
            0.5065884793756256,
            5.31838880856299e-246
        ],
        "count": 3786
    }
}