{
    "overall": {
        "pearson": [
            -0.28143442536648133,
            7.859327893494856e-08
        ],
        "spearman": [
            -0.3479590994034507,
            1.8665998206811e-11
        ],
        "count": 352
    }
}