{
    "overall": {
        "pearson": [
            -0.2802341677217778,
            8.969099522217823e-08
        ],
        "spearman": [
            -0.347153898788129,
            2.0912078742920563e-11
        ],
        "count": 352
    }
}