{
    "1PGA": {
        "pearson": [
            -0.7430792067201805,
            4.810980160836701e-160
        ],
        "spearman": [
            -0.6975047286389218,
            3.927181446483195e-133
        ],
        "count": 907,
        "pearson - filtered rosetta [-1;7]": [
            -0.7365509437149914,
            2.777070270913301e-144
        ],
        "spearman - filtered rosetta [-1;7]": [
            -0.7008705715692884,
            5.987577120537656e-125
        ],
        "count - filtered rosetta [-1;7]": 839
    },
    "overall": {
        "pearson": [
            -0.7430792067201805,
            4.810980160836701e-160
        ],
        "spearman": [
            -0.6975047286389218,
            3.927181446483195e-133
        ],
        "count": 907,
        "pearson - filtered rosetta [-1;7]": [
            -0.7365509437149914,
            2.777070270913301e-144
        ],
        "spearman - filtered rosetta [-1;7]": [
            -0.7008705715692884,
            5.987577120537656e-125
        ],
        "count - filtered rosetta [-1;7]": 839
    }
}