{
    "fitness_min": {
        "pearson": [
            0.338050854200624,
            8.41233609031934e-40
        ],
        "spearman": [
            0.2615552671804545,
            6.1545970361469344e-24
        ],
        "count": 1439
    },
    "fitness_rich": {
        "pearson": [
            0.3302104869523153,
            5.962068381769465e-38
        ],
        "spearman": [
            0.29953760531964063,
            3.235646723967752e-31
        ],
        "count": 1439
    }
}