{
    "selection_coefficient": {
        "pearson": [
            0.1790470204844955,
            1.328366067981372e-10
        ],
        "spearman": [
            0.2518351791206562,
            8.276268507600332e-20
        ],
        "count": 1269
    }
}