{
    "selection_coefficient": {
        "pearson": [
            0.20642235517845847,
            1.1170917649018909e-13
        ],
        "spearman": [
            0.2723563523326056,
            5.085473761465217e-23
        ],
        "count": 1269
    }
}