{
    "NONSEL_24h": {
        "pearson": [
            -0.25458211289194527,
            1.6966930859810765e-17
        ],
        "spearman": [
            -0.26786803785185076,
            2.8686578157041166e-19
        ],
        "count": 1084
    },
    "SEL_A_24h": {
        "pearson": [
            0.3274008959731537,
            1.685234675114046e-28
        ],
        "spearman": [
            0.2987329498924987,
            8.762486087747434e-24
        ],
        "count": 1084
    },
    "SEL_A_40h": {
        "pearson": [
            0.31192867423943094,
            6.857457263290348e-26
        ],
        "spearman": [
            0.29291722362483064,
            6.870402890757781e-23
        ],
        "count": 1084
    },
    "SEL_B_40h": {
        "pearson": [
            0.28049731065772765,
            4.771193251326805e-21
        ],
        "spearman": [
            0.2735548158573973,
            4.657447776287471e-20
        ],
        "count": 1084
    },
    "SEL_C_40h": {
        "pearson": [
            0.2755614854199321,
            2.4268681502600708e-20
        ],
        "spearman": [
            0.2705133791030537,
            1.2380824670056852e-19
        ],
        "count": 1084
    },
    "SEL_C_64h": {
        "pearson": [
            0.2595807043959025,
            3.756568706400191e-18
        ],
        "spearman": [
            0.25588382849618435,
            1.1493332492136194e-17
        ],
        "count": 1084
    }
}