{
    "score": {
        "pearson": [
            0.5082180370586854,
            2.3098787365193703e-230
        ],
        "spearman": [
            0.5017342852101214,
            1.1972603425852547e-223
        ],
        "count": 3517
    }
}