{
    "score": {
        "pearson": [
            0.527258063411125,
            5.517983965759567e-270
        ],
        "spearman": [
            0.5062542661483894,
            1.2593585597918698e-245
        ],
        "count": 3786
    }
}