{
    "score": {
        "pearson": [
            0.511093801568457,
            2.181060425124767e-233
        ],
        "spearman": [
            0.5043516768605742,
            2.426900105745674e-226
        ],
        "count": 3517
    }
}