{
    "screenscore": {
        "pearson": [
            0.40886659747931525,
            1.8120125860304222e-31
        ],
        "spearman": [
            0.41125418647912154,
            7.49662213408896e-32
        ],
        "count": 747
    }
}