{
    "screenscore": {
        "pearson": [
            0.519402707291125,
            2.8616115225323555e-99
        ],
        "spearman": [
            0.5376446334839609,
            1.4873117533344577e-107
        ],
        "count": 1425
    }
}