{
    "screenscore": {
        "pearson": [
            0.494586161244593,
            9.807852342608104e-112
        ],
        "spearman": [
            0.4859566742537794,
            2.242702397614674e-107
        ],
        "count": 1801
    }
}