{
    "log2_ratio": {
        "pearson": [
            0.23558324232541866,
            8.386946561350598e-13
        ],
        "spearman": [
            0.21386794659150316,
            9.254447275057195e-11
        ],
        "count": 899
    }
}