{
    "log2_ratio": {
        "pearson": [
            0.21374068864749007,
            9.499586543463536e-11
        ],
        "spearman": [
            0.20611034181994878,
            4.421365268725357e-10
        ],
        "count": 899
    }
}