{
    "ETP_AVERAGE": {
        "pearson": [
            0.1172561021900916,
            2.8065210311936344e-22
        ],
        "spearman": [
            0.12582188293937277,
            1.9690284182724636e-25
        ],
        "count": 6809
    },
    "DOX_Average": {
        "pearson": [
            -0.050107047720864606,
            3.526346068028381e-05
        ],
        "spearman": [
            -0.055943813874978376,
            3.854696670888466e-06
        ],
        "count": 6809
    },
    "SCH_Average": {
        "pearson": [
            0.1262618558111434,
            1.3371432066303245e-25
        ],
        "spearman": [
            0.11798059686785052,
            1.549174845250689e-22
        ],
        "count": 6809
    },
    "VRT_AVERAGE": {
        "pearson": [
            0.1333088952972959,
            2.2534076509481784e-28
        ],
        "spearman": [
            0.13813535261985901,
            2.3161731624510612e-30
        ],
        "count": 6809
    }
}