{
    "ETP_AVERAGE": {
        "pearson": [
            0.13373254167438686,
            2.8148127878630584e-27
        ],
        "spearman": [
            0.13835460750138745,
            4.2686210718617673e-29
        ],
        "count": 6488
    },
    "DOX_Average": {
        "pearson": [
            -0.04042409756176494,
            0.0011268019660760225
        ],
        "spearman": [
            -0.05486166978698184,
            9.802580255041678e-06
        ],
        "count": 6488
    },
    "SCH_Average": {
        "pearson": [
            0.14914970771559372,
            1.36314166235453e-33
        ],
        "spearman": [
            0.1455398509323217,
            4.7483876939144097e-32
        ],
        "count": 6488
    },
    "VRT_AVERAGE": {
        "pearson": [
            0.1553192388366264,
            2.563047492142148e-36
        ],
        "spearman": [
            0.1638750676611521,
            2.7465490661962987e-40
        ],
        "count": 6488
    }
}