{
    "ETP_AVERAGE": {
        "pearson": [
            0.15513802775222885,
            3.093491151702755e-36
        ],
        "spearman": [
            0.16965992931406854,
            4.2525003367615636e-43
        ],
        "count": 6488
    },
    "DOX_Average": {
        "pearson": [
            0.017994206069405615,
            0.14727125030912983
        ],
        "spearman": [
            0.0008583798213393453,
            0.9448880730951938
        ],
        "count": 6488
    },
    "SCH_Average": {
        "pearson": [
            0.1622698900538407,
            1.5866942642540354e-39
        ],
        "spearman": [
            0.16471980149146673,
            1.0834075002219583e-40
        ],
        "count": 6488
    },
    "VRT_AVERAGE": {
        "pearson": [
            0.15782189798877183,
            1.8638186416300595e-37
        ],
        "spearman": [
            0.17519934836614331,
            6.947624147378238e-46
        ],
        "count": 6488
    }
}