{
    "ETP_AVERAGE": {
        "pearson": [
            0.1471298682939776,
            2.9263064894738404e-34
        ],
        "spearman": [
            0.16214030523396566,
            2.478918142190856e-41
        ],
        "count": 6809
    },
    "DOX_Average": {
        "pearson": [
            0.013538596717708799,
            0.26399178887849223
        ],
        "spearman": [
            -0.0004773244775079602,
            0.968587429290914
        ],
        "count": 6809
    },
    "SCH_Average": {
        "pearson": [
            0.1637971319133112,
            3.714479536947311e-42
        ],
        "spearman": [
            0.15851606880780453,
            1.4691738075762022e-39
        ],
        "count": 6809
    },
    "VRT_AVERAGE": {
        "pearson": [
            0.15977325219293675,
            3.6044926612431552e-40
        ],
        "spearman": [
            0.17274011944756332,
            9.304467098085664e-47
        ],
        "count": 6809
    }
}