{
    "SelectionTwo": {
        "pearson": [
            0.5014908547976713,
            0.0
        ],
        "spearman": [
            0.5260454565193176,
            0.0
        ],
        "count": 8329
    }
}