{
    "SelectionTwo": {
        "pearson": [
            0.40143082459895785,
            4.0227e-320
        ],
        "spearman": [
            0.4466521752350871,
            0.0
        ],
        "count": 8329
    }
}