{
    "5BON": {
        "pearson": [
            0.47855705788879355,
            2.613715912692948e-160
        ],
        "spearman": [
            0.48681291336212673,
            1.242040092423515e-166
        ],
        "count": 2801
    },
    "1D5R": {
        "pearson": [
            0.4719499739992852,
            1.9421565830097207e-178
        ],
        "spearman": [
            0.48206375945891894,
            3.507213673272446e-187
        ],
        "count": 3222
    },
    "2H11": {
        "pearson": [
            0.38715041900013947,
            5.971964227620215e-123
        ],
        "spearman": [
            0.39843381224519003,
            9.293670676906106e-131
        ],
        "count": 3427
    },
    "overall": {
        "pearson": [
            0.4192467466008725,
            0.0
        ],
        "spearman": [
            0.42733926285011725,
            0.0
        ],
        "count": 9450
    }
}