{
    "score": {
        "pearson": [
            0.531656089267875,
            6.945343355501435e-256
        ],
        "spearman": [
            0.5175557638863487,
            2.720865576021439e-240
        ],
        "count": 3517
    }
}