{
    "score": {
        "pearson": [
            0.5423104816629922,
            1.583968438703999e-288
        ],
        "spearman": [
            0.5140117326676723,
            2.0051735083998677e-254
        ],
        "count": 3786
    }
}