{
    "score": {
        "pearson": [
            0.5270099826964689,
            1.1514640073231854e-250
        ],
        "spearman": [
            0.513165433557396,
            1.3852725777987562e-235
        ],
        "count": 3517
    }
}