{
    "fitness_min": {
        "pearson": [
            0.5359292578339576,
            8.744586036248746e-108
        ],
        "spearman": [
            0.26746391313795576,
            5.381744285713012e-25
        ],
        "count": 1439
    },
    "fitness_rich": {
        "pearson": [
            0.502522078844992,
            6.29310488468111e-93
        ],
        "spearman": [
            0.31772738697419173,
            4.091537559999121e-35
        ],
        "count": 1439
    }
}