{
    "fitness": {
        "pearson": [
            0.2248684323830098,
            7.266683862792161e-19
        ],
        "spearman": [
            0.1920195216056394,
            4.419276901686869e-14
        ],
        "count": 1519
    }
}