{
    "fitness": {
        "pearson": [
            0.22350870248753926,
            1.1895068739359463e-18
        ],
        "spearman": [
            0.20568662108458916,
            5.650483595802338e-16
        ],
        "count": 1519
    }
}