{
    "screenscore": {
        "pearson": [
            0.25898717964560464,
            4.52444879605312e-49
        ],
        "spearman": [
            0.2791633969803073,
            4.8342591071727086e-57
        ],
        "count": 3125
    }
}