{
    "screenscore": {
        "pearson": [
            0.2604562252014285,
            3.292505175512855e-54
        ],
        "spearman": [
            0.27503556440985416,
            1.75538862224368e-60
        ],
        "count": 3424
    }
}