{
    "function_score": {
        "pearson": [
            0.5171352782470517,
            1.5305486082007102e-102
        ],
        "spearman": [
            0.4443656821814884,
            4.845539651607942e-73
        ],
        "count": 1488
    }
}