{
    "function_score": {
        "pearson": [
            0.477733468433872,
            9.061534809770327e-84
        ],
        "spearman": [
            0.4201255003202232,
            2.9229083275746974e-63
        ],
        "count": 1454
    }
}