{
    "SelectionTwo": {
        "pearson": [
            0.4890361313136683,
            0.0
        ],
        "spearman": [
            0.510813614568194,
            0.0
        ],
        "count": 8329
    }
}