{
    "NONSEL_24h": {
        "pearson": [
            -0.2667209339437333,
            4.1177823932551814e-19
        ],
        "spearman": [
            -0.27236524347024277,
            6.836933272480651e-20
        ],
        "count": 1084
    },
    "SEL_A_24h": {
        "pearson": [
            0.2456730400254896,
            2.2998489506183747e-16
        ],
        "spearman": [
            0.2457871235303048,
            2.225787200784348e-16
        ],
        "count": 1084
    },
    "SEL_A_40h": {
        "pearson": [
            0.22503330835902524,
            6.537370368275352e-14
        ],
        "spearman": [
            0.24129226541458765,
            7.981759215746322e-16
        ],
        "count": 1084
    },
    "SEL_B_40h": {
        "pearson": [
            0.21513530994909175,
            8.128879768289313e-13
        ],
        "spearman": [
            0.23218830759952921,
            9.799973634777943e-15
        ],
        "count": 1084
    },
    "SEL_C_40h": {
        "pearson": [
            0.2130119862909146,
            1.3741477482639689e-12
        ],
        "spearman": [
            0.22703505003393873,
            3.869211375542597e-14
        ],
        "count": 1084
    },
    "SEL_C_64h": {
        "pearson": [
            0.1956700046065277,
            8.153273123944702e-11
        ],
        "spearman": [
            0.21330857196099662,
            1.2774087832163695e-12
        ],
        "count": 1084
    }
}