{
    "react_rel": {
        "pearson": [
            0.2976912596694496,
            9.366437821896137e-31
        ],
        "spearman": [
            0.3519864099746241,
            4.13799722239807e-43
        ],
        "count": 1435
    }
}