{
    "react_rel": {
        "pearson": [
            0.29980774225772044,
            3.4393297565471794e-31
        ],
        "spearman": [
            0.3240384423271393,
            1.956545095336168e-36
        ],
        "count": 1435
    }
}