{
    "ddG_stat": {
        "pearson": [
            -0.4789502798840408,
            7.958703969854525e-300
        ],
        "spearman": [
            -0.44691075228549,
            1.1203348585508948e-256
        ],
        "count": 5259
    }
}