{
    "5BON": {
        "pearson": [
            0.41793011631217647,
            7.589102922666483e-119
        ],
        "spearman": [
            0.44170234672339304,
            4.146989297290183e-134
        ],
        "count": 2801
    },
    "1D5R": {
        "pearson": [
            0.41533781194430475,
            1.3513597849903024e-134
        ],
        "spearman": [
            0.4222529382480422,
            1.6303046943769558e-139
        ],
        "count": 3222
    },
    "2H11": {
        "pearson": [
            0.333476213136909,
            8.552483375074639e-90
        ],
        "spearman": [
            0.3543125453914985,
            6.549431110693657e-102
        ],
        "count": 3427
    },
    "overall": {
        "pearson": [
            0.36990685668940926,
            2.9000348278924916e-304
        ],
        "spearman": [
            0.38319174255525834,
            0.0
        ],
        "count": 9450
    }
}