{
    "ETP_AVERAGE": {
        "pearson": [
            0.1527805434936611,
            3.501287397059346e-35
        ],
        "spearman": [
            0.16551441309492781,
            4.4955875597129897e-41
        ],
        "count": 6488
    },
    "DOX_Average": {
        "pearson": [
            0.012321509264769895,
            0.32104102586211875
        ],
        "spearman": [
            -0.009523523640254371,
            0.4430984414442438
        ],
        "count": 6488
    },
    "SCH_Average": {
        "pearson": [
            0.15572096226612198,
            1.6877263265341514e-36
        ],
        "spearman": [
            0.15381846572057586,
            1.2087692216406112e-35
        ],
        "count": 6488
    },
    "VRT_AVERAGE": {
        "pearson": [
            0.1552733167084489,
            2.6882414845709057e-36
        ],
        "spearman": [
            0.16974350739793892,
            3.866302997279156e-43
        ],
        "count": 6488
    }
}