{
    "ETP_AVERAGE": {
        "pearson": [
            0.14633248931456602,
            6.639584684649442e-34
        ],
        "spearman": [
            0.15805412702964847,
            2.454917998875074e-39
        ],
        "count": 6809
    },
    "DOX_Average": {
        "pearson": [
            0.03070627959008731,
            0.01127970362640516
        ],
        "spearman": [
            0.00962777670537407,
            0.4270065011815757
        ],
        "count": 6809
    },
    "SCH_Average": {
        "pearson": [
            0.14213693003766498,
            4.5874816186097506e-32
        ],
        "spearman": [
            0.13949777375461112,
            6.1727853288447295e-31
        ],
        "count": 6809
    },
    "VRT_AVERAGE": {
        "pearson": [
            0.13259301987188477,
            4.380947784921243e-28
        ],
        "spearman": [
            0.1482069425491434,
            9.605542435583956e-35
        ],
        "count": 6809
    }
}