{
    "fitness": {
        "pearson": [
            0.376952342045854,
            1.7691067053396398e-52
        ],
        "spearman": [
            0.3746741392825567,
            8.076161215052702e-52
        ],
        "count": 1519
    }
}