{
    "fitness": {
        "pearson": [
            0.38172289634410594,
            7.074417179155215e-54
        ],
        "spearman": [
            0.37611684727322053,
            3.0917902295859027e-52
        ],
        "count": 1519
    }
}