{
    "screenscore": {
        "pearson": [
            0.5056649689417819,
            1.616917487248277e-117
        ],
        "spearman": [
            0.4977703852765151,
            2.2450899078254868e-113
        ],
        "count": 1801
    }
}