{
    "screenscore": {
        "pearson": [
            0.4040798329694849,
            1.0407011521600737e-30
        ],
        "spearman": [
            0.3949267523437344,
            2.722501113332016e-29
        ],
        "count": 747
    }
}