{
    "screenscore": {
        "pearson": [
            0.5398348015302745,
            1.3907670511678247e-108
        ],
        "spearman": [
            0.5657585257600999,
            2.3146753922004497e-121
        ],
        "count": 1425
    }
}