{
    "log_proba_mt__minus__log_proba_wt vs. IFN_gamma (pg/ml)": {
        "Sr": 0.2593376530728357,
        "Sr_pval": 0.000591795435574792,
        "Pr": 0.11766280236626077,
        "Pr_pval": 0.12423806073757705,
        "num": 172
    },
    "blosum vs. IFN_gamma (pg/ml)": {
        "Sr": 0.2174733347098187,
        "Sr_pval": 0.00416064211939098,
        "Pr": 0.24663740792014044,
        "Pr_pval": 0.001107979454142637,
        "num": 172
    },
    "blosum vs. log_proba_mt__minus__log_proba_wt": {
        "Sr": 0.31078976588834284,
        "Sr_pval": 3.3323541743738146e-05,
        "Pr": 0.3342114793371683,
        "Pr_pval": 7.439698950542734e-06,
        "num": 172
    },
    "combined_score vs. IFN_gamma (pg/ml)": {
        "Sr": 0.2924526410746746,
        "Sr_pval": 9.902367886564662e-05,
        "Pr": 0.19685671466822885,
        "Pr_pval": 0.009644994662090445,
        "num": 172
    }
}