{
    "MIC_score": {
        "pearson": [
            0.4767657831703427,
            2.8622978537444326e-57
        ],
        "spearman": [
            0.5056202628520438,
            2.6368752465311586e-65
        ],
        "count": 989
    }
}