{
    "linear": {
        "pearson": [
            0.36006336243575593,
            1.6021251293600304e-12
        ],
        "spearman": [
            0.38100095607772116,
            5.954888518574737e-14
        ],
        "count": 362
    }
}