{
    "CRIPT": {
        "pearson": [
            0.21333619202289816,
            1.5759192355850059e-18
        ],
        "spearman": [
            0.23666259690666186,
            1.4947708905486926e-22
        ],
        "count": 1659
    },
    "Tm2F": {
        "pearson": [
            0.1378106541554153,
            1.7422694177427037e-08
        ],
        "spearman": [
            0.09995690376513527,
            4.53318573576564e-05
        ],
        "count": 1659
    }
}