{
    "score": {
        "pearson": [
            0.5422682137104726,
            4.068495360657795e-268
        ],
        "spearman": [
            0.5236597547428503,
            5.95439033709098e-247
        ],
        "count": 3517
    }
}