{
    "score": {
        "pearson": [
            0.5499496326682916,
            2.6500894139931286e-298
        ],
        "spearman": [
            0.514403894644711,
            7.100881220309581e-255
        ],
        "count": 3786
    }
}