{
    "score": {
        "pearson": [
            0.5335796332269944,
            4.537153830738916e-258
        ],
        "spearman": [
            0.5153792969990723,
            5.980000830776833e-238
        ],
        "count": 3517
    }
}