{
    "Ami11_avg": {
        "pearson": [
            0.2072850927158618,
            5.2906460638931945e-52
        ],
        "spearman": [
            0.16823066697473735,
            1.3405136816616435e-34
        ],
        "count": 5245
    },
    "Ami12_avg": {
        "pearson": [
            0.31182966918884614,
            3.250255018426952e-114
        ],
        "spearman": [
            0.3769703264662284,
            3.913102323285142e-170
        ],
        "count": 5046
    },
    "Ami14_avg": {
        "pearson": [
            0.2785712194691001,
            9.78052186124211e-90
        ],
        "spearman": [
            0.32413672699756335,
            1.383256557966737e-122
        ],
        "count": 4997
    },
    "Ami18_avg": {
        "pearson": [
            0.013193872822082332,
            0.33880495650959985
        ],
        "spearman": [
            0.018317998737539986,
            0.18415446086748302
        ],
        "count": 5258
    },
    "G41811_avg": {
        "pearson": [
            0.29755772980546014,
            8.176582976777808e-104
        ],
        "spearman": [
            0.32467993626599617,
            2.3995755700936345e-124
        ],
        "count": 5052
    },
    "G41812_avg": {
        "pearson": [
            0.3273603458557509,
            3.3514883082957198e-124
        ],
        "spearman": [
            0.39262882944084276,
            1.7660793556066325e-182
        ],
        "count": 4959
    },
    "G41814_avg": {
        "pearson": [
            0.2858519535102568,
            8.056121661801534e-99
        ],
        "spearman": [
            0.31495293808043223,
            1.152976538027158e-120
        ],
        "count": 5225
    },
    "Kan11_avg": {
        "pearson": [
            0.32456183095333035,
            3.465000863466113e-123
        ],
        "spearman": [
            0.34265338566636355,
            5.62079666567314e-138
        ],
        "count": 5008
    },
    "Kan12_avg": {
        "pearson": [
            0.33933689187673166,
            7.944859753212845e-131
        ],
        "spearman": [
            0.4092485845520624,
            5.211000172773906e-195
        ],
        "count": 4844
    },
    "Kan14_avg": {
        "pearson": [
            0.32310953761458433,
            8.866659122546413e-122
        ],
        "spearman": [
            0.3728994206017997,
            1.2102972462326441e-164
        ],
        "count": 4997
    },
    "Kan18_avg": {
        "pearson": [
            0.3077062582462182,
            5.760499807577579e-115
        ],
        "spearman": [
            0.34072002406883817,
            3.81250960289466e-142
        ],
        "count": 5224
    },
    "Neo11_avg": {
        "pearson": [
            0.29515283398177694,
            1.2420442481794907e-102
        ],
        "spearman": [
            0.3019366742234602,
            1.5195616247064336e-107
        ],
        "count": 5079
    },
    "Neo12_avg": {
        "pearson": [
            0.33402582924432805,
            8.043938849961741e-130
        ],
        "spearman": [
            0.40608028169749294,
            1.100585100898502e-196
        ],
        "count": 4970
    },
    "Neo14_avg": {
        "pearson": [
            0.3279567900832191,
            3.827398039988302e-130
        ],
        "spearman": [
            0.3641311088432613,
            3.500826851504693e-162
        ],
        "count": 5180
    },
    "Neo18_avg": {
        "pearson": [
            0.27104955327876945,
            1.11795390198181e-88
        ],
        "spearman": [
            0.2834724377677768,
            3.6598048116463e-97
        ],
        "count": 5226
    },
    "Paro11_avg": {
        "pearson": [
            0.24047715609797976,
            1.15104562171185e-69
        ],
        "spearman": [
            0.22303212626112315,
            6.183532353412864e-60
        ],
        "count": 5228
    },
    "Paro12_avg": {
        "pearson": [
            0.3235059427567153,
            6.384044677651012e-122
        ],
        "spearman": [
            0.3781893645347952,
            1.970261445848364e-169
        ],
        "count": 4990
    },
    "Paro14_avg": {
        "pearson": [
            0.34487194960991485,
            1.7527385085302048e-138
        ],
        "spearman": [
            0.39785752077654046,
            1.0139743859607819e-187
        ],
        "count": 4958
    },
    "Paro18_avg": {
        "pearson": [
            0.33747671523845085,
            6.253616296295409e-136
        ],
        "spearman": [
            0.38891042909620516,
            1.2419703675918593e-183
        ],
        "count": 5095
    },
    "Ribo11_avg": {
        "pearson": [
            0.319759819267852,
            2.9058524142496624e-119
        ],
        "spearman": [
            0.3732009632069883,
            4.6624831668586055e-165
        ],
        "count": 5001
    },
    "Ribo12_avg": {
        "pearson": [
            0.3707226848872658,
            9.162875311586375e-163
        ],
        "spearman": [
            0.4300472988093243,
            2.4636609776774657e-224
        ],
        "count": 5002
    },
    "Ribo14_avg": {
        "pearson": [
            0.35138001198423097,
            1.620762780183377e-150
        ],
        "spearman": [
            0.38963763921353484,
            1.476904353990833e-187
        ],
        "count": 5184
    },
    "Ribo18_avg": {
        "pearson": [
            0.3171569965314049,
            7.583732596023976e-122
        ],
        "spearman": [
            0.33463455266310926,
            2.945298552913401e-136
        ],
        "count": 5200
    }
}