{
    "Ami11_avg": {
        "pearson": [
            0.18812518898310093,
            1.363334740296556e-41
        ],
        "spearman": [
            0.1469869922697494,
            7.093208289486369e-26
        ],
        "count": 5068
    },
    "Ami12_avg": {
        "pearson": [
            0.3028375423327616,
            1.3817785108292456e-104
        ],
        "spearman": [
            0.37223169827466907,
            4.586358327999116e-161
        ],
        "count": 4906
    },
    "Ami14_avg": {
        "pearson": [
            0.2756072103356416,
            1.2353045344141903e-85
        ],
        "spearman": [
            0.3248225464790091,
            4.536272306663902e-120
        ],
        "count": 4871
    },
    "Ami18_avg": {
        "pearson": [
            0.007203828329437299,
            0.6077227253572131
        ],
        "spearman": [
            0.015428008967680307,
            0.2715881529705321
        ],
        "count": 5080
    },
    "G41811_avg": {
        "pearson": [
            0.29310787423468115,
            8.531195390234738e-98
        ],
        "spearman": [
            0.30853975587629257,
            1.0895275048964068e-108
        ],
        "count": 4906
    },
    "G41812_avg": {
        "pearson": [
            0.34373402938537895,
            8.339041436365044e-134
        ],
        "spearman": [
            0.4096259587351729,
            1.6018193529816906e-194
        ],
        "count": 4822
    },
    "G41814_avg": {
        "pearson": [
            0.30534675118136934,
            1.998912229455097e-109
        ],
        "spearman": [
            0.33309221422148716,
            4.383896987332719e-131
        ],
        "count": 5049
    },
    "Kan11_avg": {
        "pearson": [
            0.3108056345149183,
            8.158951126336515e-110
        ],
        "spearman": [
            0.32442001493738576,
            5.011540693613691e-120
        ],
        "count": 4882
    },
    "Kan12_avg": {
        "pearson": [
            0.3652099697763317,
            2.939216987696812e-149
        ],
        "spearman": [
            0.42922148273356114,
            1.9396344641149558e-211
        ],
        "count": 4732
    },
    "Kan14_avg": {
        "pearson": [
            0.3422823459126571,
            3.026225785107933e-133
        ],
        "spearman": [
            0.38999212569576414,
            9.161325046612604e-176
        ],
        "count": 4845
    },
    "Kan18_avg": {
        "pearson": [
            0.333216951046322,
            3.0763687581365515e-131
        ],
        "spearman": [
            0.3650282003492695,
            5.082052422684879e-159
        ],
        "count": 5051
    },
    "Neo11_avg": {
        "pearson": [
            0.28954938144845965,
            2.489416109894679e-96
        ],
        "spearman": [
            0.2878441000919843,
            3.582274734943443e-95
        ],
        "count": 4956
    },
    "Neo12_avg": {
        "pearson": [
            0.35586117300851217,
            6.545795683738188e-145
        ],
        "spearman": [
            0.4253979329552877,
            1.1486604014376876e-212
        ],
        "count": 4855
    },
    "Neo14_avg": {
        "pearson": [
            0.3551067755867049,
            6.354051282461083e-149
        ],
        "spearman": [
            0.3901552416955455,
            5.4498214009566414e-182
        ],
        "count": 5014
    },
    "Neo18_avg": {
        "pearson": [
            0.2910468928078003,
            3.0525705936803937e-99
        ],
        "spearman": [
            0.30214774550901335,
            3.527824184689654e-107
        ],
        "count": 5054
    },
    "Paro11_avg": {
        "pearson": [
            0.22915006007002595,
            2.573653721074482e-61
        ],
        "spearman": [
            0.20394432114899,
            1.1225950283218708e-48
        ],
        "count": 5063
    },
    "Paro12_avg": {
        "pearson": [
            0.3216276589665208,
            9.56344716942425e-118
        ],
        "spearman": [
            0.3722931645187291,
            3.7852675523218874e-160
        ],
        "count": 4876
    },
    "Paro14_avg": {
        "pearson": [
            0.3562129379922587,
            1.2689578420276325e-144
        ],
        "spearman": [
            0.41243330610596685,
            5.8643585960501814e-198
        ],
        "count": 4835
    },
    "Paro18_avg": {
        "pearson": [
            0.3601778576818371,
            2.1127667415751058e-151
        ],
        "spearman": [
            0.4101020154655146,
            5.615642778373873e-200
        ],
        "count": 4946
    },
    "Ribo11_avg": {
        "pearson": [
            0.31984700604225824,
            1.004284726530427e-116
        ],
        "spearman": [
            0.3676512331507992,
            2.255532852848121e-156
        ],
        "count": 4890
    },
    "Ribo12_avg": {
        "pearson": [
            0.3901207802643445,
            6.795591144735359e-177
        ],
        "spearman": [
            0.44829918053006,
            1.2466044252515474e-239
        ],
        "count": 4873
    },
    "Ribo14_avg": {
        "pearson": [
            0.37384047517422136,
            2.386758431587189e-166
        ],
        "spearman": [
            0.41206905245772535,
            3.8338728784850606e-205
        ],
        "count": 5022
    },
    "Ribo18_avg": {
        "pearson": [
            0.34598186064842956,
            1.6813469154688046e-141
        ],
        "spearman": [
            0.36156553601493596,
            2.7315907282800656e-155
        ],
        "count": 5033
    }
}