{
    "CRIPT": {
        "pearson": [
            0.2475302487344584,
            1.393674497223218e-24
        ],
        "spearman": [
            0.3052018927838987,
            4.20684204739312e-37
        ],
        "count": 1659
    },
    "Tm2F": {
        "pearson": [
            0.1781505760118146,
            2.6854856780893446e-13
        ],
        "spearman": [
            0.16271302800804166,
            2.6123482774220735e-11
        ],
        "count": 1659
    }
}