{
    "linear": {
        "pearson": [
            0.30108715089489735,
            5.067443229368083e-09
        ],
        "spearman": [
            0.3050722712037966,
            3.1005951543335797e-09
        ],
        "count": 362
    }
}