{
    "fitness_min": {
        "pearson": [
            0.27164639894979536,
            1.9261399638620178e-25
        ],
        "spearman": [
            0.17732412666125286,
            1.701320628427203e-11
        ],
        "count": 1420
    },
    "fitness_rich": {
        "pearson": [
            0.2847011204599381,
            6.927802276183945e-28
        ],
        "spearman": [
            0.22686616105812735,
            4.9495650255760095e-18
        ],
        "count": 1420
    }
}