{
    "fitness_min": {
        "pearson": [
            0.42919765718526615,
            1.4387188618162947e-65
        ],
        "spearman": [
            0.28225031369726394,
            9.207842036548515e-28
        ],
        "count": 1439
    },
    "fitness_rich": {
        "pearson": [
            0.423419396477692,
            1.1030595036586272e-63
        ],
        "spearman": [
            0.3367597495506084,
            1.7113957850592045e-39
        ],
        "count": 1439
    }
}