{
    "score": {
        "pearson": [
            0.4837847682617302,
            2.1755537562473397e-221
        ],
        "spearman": [
            0.4817630181189861,
            2.6968504924854236e-219
        ],
        "count": 3786
    }
}