{
    "score": {
        "pearson": [
            0.46742517836340863,
            1.971801686679068e-190
        ],
        "spearman": [
            0.47547224868825855,
            6.931048732079887e-198
        ],
        "count": 3517
    }
}