{
    "score": {
        "pearson": [
            0.47693102891439787,
            2.9377759487996136e-199
        ],
        "spearman": [
            0.48648232939917474,
            2.0575330702998303e-208
        ],
        "count": 3517
    }
}