{
    "acetamide_normalized_fitness": {
        "pearson": [
            0.29354033965512705,
            7.192061551789848e-132
        ],
        "spearman": [
            0.4029640547347633,
            2.5233250799066425e-257
        ],
        "count": 6629
    },
    "isobutyramide_normalized_fitness": {
        "pearson": [
            0.48173790637435,
            0.0
        ],
        "spearman": [
            0.49730023421243597,
            0.0
        ],
        "count": 6568
    },
    "propionamide_normalized_fitness": {
        "pearson": [
            0.3755153075731432,
            4.1383920223734836e-221
        ],
        "spearman": [
            0.4072129828030871,
            2.4683274338931438e-263
        ],
        "count": 6631
    }
}