{
    "acetamide_normalized_fitness": {
        "pearson": [
            0.30714265134482654,
            2.1002500713208005e-144
        ],
        "spearman": [
            0.4206943562895973,
            7.53388876541975e-282
        ],
        "count": 6610
    },
    "isobutyramide_normalized_fitness": {
        "pearson": [
            0.4934415558332196,
            0.0
        ],
        "spearman": [
            0.5059504839994707,
            0.0
        ],
        "count": 6548
    },
    "propionamide_normalized_fitness": {
        "pearson": [
            0.3978271331606055,
            1.3534454370838703e-249
        ],
        "spearman": [
            0.4295871902192622,
            3.7978998249842144e-295
        ],
        "count": 6611
    }
}