{
    "5BON": {
        "pearson": [
            0.5715229601047052,
            1.133764085424229e-242
        ],
        "spearman": [
            0.5498668569729226,
            4.0318336786159994e-221
        ],
        "count": 2801
    },
    "1D5R": {
        "pearson": [
            0.5486701936333476,
            9.497584833339747e-253
        ],
        "spearman": [
            0.5361854592106977,
            2.5528526923297227e-239
        ],
        "count": 3222
    },
    "2H11": {
        "pearson": [
            0.4997937981774554,
            4.810924318876494e-216
        ],
        "spearman": [
            0.48367385190813017,
            1.7752079644596947e-200
        ],
        "count": 3427
    },
    "overall": {
        "pearson": [
            0.5054467459600901,
            0.0
        ],
        "spearman": [
            0.4959772187196033,
            0.0
        ],
        "count": 9450
    }
}