{
    "Overall": {
        "all_types_of_mutations": {
            "Pr": 0.18508763922141375,
            "Pr_pval": 2.6719778218576977e-45,
            "Sr": 0.18826352729685994,
            "Sr_pval": 7.807391249971616e-47,
            "num": 5726.0
        },
        "single_point_mutations": {
            "Pr": 0.2172370720749291,
            "Pr_pval": 3.5382795523140704e-45,
            "Sr": 0.1969082906291206,
            "Sr_pval": 2.8430219065555206e-37,
            "num": 4118.0
        },
        "multi_point_mutations": {
            "Pr": 0.23252728455256771,
            "Pr_pval": 3.492131063016103e-21,
            "Sr": 0.24384343301217795,
            "Sr_pval": 3.3869248786915494e-23,
            "num": 1608.0
        }
    },
    "Per-Structure": {
        "all_types_of_mutations": {
            "Pr": 0.19776448545499498,
            "Pr_pval": 7.337374608428268e-39,
            "Sr": 0.19977597220005514,
            "Sr_pval": 2.459842901337899e-33,
            "num": 5025.0
        },
        "single_point_mutations": {
            "Pr": 0.21986550844535427,
            "Pr_pval": 1.2640175672492563e-26,
            "Sr": 0.21194121017270892,
            "Sr_pval": 9.012351130643485e-22,
            "num": 3485.0
        },
        "multi_point_mutations": {
            "Pr": 0.25823425797353833,
            "Pr_pval": 7.317816461925188e-23,
            "Sr": 0.2750269160381821,
            "Sr_pval": 1.7918385453519368e-22,
            "num": 1304.0
        }
    }
}