{
    "Caffeine": {
        "pearson": [
            0.2922662810154272,
            8.782130104542092e-27
        ],
        "spearman": [
            0.2896805335556903,
            2.5495792322534012e-26
        ],
        "count": 1288
    },
    "DMSO": {
        "pearson": [
            0.2501352365124551,
            2.4580265855070264e-20
        ],
        "spearman": [
            0.23095218139678622,
            1.7245022739692852e-17
        ],
        "count": 1324
    },
    "DTT": {
        "pearson": [
            0.2534376300997092,
            2.873831785144257e-20
        ],
        "spearman": [
            0.24467173112207596,
            5.879237199561931e-19
        ],
        "count": 1284
    },
    "HU": {
        "pearson": [
            0.22265258441782965,
            9.180735783710903e-16
        ],
        "spearman": [
            0.1595610752446085,
            1.0397289467813719e-08
        ],
        "count": 1273
    },
    "MG132": {
        "pearson": [
            0.2674474060109866,
            8.391111904253337e-22
        ],
        "spearman": [
            0.22703734695462335,
            5.386065078885983e-16
        ],
        "count": 1243
    }
}