{
    "Caffeine": {
        "pearson": [
            0.28619972366886054,
            1.0519616252854476e-25
        ],
        "spearman": [
            0.2743722781384522,
            1.1204541562915593e-23
        ],
        "count": 1288
    },
    "DMSO": {
        "pearson": [
            0.2490628783172951,
            3.599920136027335e-20
        ],
        "spearman": [
            0.2196738430217839,
            6.235287045498114e-16
        ],
        "count": 1324
    },
    "DTT": {
        "pearson": [
            0.25089820330776347,
            6.973912515039822e-20
        ],
        "spearman": [
            0.229484527310704,
            8.329400045435499e-17
        ],
        "count": 1284
    },
    "HU": {
        "pearson": [
            0.22176868957702106,
            1.198399691510869e-15
        ],
        "spearman": [
            0.147332585295277,
            1.2892022384967099e-07
        ],
        "count": 1273
    },
    "MG132": {
        "pearson": [
            0.26258150859250434,
            4.7767299393915254e-21
        ],
        "spearman": [
            0.20606709780163737,
            2.1890360032484498e-13
        ],
        "count": 1243
    }
}