{
    "log_proba_mt__minus__log_proba_wt vs. -EC50": {
        "Sr": 0.1592883472685533,
        "Sr_pval": 0.03687375182757363,
        "Pr": 0.15929318332180972,
        "Pr_pval": 0.03686795186418305,
        "num": 172
    },
    "blosum vs. -EC50": {
        "Sr": 0.3279589714903336,
        "Sr_pval": 1.1238171101349226e-05,
        "Pr": 0.34282061405933184,
        "Pr_pval": 4.1535708982062115e-06,
        "num": 172
    },
    "blosum vs. log_proba_mt__minus__log_proba_wt": {
        "Sr": 0.2787233005549981,
        "Sr_pval": 0.00021356049501386254,
        "Pr": 0.3392010604474688,
        "Pr_pval": 5.3182513879696786e-06,
        "num": 172
    },
    "combined_score vs. -EC50": {
        "Sr": 0.28060679076509687,
        "Sr_pval": 0.0001926372411358875,
        "Pr": 0.2796657324250963,
        "Pr_pval": 0.00020284020966340234,
        "num": 172
    }
}