{
    "log_proba_mt__minus__log_proba_wt vs. -EC50": {
        "Sr": 0.16526330020740834,
        "Sr_pval": 0.030271221776637883,
        "Pr": 0.13619606765649458,
        "Pr_pval": 0.0748339847339564,
        "num": 172
    },
    "blosum vs. -EC50": {
        "Sr": 0.030896021200542852,
        "Sr_pval": 0.6874345896905518,
        "Pr": 0.0696803331204638,
        "Pr_pval": 0.3637250535318197,
        "num": 172
    },
    "blosum vs. log_proba_mt__minus__log_proba_wt": {
        "Sr": 0.37587049011010176,
        "Sr_pval": 3.7522109917725484e-07,
        "Pr": 0.35628678573765227,
        "Pr_pval": 1.611009989680331e-06,
        "num": 172
    },
    "combined_score vs. -EC50": {
        "Sr": 0.1368188464695316,
        "Sr_pval": 0.07350151829649695,
        "Pr": 0.12914232637564377,
        "Pr_pval": 0.09133191325324497,
        "num": 172
    }
}