{
    "log_proba_mt__minus__log_proba_wt vs. -EC50": {
        "Sr": -0.15066500202427566,
        "Sr_pval": 0.048515975307355345,
        "Pr": -0.06702925463942144,
        "Pr_pval": 0.3823070539625589,
        "num": 172
    },
    "blosum vs. -EC50": {
        "Sr": 0.34537649184108626,
        "Sr_pval": 3.481831980829148e-06,
        "Pr": 0.3719814016279285,
        "Pr_pval": 5.050107486860724e-07,
        "num": 172
    },
    "blosum vs. log_proba_mt__minus__log_proba_wt": {
        "Sr": 0.28771555696968765,
        "Sr_pval": 0.0001296709328794493,
        "Pr": 0.3307318684654677,
        "Pr_pval": 9.369861844837221e-06,
        "num": 172
    },
    "combined_score vs. -EC50": {
        "Sr": 0.10443876497853419,
        "Sr_pval": 0.17274214396623744,
        "Pr": 0.1767360123139442,
        "Pr_pval": 0.02038110157042956,
        "num": 172
    }
}