{
    "log_proba_mt__minus__log_proba_wt vs. -EC50": {
        "Sr": 0.3665061245651242,
        "Sr_pval": 7.622532830325597e-07,
        "Pr": 0.2896734846914578,
        "Pr_pval": 0.00011606221855744482,
        "num": 172
    },
    "blosum vs. -EC50": {
        "Sr": 0.20164498686541152,
        "Sr_pval": 0.007988165146114301,
        "Pr": 0.26183560923865823,
        "Pr_pval": 0.0005211675796531644,
        "num": 172
    },
    "blosum vs. log_proba_mt__minus__log_proba_wt": {
        "Sr": 0.38568986608236244,
        "Sr_pval": 1.7417493415520037e-07,
        "Pr": 0.42013199624968467,
        "Pr_pval": 9.60571833322075e-09,
        "num": 172
    },
    "combined_score vs. -EC50": {
        "Sr": 0.36300957216956464,
        "Sr_pval": 9.87566593803121e-07,
        "Pr": 0.328217267133784,
        "Pr_pval": 1.1050264919842193e-05,
        "num": 172
    }
}