{
    "log_proba_mt__minus__log_proba_wt vs. -EC50": {
        "Sr": 0.3657993214737361,
        "Sr_pval": 8.034169091578716e-07,
        "Pr": 0.2893008633479997,
        "Pr_pval": 0.00011854461890191975,
        "num": 172
    },
    "blosum vs. -EC50": {
        "Sr": 0.20164498686541152,
        "Sr_pval": 0.007988165146114301,
        "Pr": 0.26183560923865823,
        "Pr_pval": 0.0005211675796531644,
        "num": 172
    },
    "blosum vs. log_proba_mt__minus__log_proba_wt": {
        "Sr": 0.3863479101072906,
        "Sr_pval": 1.652941024588364e-07,
        "Pr": 0.4209128008075527,
        "Pr_pval": 8.960265690977588e-09,
        "num": 172
    },
    "combined_score vs. -EC50": {
        "Sr": 0.3619693478318858,
        "Sr_pval": 1.0660301374962262e-06,
        "Pr": 0.32788691234912615,
        "Pr_pval": 1.1291129961851313e-05,
        "num": 172
    }
}