{
    "log_proba_mt__minus__log_proba_wt vs. -EC50": {
        "Sr": -0.025014335253101035,
        "Sr_pval": 0.7446371623178595,
        "Pr": 0.0257796133825393,
        "Pr_pval": 0.7371069768682046,
        "num": 172
    },
    "blosum vs. -EC50": {
        "Sr": 0.2817996352455732,
        "Sr_pval": 0.00018039107294154578,
        "Pr": 0.35210964460965455,
        "Pr_pval": 2.171324280629995e-06,
        "num": 172
    },
    "blosum vs. log_proba_mt__minus__log_proba_wt": {
        "Sr": 0.2116908517964174,
        "Sr_pval": 0.0053080330965061435,
        "Pr": 0.265348985948844,
        "Pr_pval": 0.00043494232047417596,
        "num": 172
    },
    "combined_score vs. -EC50": {
        "Sr": 0.14199539866532027,
        "Sr_pval": 0.06315492128947925,
        "Pr": 0.22435512796028179,
        "Pr_pval": 0.003088925379213185,
        "num": 172
    }
}