{
    "log_proba_mt__minus__log_proba_wt vs. -EC50": {
        "Sr": 0.2721442153226346,
        "Sr_pval": 0.00030440765373253206,
        "Pr": 0.28890089598434626,
        "Pr_pval": 0.00012126436254515391,
        "num": 172
    },
    "blosum vs. -EC50": {
        "Sr": 0.23942600657826604,
        "Sr_pval": 0.0015599993065044267,
        "Pr": 0.2658310773308903,
        "Pr_pval": 0.00042419947926758357,
        "num": 172
    },
    "blosum vs. log_proba_mt__minus__log_proba_wt": {
        "Sr": 0.21541979731957542,
        "Sr_pval": 0.00453969847072467,
        "Pr": 0.2731655904381451,
        "Pr_pval": 0.000288277009495208,
        "num": 172
    },
    "combined_score vs. -EC50": {
        "Sr": 0.33137855369209324,
        "Sr_pval": 8.97857115006837e-06,
        "Pr": 0.34765001730025447,
        "Pr_pval": 2.9722721389489084e-06,
        "num": 172
    }
}