{
    "log_proba_mt__minus__log_proba_wt vs. -EC50": {
        "Sr": -0.024528401907682285,
        "Sr_pval": 0.7494312912363097,
        "Pr": 0.025949490947976425,
        "Pr_pval": 0.7354387737129233,
        "num": 172
    },
    "blosum vs. -EC50": {
        "Sr": 0.2817996352455732,
        "Sr_pval": 0.00018039107294154578,
        "Pr": 0.35210964460965455,
        "Pr_pval": 2.171324280629995e-06,
        "num": 172
    },
    "blosum vs. log_proba_mt__minus__log_proba_wt": {
        "Sr": 0.2120161556061921,
        "Sr_pval": 0.005236647375455852,
        "Pr": 0.26520877424259853,
        "Pr_pval": 0.00043811370308866277,
        "num": 172
    },
    "combined_score vs. -EC50": {
        "Sr": 0.14239738732089785,
        "Sr_pval": 0.06240408081520322,
        "Pr": 0.22447518682098533,
        "Pr_pval": 0.0030726776267752903,
        "num": 172
    }
}