{
    "log_proba_mt__minus__log_proba_wt vs. -EC50": {
        "Sr": 0.2633404346313796,
        "Sr_pval": 0.00048246578613211373,
        "Pr": 0.27737590041107707,
        "Pr_pval": 0.0002298057127900486,
        "num": 172
    },
    "blosum vs. -EC50": {
        "Sr": 0.23942600657826604,
        "Sr_pval": 0.0015599993065044267,
        "Pr": 0.2658310773308903,
        "Pr_pval": 0.00042419947926758357,
        "num": 172
    },
    "blosum vs. log_proba_mt__minus__log_proba_wt": {
        "Sr": 0.21621377958121066,
        "Sr_pval": 0.004389609852824008,
        "Pr": 0.2722707426647613,
        "Pr_pval": 0.00030236490177435485,
        "num": 172
    },
    "combined_score vs. -EC50": {
        "Sr": 0.3276398972269597,
        "Sr_pval": 1.1474467911065565e-05,
        "Pr": 0.34056146291039213,
        "Pr_pval": 4.848196836536433e-06,
        "num": 172
    }
}