{
    "log_proba_mt__minus__log_proba_wt vs. -EC50": {
        "Sr": 0.16351502400962858,
        "Sr_pval": 0.032089903678357755,
        "Pr": 0.1337169699872843,
        "Pr_pval": 0.08033319871528356,
        "num": 172
    },
    "blosum vs. -EC50": {
        "Sr": 0.030896021200542852,
        "Sr_pval": 0.6874345896905518,
        "Pr": 0.0696803331204638,
        "Pr_pval": 0.3637250535318197,
        "num": 172
    },
    "blosum vs. log_proba_mt__minus__log_proba_wt": {
        "Sr": 0.3757365798239255,
        "Sr_pval": 3.791032323853488e-07,
        "Pr": 0.35512004413082876,
        "Pr_pval": 1.7518264292286324e-06,
        "num": 172
    },
    "combined_score vs. -EC50": {
        "Sr": 0.13536527968794898,
        "Sr_pval": 0.07664186750625211,
        "Pr": 0.12752436042176235,
        "Pr_pval": 0.0954976278348821,
        "num": 172
    }
}