{
    "log_proba_mt__minus__log_proba_wt vs. -EC50": {
        "Sr": 0.15939610624290626,
        "Sr_pval": 0.036744697081068006,
        "Pr": 0.1593306144786739,
        "Pr_pval": 0.0368230860645022,
        "num": 172
    },
    "blosum vs. -EC50": {
        "Sr": 0.3279589714903336,
        "Sr_pval": 1.1238171101349226e-05,
        "Pr": 0.34282061405933184,
        "Pr_pval": 4.1535708982062115e-06,
        "num": 172
    },
    "blosum vs. log_proba_mt__minus__log_proba_wt": {
        "Sr": 0.27861463273436776,
        "Sr_pval": 0.00021482995097968897,
        "Pr": 0.33903667463416987,
        "Pr_pval": 5.37789454531583e-06,
        "num": 172
    },
    "combined_score vs. -EC50": {
        "Sr": 0.2807472406642535,
        "Sr_pval": 0.00019115613365468739,
        "Pr": 0.2797212784430129,
        "Pr_pval": 0.00020222427333355114,
        "num": 172
    }
}