{
    "log_proba_mt__minus__log_proba_wt vs. -EC50": {
        "Sr": 0.3229740299872925,
        "Sr_pval": 1.5514125422963516e-05,
        "Pr": 0.26658527011111244,
        "Pr_pval": 0.0004078847278209179,
        "num": 172
    },
    "blosum vs. -EC50": {
        "Sr": 0.18178058344066128,
        "Sr_pval": 0.017006615584561586,
        "Pr": 0.21528862756648404,
        "Pr_pval": 0.004564932550419176,
        "num": 172
    },
    "blosum vs. log_proba_mt__minus__log_proba_wt": {
        "Sr": 0.34481506906237325,
        "Sr_pval": 3.6198841130351486e-06,
        "Pr": 0.3565815575104704,
        "Pr_pval": 1.5771784773055327e-06,
        "num": 172
    },
    "combined_score vs. -EC50": {
        "Sr": 0.3368583305063447,
        "Sr_pval": 6.230662103835322e-06,
        "Pr": 0.2957618924017935,
        "Pr_pval": 8.179124067078872e-05,
        "num": 172
    }
}