{
    "log_proba_mt__minus__log_proba_wt vs. -EC50": {
        "Sr": -0.15028085720477177,
        "Sr_pval": 0.04909878501645231,
        "Pr": -0.06556425725791251,
        "Pr_pval": 0.3928185669138437,
        "num": 172
    },
    "blosum vs. -EC50": {
        "Sr": 0.34537649184108626,
        "Sr_pval": 3.481831980829148e-06,
        "Pr": 0.3719814016279285,
        "Pr_pval": 5.050107486860724e-07,
        "num": 172
    },
    "blosum vs. log_proba_mt__minus__log_proba_wt": {
        "Sr": 0.2876998941936615,
        "Sr_pval": 0.00012978557377369597,
        "Pr": 0.33077717198408507,
        "Pr_pval": 9.341932339726714e-06,
        "num": 172
    },
    "combined_score vs. -EC50": {
        "Sr": 0.10582946647699125,
        "Sr_pval": 0.16706288596247376,
        "Pr": 0.17807757648515343,
        "Pr_pval": 0.0194315004694367,
        "num": 172
    }
}