{
    "ETP_AVERAGE": {
        "pearson": [
            0.121135908004262,
            1.1154859328476513e-23
        ],
        "spearman": [
            0.1298199922551361,
            5.559515157312532e-27
        ],
        "count": 6809
    },
    "DOX_Average": {
        "pearson": [
            -0.05332557656413485,
            1.0697442317456988e-05
        ],
        "spearman": [
            -0.06584269064230429,
            5.3874991317558606e-08
        ],
        "count": 6809
    },
    "SCH_Average": {
        "pearson": [
            0.13107994761303546,
            1.7644465531655083e-27
        ],
        "spearman": [
            0.12452949364641276,
            6.088592739943422e-25
        ],
        "count": 6809
    },
    "VRT_AVERAGE": {
        "pearson": [
            0.1422515201218187,
            4.093229217197891e-32
        ],
        "spearman": [
            0.14547315836304592,
            1.597264296082474e-33
        ],
        "count": 6809
    }
}