{
    "ETP_AVERAGE": {
        "pearson": [
            0.1324367013535767,
            1.0514313028642985e-26
        ],
        "spearman": [
            0.13751906711481787,
            1.1046345440015704e-28
        ],
        "count": 6469
    },
    "DOX_Average": {
        "pearson": [
            -0.05065049914352659,
            4.5885373718764734e-05
        ],
        "spearman": [
            -0.07306468048421066,
            4.020984248153181e-09
        ],
        "count": 6469
    },
    "SCH_Average": {
        "pearson": [
            0.1454279370704752,
            6.494591020907164e-32
        ],
        "spearman": [
            0.14024367956302114,
            8.936432373420513e-30
        ],
        "count": 6469
    },
    "VRT_AVERAGE": {
        "pearson": [
            0.15541003470213055,
            2.9463703796042165e-36
        ],
        "spearman": [
            0.15929251273122058,
            5.004193463830487e-38
        ],
        "count": 6469
    }
}