{
    "1AMQ": {
        "pearson": [
            -0.5591410331496375,
            0.4408589668503624
        ],
        "spearman": [
            -0.7999999999999999,
            0.20000000000000007
        ],
        "count": 4
    },
    "1BNI": {
        "pearson": [
            -0.7174205403099017,
            0.005768329315193569
        ],
        "spearman": [
            -0.7823721147371502,
            0.0015724478236704678
        ],
        "count": 13
    },
    "1CEY": {
        "pearson": [
            0.9998872246880058,
            0.009561063905262719
        ],
        "spearman": [
            1.0,
            0.0
        ],
        "count": 3
    },
    "1EY0": {
        "pearson": [
            -0.1830202982651766,
            0.35123022291407324
        ],
        "spearman": [
            -0.1328221590225664,
            0.5004510149025474
        ],
        "count": 28
    },
    "1IHB": {
        "pearson": [
            -0.3622147447972912,
            0.7640414052281111
        ],
        "spearman": [
            -0.5,
            0.6666666666666667
        ],
        "count": 3
    },
    "1L63": {
        "pearson": [
            -0.5615578650720813,
            3.706834774787917e-11
        ],
        "spearman": [
            -0.5602876909685499,
            4.1909109541223186e-11
        ],
        "count": 118
    },
    "1LZ1": {
        "pearson": [
            -0.4007486629539738,
            0.0012478285338552327
        ],
        "spearman": [
            -0.40430884899263236,
            0.0011176709176374956
        ],
        "count": 62
    },
    "1OH0": {
        "pearson": [
            -1.0,
            1.0
        ],
        "spearman": [
            -0.9999999999999999,
            NaN
        ],
        "count": 2
    },
    "1VQB": {
        "pearson": [
            -0.230578151279473,
            0.7090413674647066
        ],
        "spearman": [
            -0.09999999999999999,
            0.8728885715695383
        ],
        "count": 5
    },
    "2LZM": {
        "pearson": [
            -0.598326853127353,
            1.122880730727007e-07
        ],
        "spearman": [
            -0.595774569765406,
            1.3117975603019485e-07
        ],
        "count": 66
    },
    "2RN2": {
        "pearson": [
            0.09687226095000201,
            0.7021722211613215
        ],
        "spearman": [
            0.068323310845818,
            0.7876407900013955
        ],
        "count": 18
    },
    "3ZCF": {
        "pearson": [
            1.0,
            1.0
        ],
        "spearman": [
            0.9999999999999999,
            NaN
        ],
        "count": 2
    },
    "4BVM": {
        "pearson": [
            0.5070405179723714,
            0.38325727056178627
        ],
        "spearman": [
            0.6,
            0.28475697986529375
        ],
        "count": 5
    },
    "4LYZ": {
        "pearson": [
            -0.2495593393888017,
            0.38954536703318643
        ],
        "spearman": [
            -0.44641565304874253,
            0.10957368750619291
        ],
        "count": 14
    },
    "5PTI": {
        "pearson": [
            -0.013092211708760876,
            0.9833309545459649
        ],
        "spearman": [
            0.09999999999999999,
            0.8728885715695383
        ],
        "count": 5
    },
    "overall": {
        "pearson": [
            -0.4432112897339996,
            2.2731868385636765e-18
        ],
        "spearman": [
            -0.44791145505397933,
            9.015677127921906e-19
        ],
        "count": 352
    }
}