{
    "screenscore": {
        "pearson": [
            0.3757794221099634,
            4.886331266197146e-91
        ],
        "spearman": [
            0.41056726792625814,
            5.515384490448669e-110
        ],
        "count": 2692
    }
}