{
    "screenscore": {
        "pearson": [
            0.34432308699938163,
            1.287354609379829e-76
        ],
        "spearman": [
            0.3959839973210142,
            7.069155054127968e-103
        ],
        "count": 2722
    }
}