{
    "selection_coefficient": {
        "pearson": [
            0.2711446643045704,
            8.014207294665495e-23
        ],
        "spearman": [
            0.30245348749233386,
            2.9644562080616375e-28
        ],
        "count": 1269
    }
}