{
    "selection_coefficient": {
        "pearson": [
            0.2966755103290922,
            3.361266521308217e-27
        ],
        "spearman": [
            0.3163288512716998,
            6.9244327568689095e-31
        ],
        "count": 1269
    }
}