{
    "5BON": {
        "pearson": [
            0.4795942189222555,
            4.2894286172058136e-161
        ],
        "spearman": [
            0.5032549332749413,
            9.381092450445501e-180
        ],
        "count": 2801
    },
    "1D5R": {
        "pearson": [
            0.5149274270934299,
            1.0363857266721305e-217
        ],
        "spearman": [
            0.5344846199833027,
            1.5602381232008634e-237
        ],
        "count": 3222
    },
    "2H11": {
        "pearson": [
            0.4130957788846037,
            2.28120139706125e-141
        ],
        "spearman": [
            0.44721007042460437,
            3.373610248526805e-168
        ],
        "count": 3427
    },
    "overall": {
        "pearson": [
            0.44297718790159724,
            0.0
        ],
        "spearman": [
            0.4744095714638103,
            0.0
        ],
        "count": 9450
    }
}