{
    "ddG_stat": {
        "pearson": [
            -0.4920153222839284,
            8.7242e-319
        ],
        "spearman": [
            -0.4824840196897555,
            7.139715156941252e-305
        ],
        "count": 5259
    }
}