{
    "react_rel": {
        "pearson": [
            0.323408402338219,
            2.7171649528140715e-36
        ],
        "spearman": [
            0.3956909387013455,
            5.475496202208419e-55
        ],
        "count": 1435
    }
}