{
    "react_rel": {
        "pearson": [
            0.3197844067915975,
            1.7698558556920208e-35
        ],
        "spearman": [
            0.3737375216291016,
            8.576883910913668e-49
        ],
        "count": 1435
    }
}