{
    "react_rel": {
        "pearson": [
            0.30250579412982914,
            9.473822538840458e-32
        ],
        "spearman": [
            0.33915725534579616,
            5.8368102787442874e-40
        ],
        "count": 1435
    }
}