{
    "fitness_min": {
        "pearson": [
            0.5108128158653495,
            1.8395912201321219e-96
        ],
        "spearman": [
            0.26410716330808176,
            2.1648071279652928e-24
        ],
        "count": 1439
    },
    "fitness_rich": {
        "pearson": [
            0.4867213745326028,
            1.8646839551223857e-86
        ],
        "spearman": [
            0.33859132226921246,
            6.242617668754651e-40
        ],
        "count": 1439
    }
}