{
    "Caffeine": {
        "pearson": [
            0.15265315259556556,
            3.6811564521677486e-08
        ],
        "spearman": [
            0.19566187334142096,
            1.402426895718999e-12
        ],
        "count": 1288
    },
    "DMSO": {
        "pearson": [
            0.08857735566231904,
            0.0012538140816490966
        ],
        "spearman": [
            0.10190424245817867,
            0.0002038955215090381
        ],
        "count": 1324
    },
    "DTT": {
        "pearson": [
            0.0986840528280319,
            0.0003980952085734261
        ],
        "spearman": [
            0.13015434163049747,
            2.8801361583449824e-06
        ],
        "count": 1284
    },
    "HU": {
        "pearson": [
            0.055128968384975593,
            0.04923895730157669
        ],
        "spearman": [
            0.025397277309765598,
            0.3652490132926094
        ],
        "count": 1273
    },
    "MG132": {
        "pearson": [
            0.08739767530703645,
            0.002041598775226423
        ],
        "spearman": [
            0.09951325338365763,
            0.00044198729371492393
        ],
        "count": 1243
    }
}