{
    "Caffeine": {
        "pearson": [
            0.14093472196215545,
            3.80581865155037e-07
        ],
        "spearman": [
            0.18662651142582884,
            1.471579771810955e-11
        ],
        "count": 1288
    },
    "DMSO": {
        "pearson": [
            0.07372310396276564,
            0.007281950043702366
        ],
        "spearman": [
            0.09455533460764395,
            0.0005709784275904637
        ],
        "count": 1324
    },
    "DTT": {
        "pearson": [
            0.08935514159635453,
            0.0013499088813898768
        ],
        "spearman": [
            0.12061268669161618,
            1.467390453889429e-05
        ],
        "count": 1284
    },
    "HU": {
        "pearson": [
            0.0477425592073,
            0.088622286969273
        ],
        "spearman": [
            0.020450099223715004,
            0.46600098497834896
        ],
        "count": 1273
    },
    "MG132": {
        "pearson": [
            0.06679026424081808,
            0.01852110348580213
        ],
        "spearman": [
            0.08736302604362388,
            0.0020500379625278094
        ],
        "count": 1243
    }
}