{
    "Caffeine": {
        "pearson": [
            0.19986882062426214,
            4.512258651431856e-13
        ],
        "spearman": [
            0.2304635675728913,
            5.475136963530632e-17
        ],
        "count": 1288
    },
    "DMSO": {
        "pearson": [
            0.14787494440633545,
            6.467915867220474e-08
        ],
        "spearman": [
            0.18147984094189096,
            2.8805791785771103e-11
        ],
        "count": 1324
    },
    "DTT": {
        "pearson": [
            0.1822666287763298,
            4.705100245204255e-11
        ],
        "spearman": [
            0.21154987108180232,
            1.8604055281436986e-14
        ],
        "count": 1284
    },
    "HU": {
        "pearson": [
            0.14875400591614946,
            9.719620865065237e-08
        ],
        "spearman": [
            0.1436613871500498,
            2.6412245859217167e-07
        ],
        "count": 1273
    },
    "MG132": {
        "pearson": [
            0.1652045235081251,
            4.658688842269351e-09
        ],
        "spearman": [
            0.18227014194403923,
            9.544649541541676e-11
        ],
        "count": 1243
    }
}