{
    "function_score": {
        "pearson": [
            0.5138924616222398,
            8.430648467635347e-99
        ],
        "spearman": [
            0.4523117242118235,
            3.126203631180151e-74
        ],
        "count": 1454
    }
}