{
    "function_score": {
        "pearson": [
            0.5419881426286544,
            2.2739523180976186e-114
        ],
        "spearman": [
            0.46590747057709286,
            4.816662020773155e-81
        ],
        "count": 1488
    }
}