{
    "1PGA": {
        "pearson": [
            -0.7266277595724803,
            1.060592549532519e-149
        ],
        "spearman": [
            -0.6682357443021459,
            2.2123263845981586e-118
        ],
        "count": 907,
        "pearson - filtered rosetta [-1;7]": [
            -0.71692955491599,
            2.7941798019388825e-133
        ],
        "spearman - filtered rosetta [-1;7]": [
            -0.6659340676084406,
            1.2703797500488736e-108
        ],
        "count - filtered rosetta [-1;7]": 839
    },
    "overall": {
        "pearson": [
            -0.7266277595724803,
            1.060592549532519e-149
        ],
        "spearman": [
            -0.6682357443021459,
            2.2123263845981586e-118
        ],
        "count": 907,
        "pearson - filtered rosetta [-1;7]": [
            -0.71692955491599,
            2.7941798019388825e-133
        ],
        "spearman - filtered rosetta [-1;7]": [
            -0.6659340676084406,
            1.2703797500488736e-108
        ],
        "count - filtered rosetta [-1;7]": 839
    }
}