{
    "screenscore": {
        "pearson": [
            0.4434207513146635,
            4.538267820631625e-130
        ],
        "spearman": [
            0.49092375110893494,
            2.605999337841019e-163
        ],
        "count": 2692
    }
}