{
    "screenscore": {
        "pearson": [
            0.42216911872297264,
            4.179326345575608e-118
        ],
        "spearman": [
            0.4506893886311166,
            2.6534437046504596e-136
        ],
        "count": 2722
    }
}