{
    "enrichment": {
        "pearson": [
            0.535369720242376,
            7.220339108457763e-259
        ],
        "spearman": [
            0.614311314416165,
            0.0
        ],
        "count": 3500
    }
}