{
    "enrichment": {
        "pearson": [
            0.5554194335340061,
            6.538090892873264e-252
        ],
        "spearman": [
            0.6357956582362373,
            0.0
        ],
        "count": 3118
    }
}