{
    "enrichment": {
        "pearson": [
            0.5524740982424554,
            1.0072898904596111e-248
        ],
        "spearman": [
            0.6311278476482896,
            0.0
        ],
        "count": 3118
    }
}