{
    "fitness_min": {
        "pearson": [
            0.3817721479692021,
            1.7227114672499425e-50
        ],
        "spearman": [
            0.21440961488578092,
            3.1452288789498626e-16
        ],
        "count": 1420
    },
    "fitness_rich": {
        "pearson": [
            0.331845450899273,
            7.553738543516766e-38
        ],
        "spearman": [
            0.22760058058324167,
            3.8444244181422894e-18
        ],
        "count": 1420
    }
}