{
    "fitness_min": {
        "pearson": [
            0.3656875314181325,
            9.181576822022261e-47
        ],
        "spearman": [
            0.2702910512009922,
            1.640863724397131e-25
        ],
        "count": 1439
    },
    "fitness_rich": {
        "pearson": [
            0.336706005212586,
            1.7626158811681178e-39
        ],
        "spearman": [
            0.3015804384573763,
            1.2184828827857436e-31
        ],
        "count": 1439
    }
}