{
    "NONSEL_24h": {
        "pearson": [
            -0.28876535029081224,
            2.903480789558388e-22
        ],
        "spearman": [
            -0.30339215940120345,
            1.6262560430961878e-24
        ],
        "count": 1084
    },
    "SEL_A_24h": {
        "pearson": [
            0.3289080107514265,
            9.209843597795574e-29
        ],
        "spearman": [
            0.32362380008569763,
            7.548081452193957e-28
        ],
        "count": 1084
    },
    "SEL_A_40h": {
        "pearson": [
            0.29906450728735423,
            7.780683391821889e-24
        ],
        "spearman": [
            0.31714144865115385,
            9.419670350702153e-27
        ],
        "count": 1084
    },
    "SEL_B_40h": {
        "pearson": [
            0.28606251474133015,
            7.325307033745819e-22
        ],
        "spearman": [
            0.30099546041291,
            3.882478909977626e-24
        ],
        "count": 1084
    },
    "SEL_C_40h": {
        "pearson": [
            0.2809479593112424,
            4.105946254446048e-21
        ],
        "spearman": [
            0.29480257518271763,
            3.542452432058793e-23
        ],
        "count": 1084
    },
    "SEL_C_64h": {
        "pearson": [
            0.2583098583721075,
            5.528640256733313e-18
        ],
        "spearman": [
            0.27797301866153773,
            1.1007771929722647e-20
        ],
        "count": 1084
    }
}