{
    "function_score": {
        "pearson": [
            0.5338439712088382,
            6.661752025491679e-108
        ],
        "spearman": [
            0.4380958944375087,
            3.067621251038594e-69
        ],
        "count": 1454
    }
}