{
    "function_score": {
        "pearson": [
            0.5689593000553712,
            2.2219121612428364e-128
        ],
        "spearman": [
            0.46357883684561746,
            3.764769893268303e-80
        ],
        "count": 1488
    }
}