{
    "Overall": {
        "all_types_of_mutations": {
            "Pr": -0.0809864434722874,
            "Pr_pval": 0.12042971922598894,
            "Sr": -0.07712534816831683,
            "Sr_pval": 0.1392188367053808,
            "num": 369.0,
            "num_struc": 38.0
        },
        "single_point_mutations": {
            "Pr": -0.19291492386436948,
            "Pr_pval": 0.0018146297685959854,
            "Sr": -0.20354626182516128,
            "Sr_pval": 0.0009860446698978776,
            "num": 259.0,
            "num_struc": 35.0
        },
        "multi_point_mutations": {
            "Pr": 0.07523042383200834,
            "Pr_pval": 0.4347332438279991,
            "Sr": 0.1802689269622031,
            "Sr_pval": 0.05949085126663525,
            "num": 110.0,
            "num_struc": 16.0
        }
    },
    "Per-Structure": {
        "all_types_of_mutations": {
            "Pr": -0.2930098338155017,
            "Pr_pval": 0.0037382284364297076,
            "Sr": -0.28653023310641024,
            "Sr_pval": 0.00010961576613240227,
            "num": 265.0,
            "num_struc": 8.0
        },
        "single_point_mutations": {
            "Pr": -0.3803439673772252,
            "Pr_pval": 0.0006109410425441226,
            "Sr": -0.4082926055026344,
            "Sr_pval": 5.0045014871750085e-05,
            "num": 180.0,
            "num_struc": 7.0
        },
        "multi_point_mutations": {
            "Pr": 0.2549106965433848,
            "Pr_pval": 0.1298869275986017,
            "Sr": 0.30311648067079494,
            "Sr_pval": 0.050579702492510877,
            "num": 78.0,
            "num_struc": 2.0
        }
    }
}