{
    "Overall": {
        "all_types_of_mutations": {
            "Pr": -0.1602351862518956,
            "Pr_pval": 0.0019897564928780137,
            "Sr": -0.20199107348620832,
            "Sr_pval": 9.129517873948004e-05,
            "num": 370.0,
            "num_struc": 38.0
        },
        "single_point_mutations": {
            "Pr": -0.17438981283101207,
            "Pr_pval": 0.004884373619547083,
            "Sr": -0.15650741702503113,
            "Sr_pval": 0.011664766778111598,
            "num": 259.0,
            "num_struc": 35.0
        },
        "multi_point_mutations": {
            "Pr": -0.24440793977351707,
            "Pr_pval": 0.009732822372503702,
            "Sr": -0.17350079533189983,
            "Sr_pval": 0.06859325737517125,
            "num": 111.0,
            "num_struc": 16.0
        }
    },
    "Per-Structure": {
        "all_types_of_mutations": {
            "Pr": -0.2538799258536692,
            "Pr_std": 0.1414303891581821,
            "Pr_pval": 0.018577000666644812,
            "Sr": -0.25354790501350627,
            "Sr_std": 0.15042064719617887,
            "Sr_pval": 0.0028800846863343645,
            "num": 266.0,
            "num_struc": 8.0
        },
        "single_point_mutations": {
            "Pr": -0.2865883430182638,
            "Pr_std": 0.13070565861223252,
            "Pr_pval": 0.03797199683530999,
            "Sr": -0.2817643802493862,
            "Sr_std": 0.12491601553094259,
            "Sr_pval": 0.03142915290997825,
            "num": 180.0,
            "num_struc": 7.0
        },
        "multi_point_mutations": {
            "Pr": -0.08719304131086017,
            "Pr_std": 0.2737565737781632,
            "Pr_pval": 0.01661826249077257,
            "Sr": -0.11776790683209509,
            "Sr_std": 0.2528725720367221,
            "Sr_pval": 0.017422917591207104,
            "num": 79.0,
            "num_struc": 2.0
        }
    }
}