{
    "fitness_min": {
        "pearson": [
            0.34465082921398044,
            7.075241560424448e-41
        ],
        "spearman": [
            0.23067303114229634,
            1.3230562001764135e-18
        ],
        "count": 1420
    },
    "fitness_rich": {
        "pearson": [
            0.30160565998175565,
            2.9984748345081705e-31
        ],
        "spearman": [
            0.24857550020527935,
            1.9357725721449215e-21
        ],
        "count": 1420
    }
}