{
    "fitness_min": {
        "pearson": [
            0.3467620286824725,
            6.385946404334722e-42
        ],
        "spearman": [
            0.26329150403806256,
            3.0269241945428806e-24
        ],
        "count": 1439
    },
    "fitness_rich": {
        "pearson": [
            0.3258070995044512,
            6.1833591558568765e-37
        ],
        "spearman": [
            0.3015231705344732,
            1.2524377838363171e-31
        ],
        "count": 1439
    }
}