{
    "ETP_AVERAGE": {
        "pearson": [
            0.16513997892113969,
            8.86628014711028e-41
        ],
        "spearman": [
            0.1759839609391066,
            3.7146523108839526e-46
        ],
        "count": 6469
    },
    "DOX_Average": {
        "pearson": [
            0.012179279092971923,
            0.327368753740493
        ],
        "spearman": [
            -0.010515683473831116,
            0.3977550861185992
        ],
        "count": 6469
    },
    "SCH_Average": {
        "pearson": [
            0.17212912799660635,
            3.332470456429462e-44
        ],
        "spearman": [
            0.17037119183158608,
            2.5017247658257643e-43
        ],
        "count": 6469
    },
    "VRT_AVERAGE": {
        "pearson": [
            0.1663157462516486,
            2.409711378900586e-41
        ],
        "spearman": [
            0.1826901782727163,
            1.1580646668503964e-49
        ],
        "count": 6469
    }
}