{
    "ETP_AVERAGE": {
        "pearson": [
            0.1512992497535959,
            3.7434711714995863e-36
        ],
        "spearman": [
            0.16470839260555392,
            1.2964731601286669e-42
        ],
        "count": 6809
    },
    "DOX_Average": {
        "pearson": [
            0.0050265476000632085,
            0.6783612299889711
        ],
        "spearman": [
            -0.013489809606150045,
            0.26571686036315567
        ],
        "count": 6809
    },
    "SCH_Average": {
        "pearson": [
            0.16242871529596611,
            1.783983108393639e-41
        ],
        "spearman": [
            0.15702434365477472,
            7.667329971612023e-39
        ],
        "count": 6809
    },
    "VRT_AVERAGE": {
        "pearson": [
            0.16381489719422265,
            3.6392452978421905e-42
        ],
        "spearman": [
            0.17666267342619565,
            7.402964288217573e-49
        ],
        "count": 6809
    }
}