{
    "screenscore": {
        "pearson": [
            0.055736481592248234,
            0.5630337942438597
        ],
        "spearman": [
            -0.029842466772801276,
            0.7569534344224624
        ],
        "count": 110
    }
}