{
    "screenscore": {
        "pearson": [
            0.18218537913077373,
            4.194343779618169e-16
        ],
        "spearman": [
            0.18510665526297526,
            1.391070032984843e-16
        ],
        "count": 1962
    }
}