{
    "NONSEL_24h": {
        "pearson": [
            -0.34031805033361,
            8.497854138670168e-31
        ],
        "spearman": [
            -0.31131528070992415,
            8.639410029663393e-26
        ],
        "count": 1084
    },
    "SEL_A_24h": {
        "pearson": [
            0.33925080424259746,
            1.3283052865702061e-30
        ],
        "spearman": [
            0.3236885361640477,
            7.357894477197692e-28
        ],
        "count": 1084
    },
    "SEL_A_40h": {
        "pearson": [
            0.3142148673113821,
            2.885152916013007e-26
        ],
        "spearman": [
            0.32752784603256985,
            1.6018197771113919e-28
        ],
        "count": 1084
    },
    "SEL_B_40h": {
        "pearson": [
            0.30523800513555044,
            8.273899288658431e-25
        ],
        "spearman": [
            0.30275358267011454,
            2.052240535767658e-24
        ],
        "count": 1084
    },
    "SEL_C_40h": {
        "pearson": [
            0.3124120451740871,
            5.714007826646325e-26
        ],
        "spearman": [
            0.2931956959236926,
            6.231992913451982e-23
        ],
        "count": 1084
    },
    "SEL_C_64h": {
        "pearson": [
            0.2806604515269639,
            4.5188990858190896e-21
        ],
        "spearman": [
            0.27607842980257613,
            2.049901769918388e-20
        ],
        "count": 1084
    }
}