{
    "Caffeine": {
        "pearson": [
            0.25535564098183094,
            1.2751668727134614e-20
        ],
        "spearman": [
            0.27417560383106165,
            1.2085849585406504e-23
        ],
        "count": 1288
    },
    "DMSO": {
        "pearson": [
            0.17903356283927951,
            5.3308876190687386e-11
        ],
        "spearman": [
            0.19649927217758656,
            5.446473933445361e-13
        ],
        "count": 1324
    },
    "DTT": {
        "pearson": [
            0.2311825342240825,
            4.870175787012224e-17
        ],
        "spearman": [
            0.23389142205657806,
            2.0504867140769753e-17
        ],
        "count": 1284
    },
    "HU": {
        "pearson": [
            0.17909086861193863,
            1.229651951741941e-10
        ],
        "spearman": [
            0.1486180091327852,
            9.987027750381062e-08
        ],
        "count": 1273
    },
    "MG132": {
        "pearson": [
            0.1913632083394683,
            1.025224776854618e-11
        ],
        "spearman": [
            0.20231264708630156,
            6.013273619170023e-13
        ],
        "count": 1243
    }
}