{
    "Caffeine": {
        "pearson": [
            0.2738250409362387,
            1.3830025122033702e-23
        ],
        "spearman": [
            0.2802106643776731,
            1.1505965705120075e-24
        ],
        "count": 1288
    },
    "DMSO": {
        "pearson": [
            0.1958615218010469,
            6.489098956004167e-13
        ],
        "spearman": [
            0.20611617308578103,
            3.610745673540459e-14
        ],
        "count": 1324
    },
    "DTT": {
        "pearson": [
            0.24851537034310509,
            1.587941154731974e-19
        ],
        "spearman": [
            0.23743964693094297,
            6.4945240052170525e-18
        ],
        "count": 1284
    },
    "HU": {
        "pearson": [
            0.2035731281953542,
            2.248977699527736e-13
        ],
        "spearman": [
            0.15906162315804773,
            1.156837696352872e-08
        ],
        "count": 1273
    },
    "MG132": {
        "pearson": [
            0.2056757521081225,
            2.4344101699744395e-13
        ],
        "spearman": [
            0.2067372807804034,
            1.823986281799918e-13
        ],
        "count": 1243
    }
}