{
    "SelectionOne": {
        "pearson": [
            0.37714106300972405,
            4.772808447121457e-271
        ],
        "spearman": [
            0.35772136232397633,
            3.96814586770788e-242
        ],
        "count": 8067
    }
}