{
    "SelectionOne": {
        "pearson": [
            0.3901399804159531,
            1.6027444780201463e-286
        ],
        "spearman": [
            0.3506537909886222,
            4.219881464963612e-228
        ],
        "count": 7927
    }
}