{
    "acetamide_normalized_fitness": {
        "pearson": [
            0.2385047193938447,
            3.76425506218103e-86
        ],
        "spearman": [
            0.3540331557029828,
            1.906260795023634e-194
        ],
        "count": 6610
    },
    "isobutyramide_normalized_fitness": {
        "pearson": [
            0.394385818028803,
            1.2322569690804612e-242
        ],
        "spearman": [
            0.42669204220030293,
            4.9002828367644705e-288
        ],
        "count": 6548
    },
    "propionamide_normalized_fitness": {
        "pearson": [
            0.32149584673115617,
            8.153189528294592e-159
        ],
        "spearman": [
            0.37165066995631896,
            1.2538476615344718e-215
        ],
        "count": 6611
    }
}