{
    "acetamide_normalized_fitness": {
        "pearson": [
            0.23770864731339436,
            1.424924352617637e-85
        ],
        "spearman": [
            0.35347421351928987,
            8.501159769680832e-194
        ],
        "count": 6610
    },
    "isobutyramide_normalized_fitness": {
        "pearson": [
            0.39457902129259836,
            6.821587667942716e-243
        ],
        "spearman": [
            0.4269049413780675,
            2.3667384442248353e-288
        ],
        "count": 6548
    },
    "propionamide_normalized_fitness": {
        "pearson": [
            0.3209334841621957,
            3.0918354547010205e-158
        ],
        "spearman": [
            0.3709392287259837,
            9.5170710227075e-215
        ],
        "count": 6611
    }
}