{
    "acetamide_normalized_fitness": {
        "pearson": [
            0.2370503548132646,
            2.460321172981374e-85
        ],
        "spearman": [
            0.35075673852179035,
            3.3515379732485107e-191
        ],
        "count": 6629
    },
    "isobutyramide_normalized_fitness": {
        "pearson": [
            0.39586812249937686,
            2.371593847641439e-245
        ],
        "spearman": [
            0.427425782375171,
            5.286149165907712e-290
        ],
        "count": 6568
    },
    "propionamide_normalized_fitness": {
        "pearson": [
            0.3179692328325225,
            1.1415783384869504e-155
        ],
        "spearman": [
            0.36680791952268865,
            2.618994339222208e-210
        ],
        "count": 6631
    }
}