{
    "acetamide_normalized_fitness": {
        "pearson": [
            0.23713621278363328,
            2.1318608867647496e-85
        ],
        "spearman": [
            0.3511920197018897,
            1.0549825252956397e-191
        ],
        "count": 6629
    },
    "isobutyramide_normalized_fitness": {
        "pearson": [
            0.3964734362282871,
            3.6579566051141727e-246
        ],
        "spearman": [
            0.4281517400563564,
            4.349734144161476e-291
        ],
        "count": 6568
    },
    "propionamide_normalized_fitness": {
        "pearson": [
            0.31861000530134154,
            2.530934346386833e-156
        ],
        "spearman": [
            0.3673232111022162,
            6.1403417419902445e-211
        ],
        "count": 6631
    }
}