{
    "SelectionTwo": {
        "pearson": [
            0.44193102179805926,
            0.0
        ],
        "spearman": [
            0.48315844669708546,
            0.0
        ],
        "count": 8329
    }
}