{
    "overall": {
        "pearson": [
            -0.20705559406167875,
            9.101307486415564e-05
        ],
        "spearman": [
            -0.23060623597615007,
            1.2412706465780916e-05
        ],
        "count": 352
    }
}