{
    "overall": {
        "pearson": [
            -0.2106803101223354,
            6.792114771396683e-05
        ],
        "spearman": [
            -0.23670737494037383,
            7.149616787719194e-06
        ],
        "count": 352
    }
}