{
    "fitness": {
        "pearson": [
            0.3929761236696398,
            2.872849147023931e-57
        ],
        "spearman": [
            0.39151279009577783,
            8.069292690210929e-57
        ],
        "count": 1519
    }
}