{
    "fitness": {
        "pearson": [
            0.3728882829625768,
            2.633059157058996e-51
        ],
        "spearman": [
            0.3704913555329169,
            1.271396170258132e-50
        ],
        "count": 1519
    }
}