{
    "log_proba_mt__minus__log_proba_wt vs. IFN_gamma (pg/ml)": {
        "Sr": 0.5165421646260571,
        "Sr_pval": 4.068178581206813e-13,
        "Pr": 0.462014669778829,
        "Pr_pval": 1.7739782077385583e-10,
        "num": 172
    },
    "blosum vs. IFN_gamma (pg/ml)": {
        "Sr": 0.2174733347098187,
        "Sr_pval": 0.00416064211939098,
        "Pr": 0.24663740792014044,
        "Pr_pval": 0.001107979454142637,
        "num": 172
    },
    "blosum vs. log_proba_mt__minus__log_proba_wt": {
        "Sr": 0.21060544377370993,
        "Sr_pval": 0.005552563330762839,
        "Pr": 0.22836330332759688,
        "Pr_pval": 0.002586495901392089,
        "num": 172
    },
    "combined_score vs. IFN_gamma (pg/ml)": {
        "Sr": 0.5074117529144081,
        "Sr_pval": 1.2149789460014381e-12,
        "Pr": 0.4760444181091057,
        "Pr_pval": 4.108467398642725e-11,
        "num": 172
    }
}