{
    "fitness": {
        "pearson": [
            0.33778068556942026,
            7.471532063750698e-42
        ],
        "spearman": [
            0.348531156661785,
            1.2734478552003284e-44
        ],
        "count": 1519
    }
}