{
    "fitness": {
        "pearson": [
            0.3409751128082546,
            1.1538458766667918e-42
        ],
        "spearman": [
            0.3465303678957761,
            4.2509799778151855e-44
        ],
        "count": 1519
    }
}