{
    "Overall": {
        "all_types_of_mutations": {
            "Pr": 0.20749217009239246,
            "Pr_pval": 1.0128067424803372e-56,
            "Sr": 0.2278527362953691,
            "Sr_pval": 2.5031936799593633e-68,
            "num": 5726.0
        },
        "single_point_mutations": {
            "Pr": 0.23877738826478528,
            "Pr_pval": 1.7625535236603526e-54,
            "Sr": 0.23640614846792943,
            "Sr_pval": 2.0786380617953948e-53,
            "num": 4118.0
        },
        "multi_point_mutations": {
            "Pr": 0.27102321694336384,
            "Pr_pval": 1.8071595826840651e-28,
            "Sr": 0.2788024934233547,
            "Sr_pval": 4.2783994497788206e-30,
            "num": 1608.0
        }
    },
    "Per-Structure": {
        "all_types_of_mutations": {
            "Pr": 0.24038694333444466,
            "Pr_pval": 1.6932188566646353e-53,
            "Sr": 0.24460235233884245,
            "Sr_pval": 2.396734617056267e-50,
            "num": 5025.0
        },
        "single_point_mutations": {
            "Pr": 0.26226011173744324,
            "Pr_pval": 1.2393161711092478e-43,
            "Sr": 0.2611532989518762,
            "Sr_pval": 4.655331353875019e-34,
            "num": 3485.0
        },
        "multi_point_mutations": {
            "Pr": 0.30245301270854874,
            "Pr_pval": 3.5820599428233474e-25,
            "Sr": 0.30679834874981954,
            "Sr_pval": 3.815192066828603e-25,
            "num": 1304.0
        }
    }
}