{
    "fitness": {
        "pearson": [
            0.10225304689992408,
            6.539858231070439e-05
        ],
        "spearman": [
            0.12607209074464867,
            8.256194926658783e-07
        ],
        "count": 1519
    }
}