{
    "fitness": {
        "pearson": [
            0.16645580137956303,
            6.676209365368711e-11
        ],
        "spearman": [
            0.16379090179862416,
            1.3466931580350547e-10
        ],
        "count": 1519
    }
}