{
    "overall": {
        "pearson": [
            -0.31313351055259775,
            1.9049611621724085e-09
        ],
        "spearman": [
            -0.2915195042649908,
            2.526853487387705e-08
        ],
        "count": 352
    }
}