{
    "1A7V": {
        "pearson": [
            -0.27936317120929705,
            0.35529913888953746
        ],
        "spearman": [
            -0.22589617397340253,
            0.45803424169124507
        ],
        "count": 13
    },
    "1BA3": {
        "pearson": [
            -0.9282672628365531,
            0.07173273716344686
        ],
        "spearman": [
            -0.39999999999999997,
            0.6
        ],
        "count": 4
    },
    "1BFM": {
        "pearson": [
            -1.0,
            1.0
        ],
        "spearman": [
            -0.9999999999999999,
            NaN
        ],
        "count": 2
    },
    "1D5G": {
        "pearson": [
            1.0,
            1.0
        ],
        "spearman": [
            0.9999999999999999,
            NaN
        ],
        "count": 2
    },
    "1DIV": {
        "pearson": [
            -0.5994220579218298,
            4.232351208392828e-06
        ],
        "spearman": [
            -0.5704612591936732,
            1.5242238428954029e-05
        ],
        "count": 50
    },
    "1EKG": {
        "pearson": [
            -0.9650553580711081,
            0.034944641928891906
        ],
        "spearman": [
            -1.0,
            0.0
        ],
        "count": 4
    },
    "1FT8": {
        "pearson": [
            -0.7175866979783121,
            0.0057517373640904364
        ],
        "spearman": [
            -0.6868131868131868,
            0.009509496050393583
        ],
        "count": 13
    },
    "1FXA": {
        "pearson": [
            -0.5934690365850722,
            0.054260857139874906
        ],
        "spearman": [
            -0.7636363636363637,
            0.006233059747904751
        ],
        "count": 11
    },
    "1G3P": {
        "pearson": [
            -0.45550981959536196,
            0.016956325177725065
        ],
        "spearman": [
            -0.10018328075727612,
            0.6190557941069592
        ],
        "count": 27
    },
    "1GUA": {
        "pearson": [
            -0.5892652538888927,
            8.408643017001846e-06
        ],
        "spearman": [
            -0.638469387755102,
            7.98138992215644e-07
        ],
        "count": 49
    },
    "1H0X": {
        "pearson": [
            1.0,
            1.0
        ],
        "spearman": [
            0.9999999999999999,
            NaN
        ],
        "count": 2
    },
    "1HCQ": {
        "pearson": [
            -1.0,
            1.0
        ],
        "spearman": [
            -0.9999999999999999,
            NaN
        ],
        "count": 2
    },
    "1ITM": {
        "pearson": [
            0.03806797773268156,
            0.9757593154596679
        ],
        "spearman": [
            0.5,
            0.6666666666666667
        ],
        "count": 3
    },
    "1IV7": {
        "pearson": [
            -0.6811970005036803,
            0.5229194239609004
        ],
        "spearman": [
            -1.0,
            0.0
        ],
        "count": 3
    },
    "1J8I": {
        "pearson": [
            0.1994247071964865,
            0.7048285208304024
        ],
        "spearman": [
            0.14712247158412492,
            0.7809085271647663
        ],
        "count": 6
    },
    "1JLV": {
        "pearson": [
            -0.023978943980225875,
            0.9847330668482477
        ],
        "spearman": [
            -0.5,
            0.6666666666666667
        ],
        "count": 3
    },
    "1L6H": {
        "pearson": [
            -0.9426387285659247,
            0.2166719351572216
        ],
        "spearman": [
            -0.5,
            0.6666666666666667
        ],
        "count": 3
    },
    "1LVM": {
        "pearson": [
            0.2668233633825076,
            0.664345289686757
        ],
        "spearman": [
            0.5642880936468347,
            0.32172333582430024
        ],
        "count": 5
    },
    "1N18": {
        "pearson": [
            -0.6805862560353946,
            0.3194137439646054
        ],
        "spearman": [
            -0.6000000000000001,
            0.3999999999999999
        ],
        "count": 4
    },
    "1N88": {
        "pearson": [
            -0.08420670334814628,
            0.7479689041287502
        ],
        "spearman": [
            0.02087173582368182,
            0.9366273980487826
        ],
        "count": 17
    },
    "1NM1": {
        "pearson": [
            -1.0,
            1.0
        ],
        "spearman": [
            -0.9999999999999999,
            NaN
        ],
        "count": 2
    },
    "1O1U": {
        "pearson": [
            -0.5830918210347902,
            0.2244867327607416
        ],
        "spearman": [
            -0.5161002296110789,
            0.2945837414624608
        ],
        "count": 6
    },
    "1O6X": {
        "pearson": [
            -0.14810748018432082,
            0.5331793305755557
        ],
        "spearman": [
            -0.10759972948191801,
            0.6516067136240762
        ],
        "count": 20
    },
    "1OSI": {
        "pearson": [
            0.44853524609648027,
            0.5514647539035198
        ],
        "spearman": [
            0.39999999999999997,
            0.6
        ],
        "count": 4
    },
    "1PFL": {
        "pearson": [
            -0.27487044951687023,
            0.6544824179955671
        ],
        "spearman": [
            -0.19999999999999998,
            0.747060078104662
        ],
        "count": 5
    },
    "1PRG": {
        "pearson": [
            0.45669759178645697,
            0.30294413601001374
        ],
        "spearman": [
            0.28571428571428575,
            0.5345092286010406
        ],
        "count": 7
    },
    "1R6R": {
        "pearson": [
            0.6536973877816384,
            0.34630261221836145
        ],
        "spearman": [
            0.39999999999999997,
            0.6
        ],
        "count": 4
    },
    "1SPD": {
        "pearson": [
            -1.0,
            1.0
        ],
        "spearman": [
            -0.9999999999999999,
            NaN
        ],
        "count": 2
    },
    "1X0J": {
        "pearson": [
            -0.2570171555370473,
            0.5779415501291599
        ],
        "spearman": [
            -0.4642857142857144,
            0.2939341076002517
        ],
        "count": 7
    },
    "1XWS": {
        "pearson": [
            0.1857283210675989,
            0.8142716789324012
        ],
        "spearman": [
            -0.39999999999999997,
            0.6
        ],
        "count": 4
    },
    "1XXN": {
        "pearson": [
            0.041975198235899513,
            0.9465712159843589
        ],
        "spearman": [
            0.10259783520851543,
            0.8695979205185651
        ],
        "count": 5
    },
    "1XZO": {
        "pearson": [
            -0.8029392201453021,
            0.19706077985469794
        ],
        "spearman": [
            -0.7999999999999999,
            0.20000000000000007
        ],
        "count": 4
    },
    "2BJD": {
        "pearson": [
            -0.9899270469024394,
            0.0904354604461419
        ],
        "spearman": [
            -1.0,
            0.0
        ],
        "count": 3
    },
    "2C9Q": {
        "pearson": [
            -1.0,
            1.0
        ],
        "spearman": [
            -0.9999999999999999,
            NaN
        ],
        "count": 2
    },
    "2CLR": {
        "pearson": [
            -0.9203535774040754,
            0.07964642259592458
        ],
        "spearman": [
            -1.0,
            0.0
        ],
        "count": 4
    },
    "2DVV": {
        "pearson": [
            -1.0,
            1.0
        ],
        "spearman": [
            -0.9999999999999999,
            NaN
        ],
        "count": 2
    },
    "2HBB": {
        "pearson": [
            -0.6084910403372146,
            7.247371776712479e-06
        ],