{
    "screenscore": {
        "pearson": [
            0.34689395960981617,
            1.5117860121047865e-22
        ],
        "spearman": [
            0.32579101485511575,
            6.250866182882693e-20
        ],
        "count": 747
    }
}