{
    "screenscore": {
        "pearson": [
            0.47511078743457297,
            3.929062766133807e-81
        ],
        "spearman": [
            0.5017083552742219,
            1.0571727920955808e-91
        ],
        "count": 1425
    }
}