{
    "screenscore": {
        "pearson": [
            0.46120203694483597,
            1.527951376262094e-95
        ],
        "spearman": [
            0.4758433935258439,
            2.00925496916497e-102
        ],
        "count": 1801
    }
}