{
    "ddG_stat": {
        "pearson": [
            -0.5084073220820646,
            0.0
        ],
        "spearman": [
            -0.5109224495052977,
            0.0
        ],
        "count": 5259
    }
}