{
    "function_score": {
        "pearson": [
            0.40500049430383334,
            1.6753082249561008e-58
        ],
        "spearman": [
            0.39140708396361157,
            1.975597570718082e-54
        ],
        "count": 1454
    }
}