{
    "function_score": {
        "pearson": [
            0.4468160189835875,
            6.364499111150411e-74
        ],
        "spearman": [
            0.41326993741319457,
            1.841493823916761e-62
        ],
        "count": 1488
    }
}