{
    "log_proba_mt__minus__log_proba_wt vs. IFN_gamma (pg/ml)": {
        "Sr": 0.23800505869398478,
        "Sr_pval": 0.001666836182308687,
        "Pr": 0.07652289793795139,
        "Pr_pval": 0.3184082690597588,
        "num": 172
    },
    "blosum vs. IFN_gamma (pg/ml)": {
        "Sr": 0.2174733347098187,
        "Sr_pval": 0.00416064211939098,
        "Pr": 0.24663740792014044,
        "Pr_pval": 0.001107979454142637,
        "num": 172
    },
    "blosum vs. log_proba_mt__minus__log_proba_wt": {
        "Sr": 0.3021541656587834,
        "Sr_pval": 5.616104223741526e-05,
        "Pr": 0.3225261823971969,
        "Pr_pval": 1.5965685577849134e-05,
        "num": 172
    },
    "combined_score vs. IFN_gamma (pg/ml)": {
        "Sr": 0.27342063216004014,
        "Sr_pval": 0.0002843748615850319,
        "Pr": 0.17390726638640108,
        "Pr_pval": 0.02251561368244692,
        "num": 172
    }
}