{
    "1AMQ": {
        "pearson": [
            -0.4565435956645235,
            0.5434564043354766
        ],
        "spearman": [
            -0.39999999999999997,
            0.6
        ],
        "count": 4
    },
    "1BNI": {
        "pearson": [
            -0.541771178140072,
            0.05582112484974488
        ],
        "spearman": [
            -0.5647404349335063,
            0.04433844052435043
        ],
        "count": 13
    },
    "1CEY": {
        "pearson": [
            0.9431717663448047,
            0.21565307315403956
        ],
        "spearman": [
            1.0,
            0.0
        ],
        "count": 3
    },
    "1EY0": {
        "pearson": [
            0.08495440461570229,
            0.6673268628284399
        ],
        "spearman": [
            0.1500753466894152,
            0.44591037446080173
        ],
        "count": 28
    },
    "1IHB": {
        "pearson": [
            -0.6695757758878427,
            0.5329518730810304
        ],
        "spearman": [
            -0.5,
            0.6666666666666667
        ],
        "count": 3
    },
    "1L63": {
        "pearson": [
            -0.4616899895757507,
            1.4231133254583115e-07
        ],
        "spearman": [
            -0.4840220074492303,
            2.810308579877583e-08
        ],
        "count": 118
    },
    "1LZ1": {
        "pearson": [
            -0.3725620005829725,
            0.0028635862221941324
        ],
        "spearman": [
            -0.44352021741113967,
            0.00030567088873228033
        ],
        "count": 62
    },
    "1OH0": {
        "pearson": [
            -1.0,
            1.0
        ],
        "spearman": [
            -0.9999999999999999,
            NaN
        ],
        "count": 2
    },
    "1VQB": {
        "pearson": [
            0.09664456459159124,
            0.8771401418251094
        ],
        "spearman": [
            0.19999999999999998,
            0.747060078104662
        ],
        "count": 5
    },
    "2LZM": {
        "pearson": [
            -0.4795351547295309,
            4.624302443400002e-05
        ],
        "spearman": [
            -0.4607159024406816,
            9.913766123187124e-05
        ],
        "count": 66
    },
    "2RN2": {
        "pearson": [
            0.15063910689826063,
            0.5507434889086338
        ],
        "spearman": [
            0.07142891588426427,
            0.7782114231161669
        ],
        "count": 18
    },
    "3ZCF": {
        "pearson": [
            -1.0,
            1.0
        ],
        "spearman": [
            -0.9999999999999999,
            NaN
        ],
        "count": 2
    },
    "4BVM": {
        "pearson": [
            0.12218777616465282,
            0.8448136800169754
        ],
        "spearman": [
            0.19999999999999998,
            0.747060078104662
        ],
        "count": 5
    },
    "4LYZ": {
        "pearson": [
            -0.09691348915063365,
            0.7417128966205402
        ],
        "spearman": [
            -0.19447810627866013,
            0.5052615479293194
        ],
        "count": 14
    },
    "5PTI": {
        "pearson": [
            -0.04069636806236873,
            0.9481980813680265
        ],
        "spearman": [
            -0.3,
            0.6238376647810728
        ],
        "count": 5
    },
    "overall": {
        "pearson": [
            -0.30404425155805825,
            5.7973744805379556e-09
        ],
        "spearman": [
            -0.32440419464875986,
            4.543556680551898e-10
        ],
        "count": 352
    }
}