{
    "1BVC": {
        "pearson": [
            -0.2749384805403435,
            0.017753049662232345
        ],
        "spearman": [
            -0.2781653120208155,
            0.016408596011471883
        ]
    },
    "1LZ1": {
        "pearson": [
            -0.3861416978449224,
            2.2034400315036165e-05
        ],
        "spearman": [
            -0.4201653464865173,
            3.256042454286151e-06
        ]
    },
    "2CI2": {
        "pearson": [
            -0.4406043381062552,
            4.829951713180238e-05
        ],
        "spearman": [
            -0.5188859570280092,
            9.63030311067351e-07
        ]
    },
    "2RN2": {
        "pearson": [
            -0.3186035313901555,
            0.004742864002377034
        ],
        "spearman": [
            -0.2711719588442676,
            0.017056550446984856
        ]
    }
}