{
    "fitness": {
        "pearson": [
            0.27598452400832674,
            1.2564133229008313e-27
        ],
        "spearman": [
            0.28942604870308575,
            2.464613876988597e-30
        ],
        "count": 1500
    }
}