{
    "selection_coefficient": {
        "pearson": [
            0.21098947533683052,
            4.0393704897324014e-44
        ],
        "spearman": [
            0.13677909641096206,
            2.9063435262284935e-19
        ],
        "count": 4265
    }
}