{
    "1AMQ": {
        "pearson": [
            -0.4752997763838135,
            0.5247002236161866
        ],
        "spearman": [
            -0.7999999999999999,
            0.20000000000000007
        ],
        "count": 4
    },
    "1BNI": {
        "pearson": [
            -0.3948638475349062,
            0.18178120958262062
        ],
        "spearman": [
            -0.49311481879559826,
            0.0868462245631033
        ],
        "count": 13
    },
    "1CEY": {
        "pearson": [
            0.9729158797362311,
            0.1485038108083309
        ],
        "spearman": [
            1.0,
            0.0
        ],
        "count": 3
    },
    "1EY0": {
        "pearson": [
            0.016368165622008365,
            0.9341149911782619
        ],
        "spearman": [
            0.022182669857377067,
            0.9107904389129263
        ],
        "count": 28
    },
    "1IHB": {
        "pearson": [
            -0.8037297810500527,
            0.4056915451173598
        ],
        "spearman": [
            -1.0,
            0.0
        ],
        "count": 3
    },
    "1L63": {
        "pearson": [
            -0.596591757409347,
            1.0118428431740516e-12
        ],
        "spearman": [
            -0.5874463564981385,
            2.7007760073623403e-12
        ],
        "count": 118
    },
    "1LZ1": {
        "pearson": [
            -0.506588625537811,
            2.655364678226366e-05
        ],
        "spearman": [
            -0.5320677184051548,
            8.56367126314746e-06
        ],
        "count": 62
    },
    "1OH0": {
        "pearson": [
            -1.0,
            1.0
        ],
        "spearman": [
            -0.9999999999999999,
            NaN
        ],
        "count": 2
    },
    "1VQB": {
        "pearson": [
            0.3456261287464382,
            0.5688607568897751
        ],
        "spearman": [
            0.49999999999999994,
            0.39100221895577053
        ],
        "count": 5
    },
    "2LZM": {
        "pearson": [
            -0.5422418570648885,
            2.5679783695399573e-06
        ],
        "spearman": [
            -0.5556078798078673,
            1.2824098472150096e-06
        ],
        "count": 66
    },
    "2RN2": {
        "pearson": [
            -0.08118848501308107,
            0.7487758425889499
        ],
        "spearman": [
            0.018633630230677635,
            0.9414988638544458
        ],
        "count": 18
    },
    "3ZCF": {
        "pearson": [
            1.0,
            1.0
        ],
        "spearman": [
            0.9999999999999999,
            NaN
        ],
        "count": 2
    },
    "4BVM": {
        "pearson": [
            0.45380428150869756,
            0.4426931618632814
        ],
        "spearman": [
            0.6,
            0.28475697986529375
        ],
        "count": 5
    },
    "4LYZ": {
        "pearson": [
            0.02591464838203237,
            0.9299266933321446
        ],
        "spearman": [
            0.0,
            1.0
        ],
        "count": 14
    },
    "5PTI": {
        "pearson": [
            -0.007645979948599613,
            0.9902649308266085
        ],
        "spearman": [
            -0.6,
            0.28475697986529375
        ],
        "count": 5
    },
    "overall": {
        "pearson": [
            -0.46603153640010986,
            2.2240904470961773e-20
        ],
        "spearman": [
            -0.4827413703048774,
            5.987041170512767e-22
        ],
        "count": 352
    }
}