{
    "1AMQ": {
        "pearson": [
            -0.4752997763838135,
            0.5247002236161866
        ],
        "spearman": [
            -0.7999999999999999,
            0.20000000000000007
        ],
        "count": 4
    },
    "1BNI": {
        "pearson": [
            -0.39278844122446344,
            0.1842960419592009
        ],
        "spearman": [
            -0.49311481879559826,
            0.0868462245631033
        ],
        "count": 13
    },
    "1CEY": {
        "pearson": [
            0.9768097434139638,
            0.13736964386969536
        ],
        "spearman": [
            1.0,
            0.0
        ],
        "count": 3
    },
    "1EY0": {
        "pearson": [
            0.01635474715834835,
            0.9341688875275567
        ],
        "spearman": [
            0.022182669857377067,
            0.9107904389129263
        ],
        "count": 28
    },
    "1IHB": {
        "pearson": [
            -0.8037297810500527,
            0.4056915451173598
        ],
        "spearman": [
            -1.0,
            0.0
        ],
        "count": 3
    },
    "1L63": {
        "pearson": [
            -0.596591757409347,
            1.0118428431740516e-12
        ],
        "spearman": [
            -0.5874463564981385,
            2.7007760073623403e-12
        ],
        "count": 118
    },
    "1LZ1": {
        "pearson": [
            -0.506588625537811,
            2.655364678226366e-05
        ],
        "spearman": [
            -0.5320677184051548,
            8.56367126314746e-06
        ],
        "count": 62
    },
    "1OH0": {
        "pearson": [
            -1.0,
            1.0
        ],
        "spearman": [
            -0.9999999999999999,
            NaN
        ],
        "count": 2
    },
    "1VQB": {
        "pearson": [
            0.32938008957701936,
            0.5883318733290721
        ],
        "spearman": [
            0.19999999999999998,
            0.747060078104662
        ],
        "count": 5
    },
    "2LZM": {
        "pearson": [
            -0.5422418570648885,
            2.5679783695399573e-06
        ],
        "spearman": [
            -0.5556078798078673,
            1.2824098472150096e-06
        ],
        "count": 66
    },
    "2RN2": {
        "pearson": [
            -0.08118848501308107,
            0.7487758425889499
        ],
        "spearman": [
            0.018633630230677635,
            0.9414988638544458
        ],
        "count": 18
    },
    "3ZCF": {
        "pearson": [
            1.0,
            1.0
        ],
        "spearman": [
            0.9999999999999999,
            NaN
        ],
        "count": 2
    },
    "4BVM": {
        "pearson": [
            0.4879867241574357,
            0.40430123282829444
        ],
        "spearman": [
            0.6,
            0.28475697986529375
        ],
        "count": 5
    },
    "4LYZ": {
        "pearson": [
            0.02591464838203237,
            0.9299266933321446
        ],
        "spearman": [
            0.0,
            1.0
        ],
        "count": 14
    },
    "5PTI": {
        "pearson": [
            -0.05305078691771148,
            0.9324853371941279
        ],
        "spearman": [
            -0.6,
            0.28475697986529375
        ],
        "count": 5
    },
    "overall": {
        "pearson": [
            -0.4632448445675896,
            3.9874519650029604e-20
        ],
        "spearman": [
            -0.4811289048101373,
            8.560295991720768e-22
        ],
        "count": 352
    }
}