{
    "2LZM": {
        "pearson": [
            -0.8663273142234941,
            7.324395027120849e-11
        ],
        "spearman": [
            -0.8517190189451174,
            3.287343001249314e-10
        ],
        "count": 33
    }
}