{
    "2LZM": {
        "pearson": [
            -0.8307814386319397,
            2.184490014242437e-09
        ],
        "spearman": [
            -0.7883251642357301,
            5.118574084730272e-08
        ],
        "count": 33
    }
}