{
    "fitness": {
        "pearson": [
            0.4311668140212188,
            8.367837873825955e-70
        ],
        "spearman": [
            0.43171344365686226,
            5.384611735736043e-70
        ],
        "count": 1519
    }
}