{
    "fitness": {
        "pearson": [
            0.43363234192360645,
            1.138315189642816e-70
        ],
        "spearman": [
            0.4334419138064949,
            1.3287162330173997e-70
        ],
        "count": 1519
    }
}