{
    "2LZM": {
        "pearson": [
            -0.6760009155546362,
            1.5775842830900396e-05
        ],
        "spearman": [
            -0.6511669561573726,
            4.064312077327369e-05
        ],
        "count": 33
    }
}