{
    "2LZM": {
        "pearson": [
            -0.6759949035880376,
            1.577962764306043e-05
        ],
        "spearman": [
            -0.6511669561573726,
            4.064312077327369e-05
        ],
        "count": 33
    }
}