{
    "2LZM": {
        "pearson": [
            -0.613954223163729,
            0.00014460747112103806
        ],
        "spearman": [
            -0.6329349504493959,
            7.726731787123555e-05
        ],
        "count": 33
    }
}