{
    "2LZM": {
        "pearson": [
            -0.613943183686375,
            0.00014465850063406034
        ],
        "spearman": [
            -0.6329349504493959,
            7.726731787123555e-05
        ]
    }
}