{
    "2LZM": {
        "pearson": [
            -0.6139542231637292,
            0.0001446074711210374
        ],
        "spearman": [
            -0.6329349504493959,
            7.726731787123555e-05
        ],
        "count": 33
    }
}