{
    "2LZM": {
        "pearson": [
            -0.6139428905181217,
            0.0001446598560112376
        ],
        "spearman": [
            -0.6329349504493959,
            7.726731787123555e-05
        ],
        "count": 33
    }
}