{
    "fitness": {
        "pearson": [
            0.435093686376408,
            3.462347353850956e-71
        ],
        "spearman": [
            0.4132223395676658,
            1.0367588156237054e-63
        ],
        "count": 1519
    }
}