{
    "fitness": {
        "pearson": [
            0.43745851531417734,
            4.98332452245447e-72
        ],
        "spearman": [
            0.420138202545201,
            5.141135371064876e-66
        ],
        "count": 1519
    }
}