{
    "ddG_stat": {
        "pearson": [
            -0.5119575195646834,
            0.0
        ],
        "spearman": [
            -0.5033734409791719,
            0.0
        ],
        "count": 5259
    }
}