{
    "Overall": {
        "all_types_of_mutations": {
            "Pr": 0.13798408069941376,
            "Pr_pval": 9.68131673192798e-26,
            "Sr": 0.14902504644512232,
            "Sr_pval": 8.53825144157213e-30,
            "num": 5726.0
        },
        "single_point_mutations": {
            "Pr": 0.15965679491010978,
            "Pr_pval": 6.448870928967089e-25,
            "Sr": 0.15786401923737317,
            "Sr_pval": 2.1688558837499713e-24,
            "num": 4118.0
        },
        "multi_point_mutations": {
            "Pr": 0.20747410013100137,
            "Pr_pval": 4.284795807541342e-17,
            "Sr": 0.1996420957979836,
            "Sr_pval": 6.430198183200506e-16,
            "num": 1608.0
        }
    },
    "Per-Structure": {
        "all_types_of_mutations": {
            "Pr": 0.1789683076169901,
            "Pr_pval": 2.2989237013979826e-23,
            "Sr": 0.1726908906853622,
            "Sr_pval": 7.963873851549099e-20,
            "num": 5025.0
        },
        "single_point_mutations": {
            "Pr": 0.19335733769744287,
            "Pr_pval": 2.8857039140846644e-17,
            "Sr": 0.17885486207751372,
            "Sr_pval": 1.7903833695939268e-14,
            "num": 3485.0
        },
        "multi_point_mutations": {
            "Pr": 0.18631161516273567,
            "Pr_pval": 1.7063733464981743e-09,
            "Sr": 0.187509203621722,
            "Sr_pval": 3.197139786621917e-11,
            "num": 1304.0
        }
    }
}