{
    "NONSEL_24h": {
        "pearson": [
            -0.27926485150728625,
            7.183953413518745e-21
        ],
        "spearman": [
            -0.30318399499737864,
            1.7545008453116718e-24
        ],
        "count": 1084
    },
    "SEL_A_24h": {
        "pearson": [
            0.376173263376113,
            9.09309724832067e-38
        ],
        "spearman": [
            0.35590781849163333,
            1.01875774561896e-33
        ],
        "count": 1084
    },
    "SEL_A_40h": {
        "pearson": [
            0.3605787675024227,
            1.2600765811417246e-34
        ],
        "spearman": [
            0.3548114014646866,
            1.6555408837483178e-33
        ],
        "count": 1084
    },
    "SEL_B_40h": {
        "pearson": [
            0.3164237218396956,
            1.240964218837216e-26
        ],
        "spearman": [
            0.31618137053531487,
            1.3617955558196368e-26
        ],
        "count": 1084
    },
    "SEL_C_40h": {
        "pearson": [
            0.31217353118408564,
            6.252454540924265e-26
        ],
        "spearman": [
            0.31528331541149873,
            1.9200736982112217e-26
        ],
        "count": 1084
    },
    "SEL_C_64h": {
        "pearson": [
            0.2943342746983697,
            4.177933359105061e-23
        ],
        "spearman": [
            0.29855562612121717,
            9.336875936326884e-24
        ],
        "count": 1084
    }
}