{
    "SelectionTwo": {
        "pearson": [
            0.40464664759312746,
            0.0
        ],
        "spearman": [
            0.44341258008573853,
            0.0
        ],
        "count": 8329
    }
}