{
    "screenscore": {
        "pearson": [
            0.28382961687494884,
            1.8595439765732322e-64
        ],
        "spearman": [
            0.3046852900463684,
            1.7883666294267e-74
        ],
        "count": 3424
    }
}