{
    "screenscore": {
        "pearson": [
            0.2675332071500815,
            2.3059219175415158e-52
        ],
        "spearman": [
            0.28596045361277134,
            6.966297424563743e-60
        ],
        "count": 3125
    }
}