{
    "1AMQ": {
        "pearson": [
            -0.6227600046258513,
            0.37723999537414876
        ],
        "spearman": [
            -0.7999999999999999,
            0.20000000000000007
        ],
        "count": 4
    },
    "1BNI": {
        "pearson": [
            -0.7133132231465042,
            0.006190282693666299
        ],
        "spearman": [
            -0.7741076205673916,
            0.0018973128446304903
        ],
        "count": 13
    },
    "1CEY": {
        "pearson": [
            0.9845276078039371,
            0.1121335091296113
        ],
        "spearman": [
            1.0,
            0.0
        ],
        "count": 3
    },
    "1EY0": {
        "pearson": [
            -0.2895952991919274,
            0.1349738138228065
        ],
        "spearman": [
            -0.08653979845594015,
            0.6614799260894586
        ],
        "count": 28
    },
    "1IHB": {
        "pearson": [
            -0.631182061145154,
            0.5651401466048502
        ],
        "spearman": [
            -0.5,
            0.6666666666666667
        ],
        "count": 3
    },
    "1L63": {
        "pearson": [
            -0.6704217243011993,
            1.0081874652877894e-16
        ],
        "spearman": [
            -0.6657764347469372,
            1.9447247028858803e-16
        ],
        "count": 118
    },
    "1LZ1": {
        "pearson": [
            -0.598617912112166,
            2.7619496136958513e-07
        ],
        "spearman": [
            -0.5940282451913859,
            3.588937838875592e-07
        ],
        "count": 62
    },
    "1OH0": {
        "pearson": [
            -1.0,
            1.0
        ],
        "spearman": [
            -0.9999999999999999,
            NaN
        ],
        "count": 2
    },
    "1VQB": {
        "pearson": [
            -0.021565268685967337,
            0.9725443755188263
        ],
        "spearman": [
            0.19999999999999998,
            0.747060078104662
        ],
        "count": 5
    },
    "2LZM": {
        "pearson": [
            -0.6904804034545078,
            1.4105727451082383e-10
        ],
        "spearman": [
            -0.6972878891588735,
            7.80132636013558e-11
        ],
        "count": 66
    },
    "2RN2": {
        "pearson": [
            -0.41986444801836875,
            0.08279977011717478
        ],
        "spearman": [
            -0.2008291258195256,
            0.4242510721278936
        ],
        "count": 18
    },
    "3ZCF": {
        "pearson": [
            1.0,
            1.0
        ],
        "spearman": [
            0.9999999999999999,
            NaN
        ],
        "count": 2
    },
    "4BVM": {
        "pearson": [
            -0.03664635942467709,
            0.9533508517423651
        ],
        "spearman": [
            0.0,
            1.0
        ],
        "count": 5
    },
    "4LYZ": {
        "pearson": [
            -0.3059693332772811,
            0.287382956999989
        ],
        "spearman": [
            -0.42210588976391,
            0.1327267936903429
        ],
        "count": 14
    },
    "5PTI": {
        "pearson": [
            -0.18606628997209712,
            0.7644672091843578
        ],
        "spearman": [
            -0.6,
            0.28475697986529375
        ],
        "count": 5
    },
    "overall": {
        "pearson": [
            -0.6132709979060098,
            9.65788885918865e-38
        ],
        "spearman": [
            -0.6296851843232433,
            2.797081464087104e-40
        ],
        "count": 352
    }
}