{
    "function_score": {
        "pearson": [
            0.4769197216611179,
            4.540239439727143e-43
        ],
        "spearman": [
            0.4072429796745498,
            8.982124356608937e-31
        ],
        "count": 736
    }
}