{
    "screenscore": {
        "pearson": [
            0.5251029634894673,
            8.357786100321885e-102
        ],
        "spearman": [
            0.5387554489022628,
            4.481094763963685e-108
        ],
        "count": 1425
    }
}