{
    "screenscore": {
        "pearson": [
            0.36446334723737117,
            6.974589509674207e-25
        ],
        "spearman": [
            0.36147226432927737,
            1.784825597372983e-24
        ],
        "count": 747
    }
}