{
    "screenscore": {
        "pearson": [
            0.4754410320992092,
            3.137931820005606e-102
        ],
        "spearman": [
            0.48922367265503086,
            5.189449116268154e-109
        ],
        "count": 1801
    }
}