{
    "screenscore": {
        "pearson": [
            0.5391833811873521,
            2.255697021464399e-136
        ],
        "spearman": [
            0.5246499472134591,
            6.153052480533819e-128
        ],
        "count": 1801
    }
}