{
    "screenscore": {
        "pearson": [
            0.5399568265332834,
            1.2181256616085762e-108
        ],
        "spearman": [
            0.5626116550624637,
            9.47202621293693e-120
        ],
        "count": 1425
    }
}