{
    "screenscore": {
        "pearson": [
            0.3839458047329175,
            1.1968849115250746e-27
        ],
        "spearman": [
            0.3969849576124658,
            1.318383333639728e-29
        ],
        "count": 747
    }
}