{
    "Overall": {
        "all_types_of_mutations": {
            "Pr": -0.10366710021299011,
            "Pr_pval": 0.04599812976434925,
            "Sr": -0.13561483089727844,
            "Sr_pval": 0.008912181861693706,
            "num": 371.0,
            "num_struc": 39.0
        },
        "single_point_mutations": {
            "Pr": -0.20670114823615868,
            "Pr_pval": 0.000780310629862702,
            "Sr": -0.21759319231390564,
            "Sr_pval": 0.0003986534840213886,
            "num": 261.0,
            "num_struc": 36.0
        },
        "multi_point_mutations": {
            "Pr": 0.0062901074660067936,
            "Pr_pval": 0.9480002540795078,
            "Sr": 0.06334772271466589,
            "Sr_pval": 0.510880297774122,
            "num": 110.0,
            "num_struc": 16.0
        }
    },
    "Per-Structure": {
        "all_types_of_mutations": {
            "Pr": -0.2982706724143902,
            "Pr_pval": 0.000984861713754196,
            "Sr": -0.2971350485444332,
            "Sr_pval": 1.592767114069036e-06,
            "num": 265.0,
            "num_struc": 8.0
        },
        "single_point_mutations": {
            "Pr": -0.40162315255287506,
            "Pr_pval": 8.059236932779577e-05,
            "Sr": -0.4329959329448707,
            "Sr_pval": 1.995619470412859e-06,
            "num": 180.0,
            "num_struc": 7.0
        },
        "multi_point_mutations": {
            "Pr": 0.22353181526986424,
            "Pr_pval": 0.20470009934046424,
            "Sr": 0.27062154629368657,
            "Sr_pval": 0.07996186071000226,
            "num": 78.0,
            "num_struc": 2.0
        }
    }
}