{
    "Overall": {
        "all_types_of_mutations": {
            "Pr": -0.13827842954453773,
            "Pr_pval": 0.007565169534039957,
            "Sr": -0.18407246425288873,
            "Sr_pval": 0.0003585451303429079,
            "num": 372.0,
            "num_struc": 39.0
        },
        "single_point_mutations": {
            "Pr": -0.1742453447786237,
            "Pr_pval": 0.004755632344817474,
            "Sr": -0.17407671381283082,
            "Sr_pval": 0.004796953172789021,
            "num": 261.0,
            "num_struc": 36.0
        },
        "multi_point_mutations": {
            "Pr": -0.21506158394794578,
            "Pr_pval": 0.023404997821893085,
            "Sr": -0.189335819744636,
            "Sr_pval": 0.046564946047151494,
            "num": 111.0,
            "num_struc": 16.0
        }
    },
    "Per-Structure": {
        "all_types_of_mutations": {
            "Pr": -0.2685403980412607,
            "Pr_std": 0.23471238739072803,
            "Pr_pval": 0.003677943212034479,
            "Sr": -0.23961033003305987,
            "Sr_std": 0.2886153720819774,
            "Sr_pval": 0.00023099318890667218,
            "num": 266.0,
            "num_struc": 8.0
        },
        "single_point_mutations": {
            "Pr": -0.33417754626679663,
            "Pr_std": 0.1873724722365469,
            "Pr_pval": 0.0035557603806672913,
            "Sr": -0.3335953823192413,
            "Sr_std": 0.17275954507454028,
            "Sr_pval": 0.0026679085149719974,
            "num": 180.0,
            "num_struc": 7.0
        },
        "multi_point_mutations": {
            "Pr": 0.12322752971559342,
            "Pr_std": 0.3812408254956536,
            "Pr_pval": 0.007050050069230209,
            "Sr": 0.11262925189701847,
            "Sr_std": 0.42609353446285414,
            "Sr_pval": 0.0016479621159089341,
            "num": 79.0,
            "num_struc": 2.0
        }
    }
}