{
    "log_proba_mt__minus__log_proba_wt vs. IFN_gamma (pg/ml)": {
        "Sr": 0.2988331987101818,
        "Sr_pval": 6.834956893112951e-05,
        "Pr": 0.36559274674507525,
        "Pr_pval": 8.158428888015114e-07,
        "num": 172
    },
    "blosum vs. IFN_gamma (pg/ml)": {
        "Sr": 0.2174733347098187,
        "Sr_pval": 0.00416064211939098,
        "Pr": 0.24663740792014044,
        "Pr_pval": 0.001107979454142637,
        "num": 172
    },
    "blosum vs. log_proba_mt__minus__log_proba_wt": {
        "Sr": 0.22611713766492533,
        "Sr_pval": 0.00285809053841322,
        "Pr": 0.2640975483813463,
        "Pr_pval": 0.0004640150516940953,
        "num": 172
    },
    "combined_score vs. IFN_gamma (pg/ml)": {
        "Sr": 0.32151241974210043,
        "Sr_pval": 1.703414047867652e-05,
        "Pr": 0.39691377099595976,
        "Pr_pval": 7.021837234038449e-08,
        "num": 172
    }
}