{
    "screenscore": {
        "pearson": [
            0.22026836590034882,
            5.50888542445517e-23
        ],
        "spearman": [
            0.19077710521412472,
            1.549601724371558e-17
        ],
        "count": 1962
    }
}