{
    "screenscore": {
        "pearson": [
            0.07972340317453733,
            0.4077196061890774
        ],
        "spearman": [
            0.04007107711596483,
            0.6776770601086501
        ],
        "count": 110
    }
}