{
    "MIC_score": {
        "pearson": [
            0.5137728776135879,
            1.0180876661466137e-67
        ],
        "spearman": [
            0.525249693948663,
            3.144273371207827e-71
        ],
        "count": 989
    }
}