{
    "5BON": {
        "pearson": [
            0.6028455315415926,
            7.71917193228812e-277
        ],
        "spearman": [
            0.5932383766056545,
            5.8627070624266545e-266
        ],
        "count": 2801
    },
    "1D5R": {
        "pearson": [
            0.5752073766859639,
            2.927886472046516e-283
        ],
        "spearman": [
            0.5632901056774776,
            3.2468344189151685e-269
        ],
        "count": 3222
    },
    "2H11": {
        "pearson": [
            0.5223075655245677,
            3.1135531568275466e-239
        ],
        "spearman": [
            0.4973386679541495,
            1.2804585559500576e-213
        ],
        "count": 3427
    },
    "overall": {
        "pearson": [
            0.5328283170709954,
            0.0
        ],
        "spearman": [
            0.5237511545369601,
            0.0
        ],
        "count": 9450
    }
}