{
    "score": {
        "pearson": [
            0.43531672532137755,
            1.3256608460014165e-162
        ],
        "spearman": [
            0.43739192363628254,
            2.5879065793995185e-164
        ],
        "count": 3517
    }
}