{
    "score": {
        "pearson": [
            0.44948694601606043,
            1.0223004234069955e-187
        ],
        "spearman": [
            0.4514939500719201,
            1.391562878155486e-189
        ],
        "count": 3786
    }
}