{
    "score": {
        "pearson": [
            0.4234575203034634,
            4.630010711610588e-153
        ],
        "spearman": [
            0.43465756182658544,
            4.601912729654375e-162
        ],
        "count": 3517
    }
}