{
    "function_score": {
        "pearson": [
            0.33501410315473856,
            9.221558019413456e-21
        ],
        "spearman": [
            0.30082075114554013,
            7.356856411386368e-17
        ],
        "count": 736
    }
}