{
    "linear": {
        "pearson": [
            0.6365676205576392,
            0.0
        ],
        "spearman": [
            0.657629876607507,
            0.0
        ],
        "count": 5468
    }
}