{
    "Ami11_avg": {
        "pearson": [
            0.1950871549620052,
            3.745062497409496e-46
        ],
        "spearman": [
            0.15708820850418231,
            2.487825380616196e-30
        ],
        "count": 5245
    },
    "Ami12_avg": {
        "pearson": [
            0.32688362835656826,
            5.796960502311027e-126
        ],
        "spearman": [
            0.3946274023200421,
            1.093556954721174e-187
        ],
        "count": 5046
    },
    "Ami14_avg": {
        "pearson": [
            0.29844621036962005,
            2.4577239924633417e-103
        ],
        "spearman": [
            0.339565480930393,
            4.348697262697491e-135
        ],
        "count": 4997
    },
    "Ami18_avg": {
        "pearson": [
            0.01317332025737195,
            0.3395579663878748
        ],
        "spearman": [
            0.01674690568061126,
            0.22469076367491803
        ],
        "count": 5258
    },
    "G41811_avg": {
        "pearson": [
            0.3047065638126445,
            5.128868254417935e-109
        ],
        "spearman": [
            0.3346895473654459,
            1.7643387285210082e-132
        ],
        "count": 5052
    },
    "G41812_avg": {
        "pearson": [
            0.37069908136876784,
            2.324059732621713e-161
        ],
        "spearman": [
            0.4361268683271124,
            2.0883328964966252e-229
        ],
        "count": 4959
    },
    "G41814_avg": {
        "pearson": [
            0.332979196544398,
            1.7222716710271947e-135
        ],
        "spearman": [
            0.35375348320896033,
            7.315605767124055e-154
        ],
        "count": 5225
    },
    "Kan11_avg": {
        "pearson": [
            0.336981474402524,
            3.1223245739430318e-133
        ],
        "spearman": [
            0.3600190398177991,
            3.9310477236532124e-153
        ],
        "count": 5008
    },
    "Kan12_avg": {
        "pearson": [
            0.3786581722927852,
            5.733386359905716e-165
        ],
        "spearman": [
            0.4487629868736842,
            9.157866322656167e-239
        ],
        "count": 4844
    },
    "Kan14_avg": {
        "pearson": [
            0.3670407533568618,
            3.4475669557521836e-159
        ],
        "spearman": [
            0.4136435316748227,
            7.823968155008829e-206
        ],
        "count": 4997
    },
    "Kan18_avg": {
        "pearson": [
            0.35792683018434523,
            1.0765423211697777e-157
        ],
        "spearman": [
            0.38540716815051346,
            1.3098290039824312e-184
        ],
        "count": 5224
    },
    "Neo11_avg": {
        "pearson": [
            0.3016681075995142,
            2.3918280847801407e-107
        ],
        "spearman": [
            0.3107889447425617,
            3.7148266595459465e-114
        ],
        "count": 5079
    },
    "Neo12_avg": {
        "pearson": [
            0.3760392964710091,
            1.0177590661062427e-166
        ],
        "spearman": [
            0.44643151411368265,
            4.181176538182414e-242
        ],
        "count": 4970
    },
    "Neo14_avg": {
        "pearson": [
            0.3714673709725656,
            3.2987471207223825e-169
        ],
        "spearman": [
            0.4011122537347697,
            1.6101488507834032e-199
        ],
        "count": 5180
    },
    "Neo18_avg": {
        "pearson": [
            0.313821203753829,
            8.638088995736654e-120
        ],
        "spearman": [
            0.31775787795133864,
            6.282988977053381e-123
        ],
        "count": 5226
    },
    "Paro11_avg": {
        "pearson": [
            0.240223014455407,
            1.6169023084898969e-69
        ],
        "spearman": [
            0.22436664309716595,
            1.1896556128775113e-60
        ],
        "count": 5228
    },
    "Paro12_avg": {
        "pearson": [
            0.33733628432370966,
            4.7158735924370506e-133
        ],
        "spearman": [
            0.3964623349655608,
            1.7135556212011987e-187
        ],
        "count": 4990
    },
    "Paro14_avg": {
        "pearson": [
            0.3852765967550976,
            3.498913841721125e-175
        ],
        "spearman": [
            0.43794159840390345,
            1.7938985042941387e-231
        ],
        "count": 4958
    },
    "Paro18_avg": {
        "pearson": [
            0.38389020435857535,
            1.3913423879782964e-178
        ],
        "spearman": [
            0.43164866256811146,
            2.4118803698538395e-230
        ],
        "count": 5095
    },
    "Ribo11_avg": {
        "pearson": [
            0.3331158086555831,
            7.087316898196128e-130
        ],
        "spearman": [
            0.3891374067422018,
            1.6572512377452945e-180
        ],
        "count": 5001
    },
    "Ribo12_avg": {
        "pearson": [
            0.4071622301714388,
            4.388502047450869e-199
        ],
        "spearman": [
            0.4684068195476011,
            2.7924545824314065e-271
        ],
        "count": 5002
    },
    "Ribo14_avg": {
        "pearson": [
            0.39594809620208166,
            3.683530438112864e-194
        ],
        "spearman": [
            0.4297730045760772,
            4.2450374012623554e-232
        ],
        "count": 5184
    },
    "Ribo18_avg": {
        "pearson": [
            0.3630849381719855,
            8.248583958530798e-162
        ],
        "spearman": [
            0.3735145751105441,
            7.438235310557749e-172
        ],
        "count": 5200
    }
}