{
    "Ami11_avg": {
        "pearson": [
            0.19257475961857995,
            1.5524890796190092e-43
        ],
        "spearman": [
            0.15120936000159974,
            2.6434139924648378e-27
        ],
        "count": 5068
    },
    "Ami12_avg": {
        "pearson": [
            0.3253480824506154,
            2.51284973232505e-121
        ],
        "spearman": [
            0.39504573500329127,
            5.943769477146673e-183
        ],
        "count": 4906
    },
    "Ami14_avg": {
        "pearson": [
            0.3031767657441344,
            4.2978776724359454e-104
        ],
        "spearman": [
            0.347776104059798,
            1.6574921216292612e-138
        ],
        "count": 4871
    },
    "Ami18_avg": {
        "pearson": [
            0.0143269038889862,
            0.30728355357660314
        ],
        "spearman": [
            0.023442284961762927,
            0.09479150448239444
        ],
        "count": 5080
    },
    "G41811_avg": {
        "pearson": [
            0.3015152869435004,
            1.198957590563459e-103
        ],
        "spearman": [
            0.3211401054628492,
            4.3728079019969735e-118
        ],
        "count": 4906
    },
    "G41812_avg": {
        "pearson": [
            0.3756730001168481,
            1.777888062402938e-161
        ],
        "spearman": [
            0.4446207925285968,
            7.58265007659266e-233
        ],
        "count": 4822
    },
    "G41814_avg": {
        "pearson": [
            0.3428313131254862,
            3.0506519162225843e-139
        ],
        "spearman": [
            0.36674120330848,
            1.5138186890028623e-160
        ],
        "count": 5049
    },
    "Kan11_avg": {
        "pearson": [
            0.3281976430561445,
            5.904130490002828e-123
        ],
        "spearman": [
            0.3443733270965072,
            5.6322531452525075e-136
        ],
        "count": 4882
    },
    "Kan12_avg": {
        "pearson": [
            0.38888371059630056,
            1.1531843903842459e-170
        ],
        "spearman": [
            0.45920427108972806,
            1.4465688438384448e-245
        ],
        "count": 4732
    },
    "Kan14_avg": {
        "pearson": [
            0.37628208504287974,
            8.460235669311542e-163
        ],
        "spearman": [
            0.42522739156691763,
            4.792315358342374e-212
        ],
        "count": 4845
    },
    "Kan18_avg": {
        "pearson": [
            0.3719351432536311,
            1.7389345309390706e-165
        ],
        "spearman": [
            0.3998272842161287,
            2.9603355863387507e-193
        ],
        "count": 5051
    },
    "Neo11_avg": {
        "pearson": [
            0.3044134693824965,
            9.069646475102867e-107
        ],
        "spearman": [
            0.3021453980381003,
            3.896389818821034e-105
        ],
        "count": 4956
    },
    "Neo12_avg": {
        "pearson": [
            0.39190897584727497,
            5.454045959703225e-178
        ],
        "spearman": [
            0.46288424176500836,
            1.9267704586044807e-256
        ],
        "count": 4855
    },
    "Neo14_avg": {
        "pearson": [
            0.3924008879673701,
            2.98917941615228e-184
        ],
        "spearman": [
            0.4218296189400793,
            1.4937858961652052e-215
        ],
        "count": 5014
    },
    "Neo18_avg": {
        "pearson": [
            0.3220438389593333,
            2.653613145684552e-122
        ],
        "spearman": [
            0.3261637335521231,
            1.3957042743122146e-125
        ],
        "count": 5054
    },
    "Paro11_avg": {
        "pearson": [
            0.2359929411790343,
            5.009801714383856e-65
        ],
        "spearman": [
            0.2120846359807717,
            1.390461289986312e-52
        ],
        "count": 5063
    },
    "Paro12_avg": {
        "pearson": [
            0.33911223301978477,
            1.7027846630997478e-131
        ],
        "spearman": [
            0.39415411245696685,
            5.804988444261697e-181
        ],
        "count": 4876
    },
    "Paro14_avg": {
        "pearson": [
            0.3865489013637996,
            4.253337669493786e-172
        ],
        "spearman": [
            0.44463045556600095,
            1.7628701175274801e-233
        ],
        "count": 4835
    },
    "Paro18_avg": {
        "pearson": [
            0.3973146371008076,
            1.0153891271202722e-186
        ],
        "spearman": [
            0.4457006578780148,
            4.521679905313149e-240
        ],
        "count": 4946
    },
    "Ribo11_avg": {
        "pearson": [
            0.3378616661531177,
            7.509730481310198e-131
        ],
        "spearman": [
            0.38711320306392405,
            1.4056537704587962e-174
        ],
        "count": 4890
    },
    "Ribo12_avg": {
        "pearson": [
            0.4259126625486745,
            5.158792473606276e-214
        ],
        "spearman": [
            0.48571833740082704,
            5.660737927881724e-287
        ],
        "count": 4873
    },
    "Ribo14_avg": {
        "pearson": [
            0.4165814209911238,
            4.551615251994699e-210
        ],
        "spearman": [
            0.45041775563399045,
            1.6879995241907106e-249
        ],
        "count": 5022
    },
    "Ribo18_avg": {
        "pearson": [
            0.3850845826433985,
            1.299435700856318e-177
        ],
        "spearman": [
            0.396162332959177,
            8.78657472466021e-189
        ],
        "count": 5033
    }
}