{
    "1AMQ": {
        "pearson": [
            -0.5878878243227139,
            0.4121121756772861
        ],
        "spearman": [
            -0.7999999999999999,
            0.20000000000000007
        ],
        "count": 4
    },
    "1BNI": {
        "pearson": [
            -0.6690982515407347,
            0.012385038169011498
        ],
        "spearman": [
            -0.7493141380581158,
            0.003194060415061704
        ],
        "count": 13
    },
    "1CEY": {
        "pearson": [
            0.9402832835224935,
            0.22112016982094612
        ],
        "spearman": [
            0.5,
            0.6666666666666667
        ],
        "count": 3
    },
    "1EY0": {
        "pearson": [
            -0.15270216452079438,
            0.4378963711681849
        ],
        "spearman": [
            -0.05723676543446674,
            0.772353960968443
        ],
        "count": 28
    },
    "1IHB": {
        "pearson": [
            -0.6178748587258455,
            0.5759876562511265
        ],
        "spearman": [
            -0.5,
            0.6666666666666667
        ],
        "count": 3
    },
    "1L63": {
        "pearson": [
            -0.6578474080744,
            5.811459504155411e-16
        ],
        "spearman": [
            -0.6374412469113446,
            8.407577064363887e-15
        ],
        "count": 118
    },
    "1LZ1": {
        "pearson": [
            -0.5708138807204258,
            1.2711435443357763e-06
        ],
        "spearman": [
            -0.5609270835708686,
            2.1163477164792168e-06
        ],
        "count": 62
    },
    "1OH0": {
        "pearson": [
            -1.0,
            1.0
        ],
        "spearman": [
            -0.9999999999999999,
            NaN
        ],
        "count": 2
    },
    "1VQB": {
        "pearson": [
            -0.011703325774222353,
            0.9850992029890789
        ],
        "spearman": [
            0.09999999999999999,
            0.8728885715695383
        ],
        "count": 5
    },
    "2LZM": {
        "pearson": [
            -0.61490161527833,
            3.9543882490179206e-08
        ],
        "spearman": [
            -0.671199383825038,
            6.939928419797433e-10
        ],
        "count": 66
    },
    "2RN2": {
        "pearson": [
            -0.2506038876481341,
            0.31585272326050373
        ],
        "spearman": [
            -0.20911073925538234,
            0.40498277617379663
        ],
        "count": 18
    },
    "3ZCF": {
        "pearson": [
            1.0,
            1.0
        ],
        "spearman": [
            0.9999999999999999,
            NaN
        ],
        "count": 2
    },
    "4BVM": {
        "pearson": [
            0.7371846006656942,
            0.15520337776424575
        ],
        "spearman": [
            0.6,
            0.28475697986529375
        ],
        "count": 5
    },
    "4LYZ": {
        "pearson": [
            -0.22737047688198897,
            0.4343628581143138
        ],
        "spearman": [
            -0.37127638471380564,
            0.1912169905983235
        ],
        "count": 14
    },
    "5PTI": {
        "pearson": [
            -0.21107889733339702,
            0.7332552463869797
        ],
        "spearman": [
            -0.49999999999999994,
            0.39100221895577053
        ],
        "count": 5
    },
    "overall": {
        "pearson": [
            -0.5657895915930236,
            3.5501291198805868e-31
        ],
        "spearman": [
            -0.5921088345004814,
            1.11025316364036e-34
        ],
        "count": 352
    }
}