{
    "1AMQ": {
        "pearson": [
            -0.5878878243227139,
            0.4121121756772861
        ],
        "spearman": [
            -0.7999999999999999,
            0.20000000000000007
        ],
        "count": 4
    },
    "1BNI": {
        "pearson": [
            -0.6691276834116413,
            0.012379773851636926
        ],
        "spearman": [
            -0.7493141380581158,
            0.003194060415061704
        ],
        "count": 13
    },
    "1CEY": {
        "pearson": [
            0.9532216837920913,
            0.1954902428625975
        ],
        "spearman": [
            0.5,
            0.6666666666666667
        ],
        "count": 3
    },
    "1EY0": {
        "pearson": [
            -0.1525699746229997,
            0.43829778863951807
        ],
        "spearman": [
            -0.05723676543446674,
            0.772353960968443
        ],
        "count": 28
    },
    "1IHB": {
        "pearson": [
            -0.6178748587258455,
            0.5759876562511265
        ],
        "spearman": [
            -0.5,
            0.6666666666666667
        ],
        "count": 3
    },
    "1L63": {
        "pearson": [
            -0.6578474080744,
            5.811459504155411e-16
        ],
        "spearman": [
            -0.6374412469113446,
            8.407577064363887e-15
        ],
        "count": 118
    },
    "1LZ1": {
        "pearson": [
            -0.5708138807204258,
            1.2711435443357763e-06
        ],
        "spearman": [
            -0.5609270835708686,
            2.1163477164792168e-06
        ],
        "count": 62
    },
    "1OH0": {
        "pearson": [
            -1.0,
            1.0
        ],
        "spearman": [
            -0.9999999999999999,
            NaN
        ],
        "count": 2
    },
    "1VQB": {
        "pearson": [
            -0.018006338924387424,
            0.9770748561826207
        ],
        "spearman": [
            0.09999999999999999,
            0.8728885715695383
        ],
        "count": 5
    },
    "2LZM": {
        "pearson": [
            -0.61490161527833,
            3.9543882490179206e-08
        ],
        "spearman": [
            -0.671199383825038,
            6.939928419797433e-10
        ],
        "count": 66
    },
    "2RN2": {
        "pearson": [
            -0.2506038876481341,
            0.31585272326050373
        ],
        "spearman": [
            -0.20911073925538234,
            0.40498277617379663
        ],
        "count": 18
    },
    "3ZCF": {
        "pearson": [
            1.0,
            1.0
        ],
        "spearman": [
            0.9999999999999999,
            NaN
        ],
        "count": 2
    },
    "4BVM": {
        "pearson": [
            0.7471295205378373,
            0.14671697164108885
        ],
        "spearman": [
            0.6,
            0.28475697986529375
        ],
        "count": 5
    },
    "4LYZ": {
        "pearson": [
            -0.22730849413695942,
            0.4344915440846029
        ],
        "spearman": [
            -0.37127638471380564,
            0.1912169905983235
        ],
        "count": 14
    },
    "5PTI": {
        "pearson": [
            -0.07693445866398055,
            0.9021407229866915
        ],
        "spearman": [
            -0.49999999999999994,
            0.39100221895577053
        ],
        "count": 5
    },
    "overall": {
        "pearson": [
            -0.5656468445360489,
            3.701725617743264e-31
        ],
        "spearman": [
            -0.5924739340103854,
            9.87475567862252e-35
        ],
        "count": 352
    }
}