{
    "MIC_score": {
        "pearson": [
            0.4473370961451025,
            7.899645905844709e-50
        ],
        "spearman": [
            0.5166941046942318,
            1.3396938975009478e-68
        ],
        "count": 989
    }
}