{
    "2LZM": {
        "pearson": [
            -0.7073113926006239,
            4.177938166096894e-06
        ],
        "spearman": [
            -0.6990050628773852,
            6.04069190324437e-06
        ],
        "count": 33
    }
}