{
    "2LZM": {
        "pearson": [
            -0.7809736293826224,
            8.221303661928383e-08
        ],
        "spearman": [
            -0.757548200471806,
            3.325057175044295e-07
        ],
        "count": 33
    }
}