{
    "1PGA": {
        "pearson": [
            -0.27094708329610595,
            1.002108919095165e-16
        ],
        "spearman": [
            -0.30382022829965216,
            8.012002645529349e-21
        ],
        "count": 907,
        "pearson - filtered rosetta [-1;7]": [
            -0.253200162748964,
            9.710665274240415e-14
        ],
        "spearman - filtered rosetta [-1;7]": [
            -0.28720113589016727,
            2.1399123882343032e-17
        ],
        "count - filtered rosetta [-1;7]": 839
    },
    "overall": {
        "pearson": [
            -0.27094708329610595,
            1.002108919095165e-16
        ],
        "spearman": [
            -0.30382022829965216,
            8.012002645529349e-21
        ],
        "count": 907,
        "pearson - filtered rosetta [-1;7]": [
            -0.253200162748964,
            9.710665274240415e-14
        ],
        "spearman - filtered rosetta [-1;7]": [
            -0.28720113589016727,
            2.1399123882343032e-17
        ],
        "count - filtered rosetta [-1;7]": 839
    }
}