{
    "1A7V": {
        "pearson": [
            -0.11340028607248133,
            0.7122277003382788
        ],
        "spearman": [
            -0.09641909864718402,
            0.7540179705147775
        ],
        "count": 13
    },
    "1BA3": {
        "pearson": [
            -0.9050626941323714,
            0.09493730586762861
        ],
        "spearman": [
            -0.39999999999999997,
            0.6
        ],
        "count": 4
    },
    "1BFM": {
        "pearson": [
            -1.0,
            1.0
        ],
        "spearman": [
            -0.9999999999999999,
            NaN
        ],
        "count": 2
    },
    "1D5G": {
        "pearson": [
            1.0,
            1.0
        ],
        "spearman": [
            0.9999999999999999,
            NaN
        ],
        "count": 2
    },
    "1DIV": {
        "pearson": [
            -0.5558375605251005,
            2.783360013046111e-05
        ],
        "spearman": [
            -0.5253199523797956,
            8.963268293204923e-05
        ],
        "count": 50
    },
    "1EKG": {
        "pearson": [
            -0.9756785677416762,
            0.02432143225832384
        ],
        "spearman": [
            -1.0,
            0.0
        ],
        "count": 4
    },
    "1FT8": {
        "pearson": [
            -0.6873547278335154,
            0.009430436974102676
        ],
        "spearman": [
            -0.7472527472527472,
            0.003326741383429984
        ],
        "count": 13
    },
    "1FXA": {
        "pearson": [
            -0.7486187458276072,
            0.008032001905491587
        ],
        "spearman": [
            -0.7545454545454545,
            0.00728204100842914
        ],
        "count": 11
    },
    "1G3P": {
        "pearson": [
            -0.398904269517449,
            0.03929027847145464
        ],
        "spearman": [
            -0.16860113103053787,
            0.40053572658313996
        ],
        "count": 27
    },
    "1GUA": {
        "pearson": [
            -0.4513317435887919,
            0.0011342282039265637
        ],
        "spearman": [
            -0.4792857142857142,
            0.0004935765334557423
        ],
        "count": 49
    },
    "1H0X": {
        "pearson": [
            1.0,
            1.0
        ],
        "spearman": [
            0.9999999999999999,
            NaN
        ],
        "count": 2
    },
    "1HCQ": {
        "pearson": [
            1.0,
            1.0
        ],
        "spearman": [
            0.9999999999999999,
            NaN
        ],
        "count": 2
    },
    "1ITM": {
        "pearson": [
            0.9997774643847934,
            0.01343083266455265
        ],
        "spearman": [
            1.0,
            0.0
        ],
        "count": 3
    },
    "1IV7": {
        "pearson": [
            -0.84262643490323,
            0.36201652442511467
        ],
        "spearman": [
            -1.0,
            0.0
        ],
        "count": 3
    },
    "1J8I": {
        "pearson": [
            -0.0631869678215161,
            0.9053456881873525
        ],
        "spearman": [
            0.058848988633649964,
            0.9118284200601461
        ],
        "count": 6
    },
    "1JLV": {
        "pearson": [
            -0.2243619666804208,
            0.8559404182698911
        ],
        "spearman": [
            0.5,
            0.6666666666666667
        ],
        "count": 3
    },
    "1L6H": {
        "pearson": [
            -0.91829751203331,
            0.2591283854128854
        ],
        "spearman": [
            -0.5,
            0.6666666666666667
        ],
        "count": 3
    },
    "1LVM": {
        "pearson": [
            0.10000223048536121,
            0.8728857458630797
        ],
        "spearman": [
            0.20519567041703085,
            0.7405819415910722
        ],
        "count": 5
    },
    "1N18": {
        "pearson": [
            -0.7058002211063045,
            0.29419977889369564
        ],
        "spearman": [
            -0.6000000000000001,
            0.3999999999999999
        ],
        "count": 4
    },
    "1N88": {
        "pearson": [
            0.037743402836278694,
            0.8856451881177481
        ],
        "spearman": [
            0.015960739159286096,
            0.9515196094371184
        ],
        "count": 17
    },
    "1NM1": {
        "pearson": [
            -1.0,
            1.0
        ],
        "spearman": [
            -0.9999999999999999,
            NaN
        ],
        "count": 2
    },
    "1O1U": {
        "pearson": [
            -0.5731538358499597,
            0.23441128822352325
        ],
        "spearman": [
            0.030358837035945815,
            0.9544757346935633
        ],
        "count": 6
    },
    "1O6X": {
        "pearson": [
            0.10290133755148671,
            0.6659546281491266
        ],
        "spearman": [
            0.06471032682129335,
            0.7863577306711409
        ],
        "count": 20
    },
    "1OSI": {
        "pearson": [
            0.28164074867482775,
            0.7183592513251722
        ],
        "spearman": [
            0.39999999999999997,
            0.6
        ],
        "count": 4
    },
    "1PFL": {
        "pearson": [
            -0.38570671623189245,
            0.5213669895123337
        ],
        "spearman": [
            -0.09999999999999999,
            0.8728885715695383
        ],
        "count": 5
    },
    "1PRG": {
        "pearson": [
            0.6629105029440057,
            0.10459781510070193
        ],
        "spearman": [
            0.4642857142857144,
            0.2939341076002517
        ],
        "count": 7
    },
    "1R6R": {
        "pearson": [
            0.1458238813678687,
            0.8541761186321313
        ],
        "spearman": [
            0.19999999999999998,
            0.8
        ],
        "count": 4
    },
    "1SPD": {
        "pearson": [
            -1.0,
            1.0
        ],
        "spearman": [
            -0.9999999999999999,
            NaN
        ],
        "count": 2
    },
    "1X0J": {
        "pearson": [
            -0.39771443989625277,
            0.3769259663620512
        ],
        "spearman": [
            -0.7500000000000002,
            0.05218140045705776
        ],
        "count": 7
    },
    "1XWS": {
        "pearson": [
            0.28113052237350555,
            0.7188694776264946
        ],
        "spearman": [
            -0.19999999999999998,
            0.8
        ],
        "count": 4
    },
    "1XXN": {
        "pearson": [
            -0.0480729435079287,
            0.938815210978568
        ],
        "spearman": [
            0.10259783520851543,
            0.8695979205185651
        ],
        "count": 5
    },
    "1XZO": {
        "pearson": [
            -0.4100036884499823,
            0.5899963115500177
        ],
        "spearman": [
            -0.39999999999999997,
            0.6
        ],
        "count": 4
    },
    "2BJD": {
        "pearson": [
            -0.9616763088369142,
            0.17681765089022422
        ],
        "spearman": [
            -1.0,
            0.0
        ],
        "count": 3
    },
    "2C9Q": {
        "pearson": [
            -1.0,
            1.0
        ],
        "spearman": [
            -0.9999999999999999,
            NaN
        ],
        "count": 2
    },
    "2CLR": {
        "pearson": [
            -0.9323026422099927,
            0.0676973577900073
        ],
        "spearman": [
            -1.0,
            0.0
        ],
        "count": 4
    },
    "2DVV": {
        "pearson": [
            -1.0,
            1.0
        ],
        "spearman": [
            -0.9999999999999999,
            NaN
        ],
        "count": 2
    },
    "2HBB": {
        "pearson": [
            -0.593005417775516,
            1.4074289400752733e-05
        ],