{
    "1A7V": {
        "pearson": [
            -0.11339513547789516,
            0.7122402705670431
        ],
        "spearman": [
            -0.09641909864718402,
            0.7540179705147775
        ],
        "count": 13
    },
    "1BA3": {
        "pearson": [
            -0.9065790119635175,
            0.09342098803648247
        ],
        "spearman": [
            -0.39999999999999997,
            0.6
        ],
        "count": 4
    },
    "1BFM": {
        "pearson": [
            1.0,
            1.0
        ],
        "spearman": [
            0.9999999999999999,
            NaN
        ],
        "count": 2
    },
    "1D5G": {
        "pearson": [
            1.0,
            1.0
        ],
        "spearman": [
            0.9999999999999999,
            NaN
        ],
        "count": 2
    },
    "1DIV": {
        "pearson": [
            -0.5593694935850297,
            2.4128732534110177e-05
        ],
        "spearman": [
            -0.545201336444631,
            4.238347070013755e-05
        ],
        "count": 50
    },
    "1EKG": {
        "pearson": [
            -0.9756790873126319,
            0.024320912687368246
        ],
        "spearman": [
            -1.0,
            0.0
        ],
        "count": 4
    },
    "1FT8": {
        "pearson": [
            -0.687386877210195,
            0.009425759273796856
        ],
        "spearman": [
            -0.7472527472527472,
            0.003326741383429984
        ],
        "count": 13
    },
    "1FXA": {
        "pearson": [
            -0.7465698803439077,
            0.00830391559991141
        ],
        "spearman": [
            -0.7545454545454545,
            0.00728204100842914
        ],
        "count": 11
    },
    "1G3P": {
        "pearson": [
            -0.3988801204393717,
            0.039303278367989594
        ],
        "spearman": [
            -0.16860113103053787,
            0.40053572658313996
        ],
        "count": 27
    },
    "1GUA": {
        "pearson": [
            -0.45078417463668774,
            0.0011520673531793821
        ],
        "spearman": [
            -0.4792857142857142,
            0.0004935765334557423
        ],
        "count": 49
    },
    "1H0X": {
        "pearson": [
            1.0,
            1.0
        ],
        "spearman": [
            0.9999999999999999,
            NaN
        ],
        "count": 2
    },
    "1HCQ": {
        "pearson": [
            1.0,
            1.0
        ],
        "spearman": [
            0.9999999999999999,
            NaN
        ],
        "count": 2
    },
    "1ITM": {
        "pearson": [
            0.9999400416893145,
            0.006971431828300574
        ],
        "spearman": [
            1.0,
            0.0
        ],
        "count": 3
    },
    "1IV7": {
        "pearson": [
            -0.8426525343632956,
            0.36198566814452754
        ],
        "spearman": [
            -1.0,
            0.0
        ],
        "count": 3
    },
    "1J8I": {
        "pearson": [
            -0.14335929679797568,
            0.7864342069072643
        ],
        "spearman": [
            -0.08827348295047496,
            0.8679336982351336
        ],
        "count": 6
    },
    "1JLV": {
        "pearson": [
            -0.22501798272931028,
            0.8555118265116064
        ],
        "spearman": [
            0.5,
            0.6666666666666667
        ],
        "count": 3
    },
    "1L6H": {
        "pearson": [
            -0.9156237337283256,
            0.2633948738485624
        ],
        "spearman": [
            -0.5,
            0.6666666666666667
        ],
        "count": 3
    },
    "1LVM": {
        "pearson": [
            0.10000882162809112,
            0.8728773958301186
        ],
        "spearman": [
            0.20519567041703085,
            0.7405819415910722
        ],
        "count": 5
    },
    "1N18": {
        "pearson": [
            -0.7057794662004503,
            0.2942205337995496
        ],
        "spearman": [
            -0.6000000000000001,
            0.3999999999999999
        ],
        "count": 4
    },
    "1N88": {
        "pearson": [
            0.10988561237670044,
            0.6746059047998193
        ],
        "spearman": [
            0.04665446831175935,
            0.8588761549377424
        ],
        "count": 17
    },
    "1NM1": {
        "pearson": [
            -1.0,
            1.0
        ],
        "spearman": [
            -0.9999999999999999,
            NaN
        ],
        "count": 2
    },
    "1O1U": {
        "pearson": [
            -0.6399209085952224,
            0.17114204935305596
        ],
        "spearman": [
            -0.27322953332351235,
            0.6003545904291114
        ],
        "count": 6
    },
    "1O6X": {
        "pearson": [
            0.12087992182196619,
            0.6116979422160532
        ],
        "spearman": [
            0.11587663174975786,
            0.6266178237877464
        ],
        "count": 20
    },
    "1OSI": {
        "pearson": [
            0.2675238736194463,
            0.7324761263805537
        ],
        "spearman": [
            0.39999999999999997,
            0.6
        ],
        "count": 4
    },
    "1PFL": {
        "pearson": [
            -0.4711463889926175,
            0.42311613850293395
        ],
        "spearman": [
            -0.3,
            0.6238376647810728
        ],
        "count": 5
    },
    "1PRG": {
        "pearson": [
            0.6628918935775145,
            0.10461107425811815
        ],
        "spearman": [
            0.4642857142857144,
            0.2939341076002517
        ],
        "count": 7
    },
    "1R6R": {
        "pearson": [
            0.27244275713378463,
            0.7275572428662154
        ],
        "spearman": [
            0.19999999999999998,
            0.8
        ],
        "count": 4
    },
    "1SPD": {
        "pearson": [
            -1.0,
            1.0
        ],
        "spearman": [
            -0.9999999999999999,
            NaN
        ],
        "count": 2
    },
    "1X0J": {
        "pearson": [
            -0.408090916508873,
            0.3634207314590847
        ],
        "spearman": [
            -0.7500000000000002,
            0.05218140045705776
        ],
        "count": 7
    },
    "1XWS": {
        "pearson": [
            0.28112132043752625,
            0.7188786795624738
        ],
        "spearman": [
            -0.19999999999999998,
            0.8
        ],
        "count": 4
    },
    "1XXN": {
        "pearson": [
            -0.04805341981326078,
            0.9388400405898316
        ],
        "spearman": [
            0.10259783520851543,
            0.8695979205185651
        ],
        "count": 5
    },
    "1XZO": {
        "pearson": [
            -0.3427120163406844,
            0.6572879836593155
        ],
        "spearman": [
            -0.39999999999999997,
            0.6
        ],
        "count": 4
    },
    "2BJD": {
        "pearson": [
            -0.9616766096704867,
            0.17681695240066259
        ],
        "spearman": [
            -1.0,
            0.0
        ],
        "count": 3
    },
    "2C9Q": {
        "pearson": [
            -1.0,
            1.0
        ],
        "spearman": [
            -0.9999999999999999,
            NaN
        ],
        "count": 2
    },
    "2CLR": {
        "pearson": [
            -0.9322915565316156,
            0.06770844346838434
        ],
        "spearman": [
            -1.0,
            0.0
        ],
        "count": 4
    },
    "2DVV": {
        "pearson": [
            -1.0,
            1.0
        ],
        "spearman": [
            -0.9999999999999999,
            NaN
        ],
        "count": 2
    },
    "2HBB": {
        "pearson": [
            -0.5929998010618598,
            1.407759044743753e-05
        ],