{
    "MIC_score": {
        "pearson": [
            0.40546758067648714,
            1.9939844683187013e-40
        ],
        "spearman": [
            0.4575118613829483,
            2.551425857962326e-52
        ],
        "count": 989
    }
}