{
    "linear": {
        "pearson": [
            0.3624630000871419,
            1.1118417948331862e-12
        ],
        "spearman": [
            0.40360860841806256,
            1.2926933485317603e-15
        ],
        "count": 362
    }
}