{
    "fitness": {
        "pearson": [
            0.26565785125429514,
            1.1992826656729276e-25
        ],
        "spearman": [
            0.2753168848356418,
            1.6972291778806088e-27
        ],
        "count": 1500
    }
}