{
    "acetamide_normalized_fitness": {
        "pearson": [
            0.3074707994129908,
            1.00514807759617e-144
        ],
        "spearman": [
            0.42183680853835187,
            1.5728082956606527e-283
        ],
        "count": 6610
    },
    "isobutyramide_normalized_fitness": {
        "pearson": [
            0.5196250677768902,
            0.0
        ],
        "spearman": [
            0.5274668494694962,
            0.0
        ],
        "count": 6548
    },
    "propionamide_normalized_fitness": {
        "pearson": [
            0.3866820579245064,
            9.42059929583142e-235
        ],
        "spearman": [
            0.42750281673240564,
            5.275732612235795e-292
        ],
        "count": 6611
    }
}