{
    "Ami11_avg": {
        "pearson": [
            0.22715934336571963,
            2.568578208711313e-60
        ],
        "spearman": [
            0.1689210671442341,
            9.392617734262624e-34
        ],
        "count": 5068
    },
    "Ami12_avg": {
        "pearson": [
            0.3918167112525727,
            9.523642233053145e-180
        ],
        "spearman": [
            0.40909484931034606,
            2.5550694499724878e-197
        ],
        "count": 4906
    },
    "Ami14_avg": {
        "pearson": [
            0.3571868786970759,
            1.5783779181975614e-146
        ],
        "spearman": [
            0.36772969520535465,
            7.631390864732189e-156
        ],
        "count": 4871
    },
    "Ami18_avg": {
        "pearson": [
            0.04358600498831332,
            0.0018882628651607028
        ],
        "spearman": [
            0.057018018136631196,
            4.778245268581215e-05
        ],
        "count": 5080
    },
    "G41811_avg": {
        "pearson": [
            0.36110575258299,
            5.1657981540444095e-151
        ],
        "spearman": [
            0.3291102588815872,
            2.876037531870505e-124
        ],
        "count": 4906
    },
    "G41812_avg": {
        "pearson": [
            0.40199499993268734,
            9.403557438006394e-187
        ],
        "spearman": [
            0.4463839742403333,
            6.708999214537746e-235
        ],
        "count": 4822
    },
    "G41814_avg": {
        "pearson": [
            0.3276187860283878,
            1.2528854738496883e-126
        ],
        "spearman": [
            0.368449112746896,
            3.863250851416822e-162
        ],
        "count": 5049
    },
    "Kan11_avg": {
        "pearson": [
            0.40213652619732587,
            3.3895770244758106e-189
        ],
        "spearman": [
            0.34195975081700364,
            5.538828614806332e-134
        ],
        "count": 4882
    },
    "Kan12_avg": {
        "pearson": [
            0.44072416029669625,
            3.974228459881617e-224
        ],
        "spearman": [
            0.4563273448393266,
            3.850973839701119e-242
        ],
        "count": 4732
    },
    "Kan14_avg": {
        "pearson": [
            0.3919143019729582,
            1.2418683915458625e-177
        ],
        "spearman": [
            0.4276533084947192,
            1.0436846509774951e-214
        ],
        "count": 4845
    },
    "Kan18_avg": {
        "pearson": [
            0.3517332926232051,
            5.129952820702692e-147
        ],
        "spearman": [
            0.3892428368338308,
            2.1296025618080222e-182
        ],
        "count": 5051
    },
    "Neo11_avg": {
        "pearson": [
            0.3888743206773113,
            1.2178488204842105e-178
        ],
        "spearman": [
            0.3043429950658843,
            1.0198920211109636e-106
        ],
        "count": 4956
    },
    "Neo12_avg": {
        "pearson": [
            0.4247503342850036,
            5.874713459683997e-212
        ],
        "spearman": [
            0.4604714929635875,
            1.8654350498588953e-253
        ],
        "count": 4855
    },
    "Neo14_avg": {
        "pearson": [
            0.3866696691501533,
            1.624547832218935e-178
        ],
        "spearman": [
            0.42046933755159166,
            4.915095943347743e-214
        ],
        "count": 5014
    },
    "Neo18_avg": {
        "pearson": [
            0.2944105262864564,
            1.3088296422505525e-101
        ],
        "spearman": [
            0.33163519560129157,
            5.1321212412053365e-130
        ],
        "count": 5054
    },
    "Paro11_avg": {
        "pearson": [
            0.27237907441902465,
            7.8835314798644215e-87
        ],
        "spearman": [
            0.20471598851000009,
            4.863338526990307e-49
        ],
        "count": 5063
    },
    "Paro12_avg": {
        "pearson": [
            0.4052355536691488,
            3.919287807044967e-192
        ],
        "spearman": [
            0.39321058205672244,
            4.958166647988339e-180
        ],
        "count": 4876
    },
    "Paro14_avg": {
        "pearson": [
            0.4209956348701119,
            4.967551416290851e-207
        ],
        "spearman": [
            0.44692001383115676,
            3.7194366104288436e-236
        ],
        "count": 4835
    },
    "Paro18_avg": {
        "pearson": [
            0.4142727721539756,
            1.987248541055924e-204
        ],
        "spearman": [
            0.4410665032572589,
            1.4163735785341073e-234
        ],
        "count": 4946
    },
    "Ribo11_avg": {
        "pearson": [
            0.40655956743964383,
            4.785863392872141e-194
        ],
        "spearman": [
            0.38317485612742086,
            8.573018246149106e-171
        ],
        "count": 4890
    },
    "Ribo12_avg": {
        "pearson": [
            0.44771443595442756,
            6.160822934923176e-239
        ],
        "spearman": [
            0.4697722989434509,
            4.483636119351579e-266
        ],
        "count": 4873
    },
    "Ribo14_avg": {
        "pearson": [
            0.41120658395957926,
            3.284471574972404e-204
        ],
        "spearman": [
            0.4389514685245672,
            1.2465106612931342e-235
        ],
        "count": 5022
    },
    "Ribo18_avg": {
        "pearson": [
            0.3612357747265621,
            5.449061893131031e-155
        ],
        "spearman": [
            0.38776212209426375,
            2.839534457458036e-180
        ],
        "count": 5033
    }
}