{
    "Ami11_avg": {
        "pearson": [
            0.24434256406250218,
            3.688215589743347e-72
        ],
        "spearman": [
            0.19089005103182366,
            3.15158101346456e-44
        ],
        "count": 5245
    },
    "Ami12_avg": {
        "pearson": [
            0.4029756697034691,
            2.275942992713055e-196
        ],
        "spearman": [
            0.4103856340493954,
            2.7521746156173484e-204
        ],
        "count": 5046
    },
    "Ami14_avg": {
        "pearson": [
            0.35774502638817807,
            9.149857332807007e-151
        ],
        "spearman": [
            0.3484439244148855,
            1.2946532956109918e-142
        ],
        "count": 4997
    },
    "Ami18_avg": {
        "pearson": [
            0.04681994021817967,
            0.000683619114131211
        ],
        "spearman": [
            0.050886277009890395,
            0.00022303768112811356
        ],
        "count": 5258
    },
    "G41811_avg": {
        "pearson": [
            0.36734327814283063,
            3.3497338104355576e-161
        ],
        "spearman": [
            0.3366852037831092,
            3.8740387470384247e-134
        ],
        "count": 5052
    },
    "G41812_avg": {
        "pearson": [
            0.38753994353222554,
            1.9643027322839087e-177
        ],
        "spearman": [
            0.4138453055462013,
            1.6846054167245663e-204
        ],
        "count": 4959
    },
    "G41814_avg": {
        "pearson": [
            0.31157318031457953,
            5.363033218041412e-118
        ],
        "spearman": [
            0.3339708214429847,
            2.4596322037232576e-136
        ],
        "count": 5225
    },
    "Kan11_avg": {
        "pearson": [
            0.4159920737154611,
            7.656365884515809e-209
        ],
        "spearman": [
            0.3502441282297734,
            1.7496337045021588e-144
        ],
        "count": 5008
    },
    "Kan12_avg": {
        "pearson": [
            0.4215248333642506,
            5.546267480814953e-208
        ],
        "spearman": [
            0.42763099262098964,
            1.2219544743582931e-214
        ],
        "count": 4844
    },
    "Kan14_avg": {
        "pearson": [
            0.3742608395350112,
            6.295841805437723e-166
        ],
        "spearman": [
            0.3997356251970261,
            4.082381083189182e-191
        ],
        "count": 4997
    },
    "Kan18_avg": {
        "pearson": [
            0.32522339127131694,
            5.804315019158196e-129
        ],
        "spearman": [
            0.34836526535928075,
            6.207680375261369e-149
        ],
        "count": 5224
    },
    "Neo11_avg": {
        "pearson": [
            0.3926998444221824,
            6.403695904155611e-187
        ],
        "spearman": [
            0.31597867663706714,
            3.856412777621964e-118
        ],
        "count": 5079
    },
    "Neo12_avg": {
        "pearson": [
            0.3941739513559119,
            1.9646917147816782e-184
        ],
        "spearman": [
            0.42341442610074237,
            1.9381104926336088e-215
        ],
        "count": 4970
    },
    "Neo14_avg": {
        "pearson": [
            0.3532632769667532,
            4.15406748097533e-152
        ],
        "spearman": [
            0.37488271846145854,
            1.5294826018789227e-172
        ],
        "count": 5180
    },
    "Neo18_avg": {
        "pearson": [
            0.27154051351414477,
            5.2655867889362306e-89
        ],
        "spearman": [
            0.2924230222877897,
            1.4926199970794215e-103
        ],
        "count": 5226
    },
    "Paro11_avg": {
        "pearson": [
            0.28339072893625955,
            3.839480217120746e-97
        ],
        "spearman": [
            0.22068257396341248,
            1.0967945252473316e-58
        ],
        "count": 5228
    },
    "Paro12_avg": {
        "pearson": [
            0.3982108992422972,
            2.7847216085807904e-189
        ],
        "spearman": [
            0.39256746982658386,
            1.5149869994914799e-183
        ],
        "count": 4990
    },
    "Paro14_avg": {
        "pearson": [
            0.4137057703096887,
            2.6146995174247535e-204
        ],
        "spearman": [
            0.42315955865415855,
            1.218651589013976e-214
        ],
        "count": 4958
    },
    "Paro18_avg": {
        "pearson": [
            0.40058361083476557,
            1.01666519475245e-195
        ],
        "spearman": [
            0.4114686014871666,
            1.9490640009415415e-207
        ],
        "count": 5095
    },
    "Ribo11_avg": {
        "pearson": [
            0.4001935757175706,
            9.67469206869419e-192
        ],
        "spearman": [
            0.37927066298985906,
            7.69418156212394e-171
        ],
        "count": 5001
    },
    "Ribo12_avg": {
        "pearson": [
            0.42464812857315914,
            3.364072183306663e-218
        ],
        "spearman": [
            0.43457944172017055,
            1.4272068632561174e-229
        ],
        "count": 5002
    },
    "Ribo14_avg": {
        "pearson": [
            0.38560120826839694,
            2.0779384796318267e-183
        ],
        "spearman": [
            0.39896521561252474,
            2.2797955223116915e-197
        ],
        "count": 5184
    },
    "Ribo18_avg": {
        "pearson": [
            0.3278167593251895,
            1.6002978924706659e-130
        ],
        "spearman": [
            0.3414941126041335,
            3.546216648234153e-142
        ],
        "count": 5200
    }
}