{
    "react_rel": {
        "pearson": [
            0.3923889202562005,
            5.019037873562328e-54
        ],
        "spearman": [
            0.37136705647557017,
            3.7518842539202656e-48
        ],
        "count": 1435
    }
}