{
    "react_rel": {
        "pearson": [
            0.38071940391897563,
            1.0334326847289069e-50
        ],
        "spearman": [
            0.37757742360652924,
            7.650741436470471e-50
        ],
        "count": 1435
    }
}