{
    "ETP_AVERAGE": {
        "pearson": [
            0.1392209310032138,
            2.310281648062812e-29
        ],
        "spearman": [
            0.14281372677160653,
            7.960332571939724e-31
        ],
        "count": 6469
    },
    "DOX_Average": {
        "pearson": [
            -0.03478306103453405,
            0.005143431203432996
        ],
        "spearman": [
            -0.04965042889816379,
            6.467216924725273e-05
        ],
        "count": 6469
    },
    "SCH_Average": {
        "pearson": [
            0.15123016612537749,
            2.1096798415110197e-34
        ],
        "spearman": [
            0.14283830590139127,
            7.776651022975424e-31
        ],
        "count": 6469
    },
    "VRT_AVERAGE": {
        "pearson": [
            0.1545868146933278,
            6.89851709351259e-36
        ],
        "spearman": [
            0.15822841383352967,
            1.5450826692724636e-37
        ],
        "count": 6469
    }
}