{
    "ETP_AVERAGE": {
        "pearson": [
            0.12021110760644235,
            2.4295011595441597e-23
        ],
        "spearman": [
            0.13086694192526308,
            2.1439574512176744e-27
        ],
        "count": 6809
    },
    "DOX_Average": {
        "pearson": [
            -0.052226970165950445,
            1.61969853710684e-05
        ],
        "spearman": [
            -0.058307850352814265,
            1.475081170375199e-06
        ],
        "count": 6809
    },
    "SCH_Average": {
        "pearson": [
            0.1295262026752252,
            7.253595454087779e-27
        ],
        "spearman": [
            0.11718941348810577,
            2.963756822009566e-22
        ],
        "count": 6809
    },
    "VRT_AVERAGE": {
        "pearson": [
            0.14245597066371835,
            3.339120359479273e-32
        ],
        "spearman": [
            0.14326609911265367,
            1.4857031774300923e-32
        ],
        "count": 6809
    }
}