{
    "SelectionOne": {
        "pearson": [
            0.3612946022138629,
            4.820145833317869e-243
        ],
        "spearman": [
            0.3241414463815496,
            2.569629430078284e-193
        ],
        "count": 7927
    }
}