{
    "SelectionOne": {
        "pearson": [
            0.3591880758680813,
            3.04670499847951e-244
        ],
        "spearman": [
            0.3384080724174324,
            2.6125050995816056e-215
        ],
        "count": 8067
    }
}