{
    "screenscore": {
        "pearson": [
            0.265993360360254,
            1.5174027205194219e-56
        ],
        "spearman": [
            0.2799215115562629,
            1.1319981851093236e-62
        ],
        "count": 3424
    }
}