{
    "screenscore": {
        "pearson": [
            0.2594006214715098,
            3.1555008896188655e-49
        ],
        "spearman": [
            0.27995845785449924,
            2.2703050489293252e-57
        ],
        "count": 3125
    }
}