{
    "screenscore": {
        "pearson": [
            0.5276532707516406,
            1.2005656400345614e-129
        ],
        "spearman": [
            0.5271698226789305,
            2.2686175449302797e-129
        ],
        "count": 1801
    }
}