{
    "screenscore": {
        "pearson": [
            0.37637265860662694,
            1.4977351264692336e-26
        ],
        "spearman": [
            0.39110659644394247,
            1.0318927062763725e-28
        ],
        "count": 747
    }
}