{
    "screenscore": {
        "pearson": [
            0.5204373743432785,
            1.0003266476685426e-99
        ],
        "spearman": [
            0.544122137899769,
            1.2780466499923162e-110
        ],
        "count": 1425
    }
}