{
    "attenuated": {
        "pearson": [
            0.11177172209703803,
            3.510013303892237e-10
        ],
        "spearman": [
            0.10526447964091278,
            3.4840025794157705e-09
        ],
        "count": 3134
    },
    "regulated": {
        "pearson": [
            0.39220438589897466,
            9.182463152281609e-116
        ],
        "spearman": [
            0.37747844337333314,
            1.0687319990800055e-106
        ],
        "count": 3134
    },
    "unregulated": {
        "pearson": [
            0.4019494246644645,
            5.052809343627232e-122
        ],
        "spearman": [
            0.3949249467017452,
            1.72437824403725e-117
        ],
        "count": 3134
    }
}