{
    "attenuated": {
        "pearson": [
            0.06071981076677384,
            0.0006713806828714467
        ],
        "spearman": [
            0.06094971025860956,
            0.0006403816650329334
        ],
        "count": 3134
    },
    "regulated": {
        "pearson": [
            0.36570628704105657,
            8.836727953013845e-100
        ],
        "spearman": [
            0.35028488843284944,
            3.792658177544391e-91
        ],
        "count": 3134
    },
    "unregulated": {
        "pearson": [
            0.3401635457084895,
            9.719052675388556e-86
        ],
        "spearman": [
            0.3357339968141784,
            1.9589171734657184e-83
        ],
        "count": 3134
    }
}