{
    "attenuated": {
        "pearson": [
            0.04444134200606438,
            0.013979894989376851
        ],
        "spearman": [
            0.04764918336862244,
            0.008404296571659219
        ],
        "count": 3058
    },
    "regulated": {
        "pearson": [
            0.4141878899909594,
            4.477844312447659e-127
        ],
        "spearman": [
            0.3884686900820955,
            1.0282364428089578e-110
        ],
        "count": 3058
    },
    "unregulated": {
        "pearson": [
            0.4122222193927624,
            8.975664217381057e-126
        ],
        "spearman": [
            0.39434164809114014,
            2.5279353932607812e-114
        ],
        "count": 3058
    }
}