{
    "Caffeine": {
        "pearson": [
            0.15803010555782368,
            1.1851056570317588e-08
        ],
        "spearman": [
            0.1984103440688288,
            6.704567007463517e-13
        ],
        "count": 1288
    },
    "DMSO": {
        "pearson": [
            0.08168214478894052,
            0.0029364189706057387
        ],
        "spearman": [
            0.09921826435005039,
            0.0002994779922464591
        ],
        "count": 1324
    },
    "DTT": {
        "pearson": [
            0.10352362154430611,
            0.00020245654664681625
        ],
        "spearman": [
            0.13375357001082733,
            1.5112463521258763e-06
        ],
        "count": 1284
    },
    "HU": {
        "pearson": [
            0.05581095725851175,
            0.04649388328635672
        ],
        "spearman": [
            0.026564269340014126,
            0.3436255662582578
        ],
        "count": 1273
    },
    "MG132": {
        "pearson": [
            0.0845855578920481,
            0.002840279835355944
        ],
        "spearman": [
            0.10390410468891134,
            0.00024301113368996357
        ],
        "count": 1243
    }
}