{
    "Caffeine": {
        "pearson": [
            0.21965657880892242,
            1.5473253531225086e-15
        ],
        "spearman": [
            0.24012664853243185,
            2.3807464171413023e-18
        ],
        "count": 1288
    },
    "DMSO": {
        "pearson": [
            0.16127253829863505,
            3.60604768094924e-09
        ],
        "spearman": [
            0.190303525307044,
            2.9122246336350605e-12
        ],
        "count": 1324
    },
    "DTT": {
        "pearson": [
            0.20105924910278383,
            3.5443899060092576e-13
        ],
        "spearman": [
            0.2276613667826563,
            1.4749921977500553e-16
        ],
        "count": 1284
    },
    "HU": {
        "pearson": [
            0.16604852538904458,
            2.5213437093673314e-09
        ],
        "spearman": [
            0.15886732900135436,
            1.2057714106091506e-08
        ],
        "count": 1273
    },
    "MG132": {
        "pearson": [
            0.18380773384498889,
            6.596704509473609e-11
        ],
        "spearman": [
            0.20096466978033872,
            8.602190693263635e-13
        ],
        "count": 1243
    }
}