{
    "Caffeine": {
        "pearson": [
            0.15593040513668716,
            1.8534737747550306e-08
        ],
        "spearman": [
            0.19852601797601552,
            6.497991329292179e-13
        ],
        "count": 1288
    },
    "DMSO": {
        "pearson": [
            0.0768755007540402,
            0.0051300092558352
        ],
        "spearman": [
            0.09928147999932391,
            0.0002968123704343254
        ],
        "count": 1324
    },
    "DTT": {
        "pearson": [
            0.10623676830670879,
            0.00013680959930582968
        ],
        "spearman": [
            0.13743575081069234,
            7.67692701056983e-07
        ],
        "count": 1284
    },
    "HU": {
        "pearson": [
            0.056328621872282256,
            0.04449715561038811
        ],
        "spearman": [
            0.027176713525859146,
            0.33261116980230765
        ],
        "count": 1273
    },
    "MG132": {
        "pearson": [
            0.07476394981779025,
            0.008365951609550878
        ],
        "spearman": [
            0.09769741873779948,
            0.0005621898876879491
        ],
        "count": 1243
    }
}