{
    "CRIPT": {
        "pearson": [
            0.4700488177350873,
            6.066348673025654e-92
        ],
        "spearman": [
            0.40609355907789896,
            6.87771276250017e-67
        ],
        "count": 1659
    },
    "Tm2F": {
        "pearson": [
            0.3608185996516819,
            3.517866966582869e-52
        ],
        "spearman": [
            0.2881200628544693,
            4.442437321029639e-33
        ],
        "count": 1659
    }
}