{
    "SelectionOne": {
        "pearson": [
            0.36104870022498553,
            1.0836403003129933e-242
        ],
        "spearman": [
            0.3615988173755428,
            1.7675554002639216e-243
        ],
        "count": 7927
    }
}