{
    "SelectionOne": {
        "pearson": [
            0.34351285051652114,
            3.2524310383532695e-222
        ],
        "spearman": [
            0.35924377674365854,
            2.5310361970416502e-244
        ],
        "count": 8067
    }
}