{
    "screenscore": {
        "pearson": [
            0.2738284136558427,
            7.226946183250474e-55
        ],
        "spearman": [
            0.2799234343758545,
            2.347289770142957e-57
        ],
        "count": 3125
    }
}