{
    "screenscore": {
        "pearson": [
            0.2736119631958309,
            7.485578829893743e-60
        ],
        "spearman": [
            0.27845832048378716,
            5.182446761343877e-62
        ],
        "count": 3424
    }
}