{
    "overall": {
        "pearson": [
            -0.41776189650548495,
            2.940721597753767e-16
        ],
        "spearman": [
            -0.44797208443839015,
            9.97753505582736e-19
        ],
        "count": 351
    }
}