{
    "1AMQ": {
        "pearson": [
            -0.4095141457662931,
            0.590485854233707
        ],
        "spearman": [
            -0.7999999999999999,
            0.20000000000000007
        ],
        "count": 4
    },
    "1BNI": {
        "pearson": [
            -0.03769585631661333,
            0.902692153109135
        ],
        "spearman": [
            -0.2754831389919543,
            0.36229914589983747
        ],
        "count": 13
    },
    "1CEY": {
        "pearson": [
            -0.05843470044389937,
            0.9627781107095377
        ],
        "spearman": [
            0.5,
            0.6666666666666667
        ],
        "count": 3
    },
    "1EY0": {
        "pearson": [
            -0.1589087683767203,
            0.419274407385411
        ],
        "spearman": [
            0.05970150652973087,
            0.7628221848562419
        ],
        "count": 28
    },
    "1IHB": {
        "pearson": [
            -0.7842315994411799,
            0.42611481828123626
        ],
        "spearman": [
            -0.5,
            0.6666666666666667
        ],
        "count": 3
    },
    "1L63": {
        "pearson": [
            -0.5279365757414525,
            8.077246199348763e-10
        ],
        "spearman": [
            -0.5859154159819409,
            3.1737059876794036e-12
        ],
        "count": 118
    },
    "1LZ1": {
        "pearson": [
            -0.5981986972578468,
            2.8293019444000394e-07
        ],
        "spearman": [
            -0.6633614181966795,
            4.219977129782534e-09
        ],
        "count": 62
    },
    "1OH0": {
        "pearson": [
            -1.0,
            1.0
        ],
        "spearman": [
            -0.9999999999999999,
            NaN
        ],
        "count": 2
    },
    "1VQB": {
        "pearson": [
            -0.23284808889542868,
            0.7062298523124263
        ],
        "spearman": [
            -0.3,
            0.6238376647810728
        ],
        "count": 5
    },
    "2LZM": {
        "pearson": [
            -0.6613970123029316,
            1.492278379636554e-09
        ],
        "spearman": [
            -0.6864054942197796,
            1.995459435475926e-10
        ],
        "count": 66
    },
    "2RN2": {
        "pearson": [
            0.12052984646887475,
            0.6337919048113314
        ],
        "spearman": [
            0.08385133603804937,
            0.7407997240828224
        ],
        "count": 18
    },
    "3ZCF": {
        "pearson": [
            1.0,
            1.0
        ],
        "spearman": [
            0.9999999999999999,
            NaN
        ],
        "count": 2
    },
    "4BVM": {
        "pearson": [
            -0.6941385841501866,
            0.1934713647880216
        ],
        "spearman": [
            -0.6,
            0.28475697986529375
        ],
        "count": 5
    },
    "4LYZ": {
        "pearson": [
            -0.25080749537182134,
            0.387099651923405
        ],
        "spearman": [
            -0.38453625559644156,
            0.17460497524864288
        ],
        "count": 14
    },
    "5PTI": {
        "pearson": [
            -0.918709460361934,
            0.02748059748468739
        ],
        "spearman": [
            -0.49999999999999994,
            0.39100221895577053
        ],
        "count": 5
    },
    "overall": {
        "pearson": [
            -0.5199254070727171,
            9.084689386809589e-26
        ],
        "spearman": [
            -0.5736543134759312,
            3.4350026220104995e-32
        ],
        "count": 352
    }
}