{
    "enrichment": {
        "pearson": [
            0.522025756174667,
            1.4545382832066784e-217
        ],
        "spearman": [
            0.5960559960492974,
            2.3818856131973076e-299
        ],
        "count": 3118
    }
}