{
    "enrichment": {
        "pearson": [
            0.5213082022483397,
            7.2322583453117154e-217
        ],
        "spearman": [
            0.5989590069158774,
            5.29809249446258e-303
        ],
        "count": 3118
    }
}