{
    "enrichment": {
        "pearson": [
            0.5100388403692568,
            3.6727794320520055e-231
        ],
        "spearman": [
            0.5881448766562976,
            0.0
        ],
        "count": 3500
    }
}