{
    "function_score": {
        "pearson": [
            0.4960398256181464,
            3.7397224104136803e-91
        ],
        "spearman": [
            0.431706336588535,
            4.510529036792001e-67
        ],
        "count": 1454
    }
}