{
    "function_score": {
        "pearson": [
            0.5177362569562898,
            8.133554944520312e-103
        ],
        "spearman": [
            0.44155524217611863,
            4.871091961449473e-72
        ],
        "count": 1488
    }
}