{
    "SelectionOne": {
        "pearson": [
            0.3411544060428152,
            5.229992694635134e-219
        ],
        "spearman": [
            0.34953729016248974,
            1.565510344847217e-230
        ],
        "count": 8067
    }
}