{
    "SelectionOne": {
        "pearson": [
            0.3374254003366626,
            2.5692714423442247e-210
        ],
        "spearman": [
            0.335136452176047,
            2.510704090811709e-207
        ],
        "count": 7927
    }
}