{
    "function_score": {
        "pearson": [
            0.5373269748343947,
            1.4834092894396307e-109
        ],
        "spearman": [
            0.4449009275493819,
            1.3391818746511893e-71
        ],
        "count": 1454
    }
}