{
    "function_score": {
        "pearson": [
            0.5793721272297359,
            3.8241454488874473e-134
        ],
        "spearman": [
            0.47531833541082297,
            1.0060696194294872e-84
        ],
        "count": 1488
    }
}