{
    "screenscore": {
        "pearson": [
            0.2652756788354198,
            1.7559352303337818e-51
        ],
        "spearman": [
            0.28662971511116575,
            3.621730490952627e-60
        ],
        "count": 3125
    }
}