{
    "screenscore": {
        "pearson": [
            0.2705387530207133,
            1.663712368104671e-58
        ],
        "spearman": [
            0.2835878819856791,
            2.4022594417853457e-64
        ],
        "count": 3424
    }
}