{
    "ddG_stat": {
        "pearson": [
            -0.43603665134253,
            4.722769814182754e-243
        ],
        "spearman": [
            -0.4307539692552502,
            1.3047708488462338e-236
        ],
        "count": 5259
    }
}