{
    "Overall": {
        "all_types_of_mutations": {
            "Pr": 0.129041006167194,
            "Pr_pval": 1.0879808356769184e-22,
            "Sr": 0.1311862718623682,
            "Sr_pval": 2.107489858881175e-23,
            "num": 5726.0
        },
        "single_point_mutations": {
            "Pr": 0.15116158162283472,
            "Pr_pval": 1.783288653188149e-22,
            "Sr": 0.14160442457236977,
            "Sr_pval": 6.832785320563646e-20,
            "num": 4118.0
        },
        "multi_point_mutations": {
            "Pr": 0.17432473522243153,
            "Pr_pval": 1.9372796631818786e-12,
            "Sr": 0.18220828196048,
            "Sr_pval": 1.8041327776336991e-13,
            "num": 1608.0
        }
    },
    "Per-Structure": {
        "all_types_of_mutations": {
            "Pr": 0.17407118035830946,
            "Pr_pval": 1.0551614618134814e-17,
            "Sr": 0.1559846597679901,
            "Sr_pval": 1.2877727588272588e-18,
            "num": 5025.0
        },
        "single_point_mutations": {
            "Pr": 0.2143063131904935,
            "Pr_pval": 1.2710410625577938e-12,
            "Sr": 0.1965611080821633,
            "Sr_pval": 1.4430452476558477e-11,
            "num": 3485.0
        },
        "multi_point_mutations": {
            "Pr": 0.11920511958268744,
            "Pr_pval": 1.3380854365451717e-10,
            "Sr": 0.13658202508996867,
            "Sr_pval": 1.5893326012781409e-15,
            "num": 1304.0
        }
    }
}