{
    "screenscore": {
        "pearson": [
            0.40970562653545173,
            1.0949160491917047e-110
        ],
        "spearman": [
            0.441866774791777,
            1.739257984587763e-130
        ],
        "count": 2722
    }
}