{
    "screenscore": {
        "pearson": [
            0.44239357892454734,
            2.9264748215552116e-130
        ],
        "spearman": [
            0.4872666132514306,
            1.2734828575320484e-161
        ],
        "count": 2710
    }
}