{
    "2LZM": {
        "pearson": [
            -0.6781984017161344,
            1.4446170907468423e-05
        ],
        "spearman": [
            -0.7110482226110947,
            3.524824337465818e-06
        ],
        "count": 33
    }
}