{
    "2LZM": {
        "pearson": [
            -0.6913503374865864,
            8.394596504181922e-06
        ],
        "spearman": [
            -0.7240949789892799,
            1.9062502442344814e-06
        ]
    }
}