{
    "2LZM": {
        "pearson": [
            -0.7285210371297802,
            1.5353257047632868e-06
        ],
        "spearman": [
            -0.7366399370452271,
            1.0210129764433871e-06
        ],
        "count": 33
    }
}