{
    "2LZM": {
        "pearson": [
            -0.7285196618683791,
            1.5354299305490289e-06
        ],
        "spearman": [
            -0.7366399370452271,
            1.0210129764433871e-06
        ],
        "count": 33
    }
}