{
    "2LZM": {
        "pearson": [
            -0.6913471342382004,
            8.395735120733658e-06
        ],
        "spearman": [
            -0.7240949789892799,
            1.9062502442344814e-06
        ],
        "count": 33
    }
}