{
    "2LZM": {
        "pearson": [
            -0.7285210371297801,
            1.5353257047633033e-06
        ],
        "spearman": [
            -0.7366399370452271,
            1.0210129764433871e-06
        ]
    }
}