{
    "2LZM": {
        "pearson": [
            -0.6913423003035697,
            8.397453641074938e-06
        ],
        "spearman": [
            -0.7240949789892799,
            1.9062502442344814e-06
        ],
        "count": 33
    }
}