{
    "Overall": {
        "all_types_of_mutations": {
            "Pr": -0.3279524790938727,
            "Pr_pval": 1.1852176891495593e-143,
            "Sr": -0.32415195710012146,
            "Sr_pval": 3.35544705651587e-140,
            "num": 5726.0,
            "num_struc": 333.0
        },
        "single_point_mutations": {
            "Pr": -0.3864706615079064,
            "Pr_pval": 8.399792773349239e-147,
            "Sr": -0.34129426415330105,
            "Sr_pval": 7.452047545652106e-113,
            "num": 4118.0,
            "num_struc": 310.0
        },
        "multi_point_mutations": {
            "Pr": -0.34397597627391063,
            "Pr_pval": 7.0051103198392466e-46,
            "Sr": -0.36219616944271105,
            "Sr_pval": 4.9715044108161346e-51,
            "num": 1608.0,
            "num_struc": 143.0
        }
    },
    "Per-Structure": {
        "all_types_of_mutations": {
            "Pr": -0.30675353849318193,
            "Pr_pval": 3.451360784704989e-102,
            "Sr": -0.29883674262505255,
            "Sr_pval": 3.193060200872189e-87,
            "num": 5025.0,
            "num_struc": 116.0
        },
        "single_point_mutations": {
            "Pr": -0.3407979423065714,
            "Pr_pval": 3.710352839521694e-101,
            "Sr": -0.32002676526148105,
            "Sr_pval": 3.6076998722465055e-73,
            "num": 3485.0,
            "num_struc": 93.0
        },
        "multi_point_mutations": {
            "Pr": -0.2789185770307612,
            "Pr_pval": 7.270394872803101e-25,
            "Sr": -0.28784814230230255,
            "Sr_pval": 1.8696670214541006e-24,
            "num": 1304.0,
            "num_struc": 41.0
        }
    }
}