{
    "ddG_stat": {
        "pearson": [
            -0.487320751083052,
            7.05644215724e-312
        ],
        "spearman": [
            -0.4944600362443866,
            0.0
        ],
        "count": 5259
    }
}