{
    "log_proba_mt__minus__log_proba_wt vs. IFN_gamma (pg/ml)": {
        "Sr": 0.3879829490183054,
        "Sr_pval": 1.450671115205883e-07,
        "Pr": 0.2444277709028816,
        "Pr_pval": 0.0012317530328771007,
        "num": 172
    },
    "blosum vs. IFN_gamma (pg/ml)": {
        "Sr": 0.2174733347098187,
        "Sr_pval": 0.00416064211939098,
        "Pr": 0.24663740792014044,
        "Pr_pval": 0.001107979454142637,
        "num": 172
    },
    "blosum vs. log_proba_mt__minus__log_proba_wt": {
        "Sr": 0.2667996847861286,
        "Sr_pval": 0.0004033536869669049,
        "Pr": 0.2812182195318166,
        "Pr_pval": 0.00018626651413288824,
        "num": 172
    },
    "combined_score vs. IFN_gamma (pg/ml)": {
        "Sr": 0.3901208072687535,
        "Sr_pval": 1.2217487533177231e-07,
        "Pr": 0.3014095959717802,
        "Pr_pval": 5.870157338017093e-05,
        "num": 172
    }
}