{
    "Ami11_avg": {
        "pearson": [
            0.17111826819167025,
            9.360047422382104e-36
        ],
        "spearman": [
            0.1451452193552693,
            4.318292936032923e-26
        ],
        "count": 5245
    },
    "Ami12_avg": {
        "pearson": [
            0.31653608300471614,
            8.156363409455486e-118
        ],
        "spearman": [
            0.3796470542838656,
            1.0016339174592235e-172
        ],
        "count": 5046
    },
    "Ami14_avg": {
        "pearson": [
            0.3068147447075707,
            2.1411111812608967e-109
        ],
        "spearman": [
            0.3501654951632986,
            4.20934832062589e-144
        ],
        "count": 4997
    },
    "Ami18_avg": {
        "pearson": [
            0.021397243355867398,
            0.12081374346457328
        ],
        "spearman": [
            0.021668531244963467,
            0.1161731545984747
        ],
        "count": 5258
    },
    "G41811_avg": {
        "pearson": [
            0.2986810256997829,
            1.2730775539573793e-104
        ],
        "spearman": [
            0.32330847257042844,
            2.9566386646262285e-123
        ],
        "count": 5052
    },
    "G41812_avg": {
        "pearson": [
            0.3923568026361379,
            3.3038348747693376e-182
        ],
        "spearman": [
            0.4638627441736924,
            3.897370183353362e-263
        ],
        "count": 4959
    },
    "G41814_avg": {
        "pearson": [
            0.3980828189427449,
            5.779721183751695e-198
        ],
        "spearman": [
            0.4106856701989577,
            8.459523647989967e-212
        ],
        "count": 5225
    },
    "Kan11_avg": {
        "pearson": [
            0.3248086831879389,
            2.211002546601238e-123
        ],
        "spearman": [
            0.3481778340815348,
            1.0768199890527949e-142
        ],
        "count": 5008
    },
    "Kan12_avg": {
        "pearson": [
            0.3910939033787032,
            8.490211773666e-177
        ],
        "spearman": [
            0.4647299476562153,
            3.6816054404897626e-258
        ],
        "count": 4844
    },
    "Kan14_avg": {
        "pearson": [
            0.4102114875372949,
            3.8963373605849326e-202
        ],
        "spearman": [
            0.4600592412223368,
            2.7491415852647455e-260
        ],
        "count": 4997
    },
    "Kan18_avg": {
        "pearson": [
            0.4178577448410238,
            6.691102902463609e-220
        ],
        "spearman": [
            0.43831971220694343,
            3.0036607440256536e-244
        ],
        "count": 5224
    },
    "Neo11_avg": {
        "pearson": [
            0.29094805706755544,
            1.1817388913370826e-99
        ],
        "spearman": [
            0.29508056859350607,
            1.3987905588354885e-102
        ],
        "count": 5079
    },
    "Neo12_avg": {
        "pearson": [
            0.39870110844126916,
            4.9428734640721884e-189
        ],
        "spearman": [
            0.47062236004355457,
            1.938545701375786e-272
        ],
        "count": 4970
    },
    "Neo14_avg": {
        "pearson": [
            0.4338216052040641,
            9.31337617376361e-237
        ],
        "spearman": [
            0.456464638665657,
            4.7146999861444003e-265
        ],
        "count": 5180
    },
    "Neo18_avg": {
        "pearson": [
            0.3836310828638161,
            7.371542345653771e-183
        ],
        "spearman": [
            0.375209627107209,
            2.217086705368641e-174
        ],
        "count": 5226
    },
    "Paro11_avg": {
        "pearson": [
            0.20702746513168613,
            1.0313927252452764e-51
        ],
        "spearman": [
            0.19532952248123903,
            4.029277600122527e-46
        ],
        "count": 5228
    },
    "Paro12_avg": {
        "pearson": [
            0.32316202683352535,
            1.187319052348408e-121
        ],
        "spearman": [
            0.3802459983052869,
            2.084072545217011e-171
        ],
        "count": 4990
    },
    "Paro14_avg": {
        "pearson": [
            0.4006394181331707,
            1.4425371101324416e-190
        ],
        "spearman": [
            0.4618597253295756,
            1.5306894837709932e-260
        ],
        "count": 4958
    },
    "Paro18_avg": {
        "pearson": [
            0.4315809763367088,
            2.896247381614193e-230
        ],
        "spearman": [
            0.47690028443284593,
            9.951038117853829e-288
        ],
        "count": 5095
    },
    "Ribo11_avg": {
        "pearson": [
            0.32428896338454843,
            8.401700522251733e-123
        ],
        "spearman": [
            0.376216287929062,
            6.478340591168809e-168
        ],
        "count": 5001
    },
    "Ribo12_avg": {
        "pearson": [
            0.4236788272481321,
            4.135267661421e-217
        ],
        "spearman": [
            0.4881357695002794,
            7.19381457538344e-298
        ],
        "count": 5002
    },
    "Ribo14_avg": {
        "pearson": [
            0.4512582616675891,
            1.4890984292984153e-258
        ],
        "spearman": [
            0.47975133769680595,
            1.0593317465452174e-296
        ],
        "count": 5184
    },
    "Ribo18_avg": {
        "pearson": [
            0.4363223652427852,
            1.0731126219112725e-240
        ],
        "spearman": [
            0.43319709163764647,
            6.546151840480142e-237
        ],
        "count": 5200
    }
}