{
    "Ami11_avg": {
        "pearson": [
            0.15701604947576547,
            2.450620551287867e-29
        ],
        "spearman": [
            0.13604126389867963,
            2.2989282787013415e-22
        ],
        "count": 5068
    },
    "Ami12_avg": {
        "pearson": [
            0.308065805860525,
            2.4087612016203026e-108
        ],
        "spearman": [
            0.3746152581316442,
            2.856635693518949e-163
        ],
        "count": 4906
    },
    "Ami14_avg": {
        "pearson": [
            0.30426977267722277,
            7.217393363251983e-105
        ],
        "spearman": [
            0.3535884489115705,
            1.984845595793147e-143
        ],
        "count": 4871
    },
    "Ami18_avg": {
        "pearson": [
            0.026084691055783735,
            0.06302400067064039
        ],
        "spearman": [
            0.032353098488361105,
            0.021112044054041598
        ],
        "count": 5080
    },
    "G41811_avg": {
        "pearson": [
            0.28527632773904377,
            1.609189831574726e-92
        ],
        "spearman": [
            0.3068656827724302,
            1.7840791325118513e-107
        ],
        "count": 4906
    },
    "G41812_avg": {
        "pearson": [
            0.3959602897984811,
            9.422724301987198e-181
        ],
        "spearman": [
            0.47162977967120345,
            1.1545345972907293e-265
        ],
        "count": 4822
    },
    "G41814_avg": {
        "pearson": [
            0.4069380845649321,
            1.072280505179818e-200
        ],
        "spearman": [
            0.42228170570801765,
            1.4936737388824103e-217
        ],
        "count": 5049
    },
    "Kan11_avg": {
        "pearson": [
            0.3086112961210238,
            3.219879759202217e-108
        ],
        "spearman": [
            0.32806177450679924,
            7.537409493679595e-123
        ],
        "count": 4882
    },
    "Kan12_avg": {
        "pearson": [
            0.400952643078607,
            2.8055711004805847e-182
        ],
        "spearman": [
            0.47336418660725554,
            6.523090579759011e-263
        ],
        "count": 4732
    },
    "Kan14_avg": {
        "pearson": [
            0.41843916215674093,
            1.0330313078039826e-204
        ],
        "spearman": [
            0.47111708992336526,
            2.8762212615502255e-266
        ],
        "count": 4845
    },
    "Kan18_avg": {
        "pearson": [
            0.4282530692990539,
            1.9274087458500675e-224
        ],
        "spearman": [
            0.4521403906403207,
            4.5293811691233785e-253
        ],
        "count": 5051
    },
    "Neo11_avg": {
        "pearson": [
            0.27962383763603826,
            1.0573498424999243e-89
        ],
        "spearman": [
            0.280367432741485,
            3.443635416164702e-90
        ],
        "count": 4956
    },
    "Neo12_avg": {
        "pearson": [
            0.4062815747769533,
            2.1886990950771477e-192
        ],
        "spearman": [
            0.48299944053511484,
            2.7178221034194783e-282
        ],
        "count": 4855
    },
    "Neo14_avg": {
        "pearson": [
            0.44776256475132314,
            7.506281443622252e-246
        ],
        "spearman": [
            0.47368912898106813,
            6.832203796528383e-279
        ],
        "count": 5014
    },
    "Neo18_avg": {
        "pearson": [
            0.38860322726300395,
            7.326784936445054e-182
        ],
        "spearman": [
            0.38426463241609565,
            1.563374433103586e-177
        ],
        "count": 5054
    },
    "Paro11_avg": {
        "pearson": [
            0.19237315547827916,
            2.0955167656439197e-43
        ],
        "spearman": [
            0.17926260623965934,
            7.906518110812566e-38
        ],
        "count": 5063
    },
    "Paro12_avg": {
        "pearson": [
            0.31643772797810565,
            7.756446284019178e-114
        ],
        "spearman": [
            0.36977472908522474,
            7.494675223693584e-158
        ],
        "count": 4876
    },
    "Paro14_avg": {
        "pearson": [
            0.39848710348342964,
            9.727649687150726e-184
        ],
        "spearman": [
            0.46589835732766366,
            3.8402130182676717e-259
        ],
        "count": 4835
    },
    "Paro18_avg": {
        "pearson": [
            0.4356713073881038,
            2.771965698345443e-228
        ],
        "spearman": [
            0.48575626889409834,
            2.7061767533295955e-291
        ],
        "count": 4946
    },
    "Ribo11_avg": {
        "pearson": [
            0.3224376596842846,
            1.0694084427517098e-118
        ],
        "spearman": [
            0.3717600042035853,
            4.104153850553456e-160
        ],
        "count": 4890
    },
    "Ribo12_avg": {
        "pearson": [
            0.4371932946102786,
            1.1098659521325148e-226
        ],
        "spearman": [
            0.5021580756113988,
            1.033249556910374e-309
        ],
        "count": 4873
    },
    "Ribo14_avg": {
        "pearson": [
            0.4653670340301246,
            2.1323504883720065e-268
        ],
        "spearman": [
            0.4963472682258677,
            0.0
        ],
        "count": 5022
    },
    "Ribo18_avg": {
        "pearson": [
            0.45128750670244316,
            4.065256381817277e-251
        ],
        "spearman": [
            0.45314180127856074,
            2.0144893470233224e-253
        ],
        "count": 5033
    }
}