{
    "function_score": {
        "pearson": [
            0.5382246027576445,
            1.6290537353966878e-112
        ],
        "spearman": [
            0.49688687441916957,
            1.3234357210526935e-93
        ],
        "count": 1488
    }
}