{
    "function_score": {
        "pearson": [
            0.4590628239055082,
            1.0970204672966793e-76
        ],
        "spearman": [
            0.4345195778857259,
            5.077633270237608e-68
        ],
        "count": 1454
    }
}