{
    "1AMQ": {
        "pearson": [
            -0.4743126233972832,
            0.5256873766027168
        ],
        "spearman": [
            -0.7999999999999999,
            0.20000000000000007
        ],
        "count": 4
    },
    "1BNI": {
        "pearson": [
            -0.34200723248888976,
            0.25270961077845294
        ],
        "spearman": [
            -0.4187343712677706,
            0.15441988722915911
        ],
        "count": 13
    },
    "1CEY": {
        "pearson": [
            0.9730503831884032,
            0.14813292971325168
        ],
        "spearman": [
            1.0,
            0.0
        ],
        "count": 3
    },
    "1EY0": {
        "pearson": [
            -0.0034508494017211205,
            0.9860954424227966
        ],
        "spearman": [
            0.06107080713821094,
            0.7575412431163081
        ],
        "count": 28
    },
    "1IHB": {
        "pearson": [
            -0.9307814578926751,
            0.23825600630207347
        ],
        "spearman": [
            -1.0,
            0.0
        ],
        "count": 3
    },
    "1L63": {
        "pearson": [
            -0.6255321298616741,
            3.6539376524824686e-14
        ],
        "spearman": [
            -0.6085799124544335,
            2.6630618809341336e-13
        ],
        "count": 118
    },
    "1LZ1": {
        "pearson": [
            -0.5254400143023712,
            1.1596658378086775e-05
        ],
        "spearman": [
            -0.5430004437916413,
            5.120227681632794e-06
        ],
        "count": 62
    },
    "1OH0": {
        "pearson": [
            -1.0,
            1.0
        ],
        "spearman": [
            -0.9999999999999999,
            NaN
        ],
        "count": 2
    },
    "1VQB": {
        "pearson": [
            0.364858822898805,
            0.5459706305895251
        ],
        "spearman": [
            0.49999999999999994,
            0.39100221895577053
        ],
        "count": 5
    },
    "2LZM": {
        "pearson": [
            -0.5706979302612287,
            5.641709199542938e-07
        ],
        "spearman": [
            -0.5796911837709677,
            3.390682941990925e-07
        ],
        "count": 66
    },
    "2RN2": {
        "pearson": [
            -0.1428509508575369,
            0.5717552057574353
        ],
        "spearman": [
            -0.06521770580737173,
            0.7970983409210917
        ],
        "count": 18
    },
    "3ZCF": {
        "pearson": [
            1.0,
            1.0
        ],
        "spearman": [
            0.9999999999999999,
            NaN
        ],
        "count": 2
    },
    "4BVM": {
        "pearson": [
            0.13637144878257182,
            0.8269061720776323
        ],
        "spearman": [
            0.3,
            0.6238376647810728
        ],
        "count": 5
    },
    "4LYZ": {
        "pearson": [
            0.001991290033401538,
            0.9946095512758368
        ],
        "spearman": [
            -0.033149677206589796,
            0.9104269251823802
        ],
        "count": 14
    },
    "5PTI": {
        "pearson": [
            0.4160078560822497,
            0.4860236498582367
        ],
        "spearman": [
            0.19999999999999998,
            0.747060078104662
        ],
        "count": 5
    },
    "overall": {
        "pearson": [
            -0.46492991620586877,
            2.803232253154405e-20
        ],
        "spearman": [
            -0.49074025606200605,
            9.878019426350478e-23
        ],
        "count": 352
    }
}