{
    "1AMQ": {
        "pearson": [
            -0.4743126233972832,
            0.5256873766027168
        ],
        "spearman": [
            -0.7999999999999999,
            0.20000000000000007
        ],
        "count": 4
    },
    "1BNI": {
        "pearson": [
            -0.34064572896722045,
            0.2547266736827166
        ],
        "spearman": [
            -0.4187343712677706,
            0.15441988722915911
        ],
        "count": 13
    },
    "1CEY": {
        "pearson": [
            0.9691159216354446,
            0.1586304509579341
        ],
        "spearman": [
            0.5,
            0.6666666666666667
        ],
        "count": 3
    },
    "1EY0": {
        "pearson": [
            0.001496561936269833,
            0.9939696480573064
        ],
        "spearman": [
            0.0013693006084800658,
            0.9944824357545181
        ],
        "count": 28
    },
    "1IHB": {
        "pearson": [
            -0.9307814578926751,
            0.23825600630207347
        ],
        "spearman": [
            -1.0,
            0.0
        ],
        "count": 3
    },
    "1L63": {
        "pearson": [
            -0.6255321298616741,
            3.6539376524824686e-14
        ],
        "spearman": [
            -0.6085799124544335,
            2.6630618809341336e-13
        ],
        "count": 118
    },
    "1LZ1": {
        "pearson": [
            -0.5254400143023712,
            1.1596658378086775e-05
        ],
        "spearman": [
            -0.5430004437916413,
            5.120227681632794e-06
        ],
        "count": 62
    },
    "1OH0": {
        "pearson": [
            -1.0,
            1.0
        ],
        "spearman": [
            -0.9999999999999999,
            NaN
        ],
        "count": 2
    },
    "1VQB": {
        "pearson": [
            0.3667742389312417,
            0.5437008870456531
        ],
        "spearman": [
            0.19999999999999998,
            0.747060078104662
        ],
        "count": 5
    },
    "2LZM": {
        "pearson": [
            -0.5706979302612287,
            5.641709199542938e-07
        ],
        "spearman": [
            -0.5796911837709677,
            3.390682941990925e-07
        ],
        "count": 66
    },
    "2RN2": {
        "pearson": [
            -0.1428509508575369,
            0.5717552057574353
        ],
        "spearman": [
            -0.06521770580737173,
            0.7970983409210917
        ],
        "count": 18
    },
    "3ZCF": {
        "pearson": [
            1.0,
            1.0
        ],
        "spearman": [
            0.9999999999999999,
            NaN
        ],
        "count": 2
    },
    "4BVM": {
        "pearson": [
            0.31398699348112613,
            0.6068889978877308
        ],
        "spearman": [
            0.39999999999999997,
            0.5046315754686911
        ],
        "count": 5
    },
    "4LYZ": {
        "pearson": [
            0.00224450497439508,
            0.99392410590891
        ],
        "spearman": [
            -0.033149677206589796,
            0.9104269251823802
        ],
        "count": 14
    },
    "5PTI": {
        "pearson": [
            0.5034213725749334,
            0.38723393143156054
        ],
        "spearman": [
            0.49999999999999994,
            0.39100221895577053
        ],
        "count": 5
    },
    "overall": {
        "pearson": [
            -0.46551870647482396,
            2.4773413715840066e-20
        ],
        "spearman": [
            -0.4944011596287107,
            4.261904954857048e-23
        ],
        "count": 352
    }
}