{
    "Caffeine": {
        "pearson": [
            0.3162750258978574,
            2.587296993100125e-31
        ],
        "spearman": [
            0.30039397457516936,
            2.8656775093864464e-28
        ],
        "count": 1288
    },
    "DMSO": {
        "pearson": [
            0.27306337125618024,
            4.529862376303148e-24
        ],
        "spearman": [
            0.24206921649480187,
            4.1465462272348614e-19
        ],
        "count": 1324
    },
    "DTT": {
        "pearson": [
            0.2942632143685804,
            4.5938354504098826e-27
        ],
        "spearman": [
            0.284156215016168,
            2.838807918631633e-25
        ],
        "count": 1284
    },
    "HU": {
        "pearson": [
            0.2544976092981447,
            2.872443720023986e-20
        ],
        "spearman": [
            0.18125518548316083,
            7.283188236202602e-11
        ],
        "count": 1273
    },
    "MG132": {
        "pearson": [
            0.28981872036011413,
            1.7650398254714413e-25
        ],
        "spearman": [
            0.2408632488962174,
            7.277148652960028e-18
        ],
        "count": 1243
    }
}