{
    "Caffeine": {
        "pearson": [
            0.3046640329371665,
            4.539674738632611e-29
        ],
        "spearman": [
            0.31078458046771124,
            3.0660116808031953e-30
        ],
        "count": 1288
    },
    "DMSO": {
        "pearson": [
            0.2642447396282316,
            1.3681253201308047e-22
        ],
        "spearman": [
            0.2493250358021634,
            3.279864553207781e-20
        ],
        "count": 1324
    },
    "DTT": {
        "pearson": [
            0.28068719958709415,
            1.12494075177017e-24
        ],
        "spearman": [
            0.28791106303760594,
            6.255760602229683e-26
        ],
        "count": 1284
    },
    "HU": {
        "pearson": [
            0.24392050322280714,
            1.0656974144758742e-18
        ],
        "spearman": [
            0.1950440085485033,
            2.2236904057924397e-12
        ],
        "count": 1273
    },
    "MG132": {
        "pearson": [
            0.28306172717683065,
            2.4728808154767288e-24
        ],
        "spearman": [
            0.256282547262759,
            4.302743058438657e-20
        ],
        "count": 1243
    }
}