{
    "1PGA": {
        "pearson": [
            -0.4492009592343613,
            3.0150202693297756e-46
        ],
        "spearman": [
            -0.46637356375696354,
            3.578017599029272e-50
        ],
        "count": 907,
        "pearson - filtered rosetta [-1;7]": [
            -0.4285064321316307,
            8.583568715385138e-39
        ],
        "spearman - filtered rosetta [-1;7]": [
            -0.4594150108228665,
            4.883561165465253e-45
        ],
        "count - filtered rosetta [-1;7]": 839
    },
    "overall": {
        "pearson": [
            -0.4492009592343613,
            3.0150202693297756e-46
        ],
        "spearman": [
            -0.46637356375696354,
            3.578017599029272e-50
        ],
        "count": 907,
        "pearson - filtered rosetta [-1;7]": [
            -0.4285064321316307,
            8.583568715385138e-39
        ],
        "spearman - filtered rosetta [-1;7]": [
            -0.4594150108228665,
            4.883561165465253e-45
        ],
        "count - filtered rosetta [-1;7]": 839
    }
}