{
    "1PGA": {
        "pearson": [
            -0.44919924226407865,
            3.0176692814745573e-46
        ],
        "spearman": [
            -0.4663802592239216,
            3.5650682616276185e-50
        ],
        "count": 907,
        "pearson - filtered rosetta [-1;7]": [
            -0.42850448896457904,
            8.590937978038586e-39
        ],
        "spearman - filtered rosetta [-1;7]": [
            -0.45943167966172854,
            4.843870822629101e-45
        ],
        "count - filtered rosetta [-1;7]": 839
    },
    "overall": {
        "pearson": [
            -0.44919924226407865,
            3.0176692814745573e-46
        ],
        "spearman": [
            -0.4663802592239216,
            3.5650682616276185e-50
        ],
        "count": 907,
        "pearson - filtered rosetta [-1;7]": [
            -0.42850448896457904,
            8.590937978038586e-39
        ],
        "spearman - filtered rosetta [-1;7]": [
            -0.45943167966172854,
            4.843870822629101e-45
        ],
        "count - filtered rosetta [-1;7]": 839
    }
}