Model,1F41,1R44,2CJS,4AJY,4RSC,2J91,2R7E,3U84,4DCH,4WVP
\HcnnBp,0.4135154234636903,0.40629539146848037,0.5021697981107907,0.45924138936846126,0.4195548370193352,0.43037173077909296,0.23061145693597027,0.43998066215217746,0.45865919012902934,0.36135971656963206
\HcnnPy,0.5694475142199655,0.4653833129820668,0.5492679038417277,0.5076564270419391,0.48788657077025566,0.48899574722513584,0.2830718669834146,0.505540444371664,0.5101010416674008,0.4107592812226231
\HcnnBpNoise,0.5668549474035895,0.4690230688846924,0.6028474397072772,0.5639912984102329,0.5359296217383894,0.5316907921559617,0.3761336404851492,0.5443139523469653,0.5401796364500699,0.4736071490359833
\HcnnPyNoise,0.6192051596440007,0.5342815057409627,0.6295049212751849,0.5975618151429718,0.5782736336737964,0.5584562453226871,0.4086042341629079,0.6029708437101735,0.5767080311982788,0.5111926655547987
\FtHcnnBp,0.8261836958171112,0.7935488217944235,0.8039331405821901,0.8096034812135808,0.8016468402795849,0.7957545445634026,0.5946454352548356,0.8141759079575098,0.8062122306549845,0.7560288590883996
\FtHcnnPy,0.8416594386028089,0.7899011240924287,0.8081138241866267,0.8096673870328825,0.8094657764143834,0.7913476782210596,0.608633867156072,0.8112541624535259,0.8063586906443078,0.7662075149969345
\FtHcnnBpNoise,0.8008354093993312,0.7709383568980019,0.7914871177113469,0.8057260746665968,0.7918408576534861,0.7957693775516527,0.6323160365078059,0.8054866707220398,0.7985711328782382,0.739420292807331
\FtHcnnPyNoise,0.7938324544755169,0.7699749936456433,0.7890434532249473,0.8015133817329803,0.7974566088730979,0.7885238475773566,0.6447663973909109,0.8086866827002761,0.7923374450183386,0.7422560859439196
