{
    "screenscore": {
        "pearson": [
            0.15946147763912055,
            1.2096595857640854e-12
        ],
        "spearman": [
            0.1574820791312359,
            2.300244285732995e-12
        ],
        "count": 1962
    }
}