{
    "screenscore": {
        "pearson": [
            -0.039227354437414486,
            0.6840984890589702
        ],
        "spearman": [
            -0.041108370051999944,
            0.6698139749724911
        ],
        "count": 110
    }
}