{
    "5BON": {
        "pearson": [
            0.6068174036865623,
            1.90517186388483e-281
        ],
        "spearman": [
            0.5946734920415282,
            1.465868440675392e-267
        ],
        "count": 2801
    },
    "1D5R": {
        "pearson": [
            0.5670147104371357,
            1.5258310969663948e-273
        ],
        "spearman": [
            0.5505387555503618,
            8.28764458705043e-255
        ],
        "count": 3222
    },
    "2H11": {
        "pearson": [
            0.5235947323967517,
            1.3003269361026485e-240
        ],
        "spearman": [
            0.4942709595324294,
            1.2879110196605157e-210
        ],
        "count": 3427
    },
    "overall": {
        "pearson": [
            0.5335717402925578,
            0.0
        ],
        "spearman": [
            0.5208360098937256,
            0.0
        ],
        "count": 9450
    }
}