{
    "function_score": {
        "pearson": [
            0.4382308029753824,
            6.849228045826461e-36
        ],
        "spearman": [
            0.39897716937557653,
            1.699883184251249e-29
        ],
        "count": 736
    }
}