{
    "1BVC": {
        "pearson": [
            -0.5732573405176439,
            9.395281216980157e-08
        ],
        "spearman": [
            -0.5689341103865206,
            1.2317635940454081e-07
        ],
        "count": 74
    },
    "1LZ1": {
        "pearson": [
            -0.6443575972840487,
            1.034121274742403e-14
        ],
        "spearman": [
            -0.7045556769291895,
            2.195459338633538e-18
        ],
        "count": 114
    },
    "2CI2": {
        "pearson": [
            -0.5098073589058074,
            1.5959007751530616e-06
        ],
        "spearman": [
            -0.584058627258801,
            1.602166033143414e-08
        ],
        "count": 79
    },
    "2RN2": {
        "pearson": [
            -0.3045180017073169,
            0.007087578815182758
        ],
        "spearman": [
            -0.23961037693602744,
            0.03582908161907896
        ],
        "count": 77
    },
    "overall": {
        "pearson": [
            -0.5223235697329908,
            1.794491483811073e-25
        ],
        "spearman": [
            -0.5594183254612274,
            1.0215826809652517e-29
        ],
        "count": 344
    }
}