{
    "Caffeine": {
        "pearson": [
            0.21007622758237401,
            2.5923695576685382e-14
        ],
        "spearman": [
            0.22994545733959018,
            6.451884929669193e-17
        ],
        "count": 1288
    },
    "DMSO": {
        "pearson": [
            0.13192622064990134,
            1.457997876275441e-06
        ],
        "spearman": [
            0.14562630570789828,
            1.0248164482603463e-07
        ],
        "count": 1324
    },
    "DTT": {
        "pearson": [
            0.2077247984447388,
            5.549515315619777e-14
        ],
        "spearman": [
            0.2173031476258721,
            3.4542571603867185e-15
        ],
        "count": 1284
    },
    "HU": {
        "pearson": [
            0.1348410925880088,
            1.3766727987726532e-06
        ],
        "spearman": [
            0.11434935192625174,
            4.3268291613828394e-05
        ],
        "count": 1273
    },
    "MG132": {
        "pearson": [
            0.13059638818449004,
            3.846700970790155e-06
        ],
        "spearman": [
            0.1514836404541363,
            8.034080931601129e-08
        ],
        "count": 1243
    }
}