{
    "Caffeine": {
        "pearson": [
            0.2373428509409327,
            5.960142371869417e-18
        ],
        "spearman": [
            0.24964466384881823,
            9.449079471741452e-20
        ],
        "count": 1288
    },
    "DMSO": {
        "pearson": [
            0.15385551951021248,
            1.8384289114762192e-08
        ],
        "spearman": [
            0.17954128031036637,
            4.6948735354344125e-11
        ],
        "count": 1324
    },
    "DTT": {
        "pearson": [
            0.22823452435155178,
            1.2331049912191844e-16
        ],
        "spearman": [
            0.22613443023255575,
            2.3713513261914554e-16
        ],
        "count": 1284
    },
    "HU": {
        "pearson": [
            0.16850600447456737,
            1.452529479657681e-09
        ],
        "spearman": [
            0.14203289182169068,
            3.6100540668246385e-07
        ],
        "count": 1273
    },
    "MG132": {
        "pearson": [
            0.15430023551997754,
            4.568365882300654e-08
        ],
        "spearman": [
            0.18129523006964082,
            1.2043892493034244e-10
        ],
        "count": 1243
    }
}