{
    "ddG_stat": {
        "pearson": [
            -0.44057099273058276,
            1.1304324878684925e-248
        ],
        "spearman": [
            -0.4345861130470336,
            2.8465349043749167e-241
        ],
        "count": 5259
    }
}