{
    "react_rel": {
        "pearson": [
            0.37392625093633547,
            7.622038317589737e-49
        ],
        "spearman": [
            0.37224188335632924,
            2.1794109658248352e-48
        ],
        "count": 1435
    }
}