{
    "react_rel": {
        "pearson": [
            0.35699743835824355,
            2.219746634447714e-44
        ],
        "spearman": [
            0.37884462002866126,
            3.421413021050694e-50
        ],
        "count": 1435
    }
}