{
    "1BVC": {
        "pearson": [
            -0.3490645177789231,
            0.002302617393522588
        ],
        "spearman": [
            -0.3027354458001006,
            0.008748664397838769
        ]
    },
    "1LZ1": {
        "pearson": [
            -0.30293019506828045,
            0.0010525222574292792
        ],
        "spearman": [
            -0.35140291592684203,
            0.00012627343653863
        ]
    },
    "2CI2": {
        "pearson": [
            -0.3560110148209774,
            0.0012816617020901526
        ],
        "spearman": [
            -0.42638556085995033,
            8.922419893882497e-05
        ]
    },
    "2RN2": {
        "pearson": [
            -0.3954716315632162,
            0.00037116819757714606
        ],
        "spearman": [
            -0.36049347032552204,
            0.0012792300625565614
        ]
    }
}