{
    "function_score": {
        "pearson": [
            0.569778901241498,
            7.952054760373038e-129
        ],
        "spearman": [
            0.4587930614656696,
            2.4515295263240436e-78
        ],
        "count": 1488
    }
}