{
    "function_score": {
        "pearson": [
            0.5438092581238303,
            1.1067399321804816e-112
        ],
        "spearman": [
            0.4512270442489867,
            7.661265717623682e-74
        ],
        "count": 1454
    }
}