{
    "fitness_min": {
        "pearson": [
            0.4364861562106871,
            5.344764992269468e-68
        ],
        "spearman": [
            0.2637916693238088,
            2.464848804799514e-24
        ],
        "count": 1439
    },
    "fitness_rich": {
        "pearson": [
            0.42904456533945684,
            1.6157809852669217e-65
        ],
        "spearman": [
            0.3167832163535837,
            6.62250602006364e-35
        ],
        "count": 1439
    }
}