{
    "selection_coefficient": {
        "pearson": [
            0.2638936704685074,
            6.983587483735545e-69
        ],
        "spearman": [
            0.18614073458113073,
            1.4846927576003234e-34
        ],
        "count": 4265
    }
}