{
    "linear": {
        "pearson": [
            0.6369085416382749,
            0.0
        ],
        "spearman": [
            0.6564534425968105,
            0.0
        ],
        "count": 5468
    }
}