{
    "screenscore": {
        "pearson": [
            0.3727382522592174,
            1.8277729198846393e-90
        ],
        "spearman": [
            0.4100947396040819,
            6.493956707672324e-111
        ],
        "count": 2722
    }
}