{
    "screenscore": {
        "pearson": [
            0.3916593675318027,
            2.1014682188377047e-99
        ],
        "spearman": [
            0.4320966247241306,
            6.802206483408723e-123
        ],
        "count": 2692
    }
}