{
    "Overall": {
        "all_types_of_mutations": {
            "Pr": -0.28019037526443846,
            "Pr_pval": 8.941887745729596e-104,
            "Sr": -0.2763372311541012,
            "Sr_pval": 7.022496502072268e-101,
            "num": 5726.0,
            "num_struc": 333.0
        },
        "single_point_mutations": {
            "Pr": -0.334353598480238,
            "Pr_pval": 4.0974878827143225e-108,
            "Sr": -0.2893310456640724,
            "Sr_pval": 3.115624913574711e-80,
            "num": 4118.0,
            "num_struc": 310.0
        },
        "multi_point_mutations": {
            "Pr": -0.2968906465409309,
            "Pr_pval": 4.409791881246644e-34,
            "Sr": -0.32490784351815455,
            "Sr_pval": 7.561593682193314e-41,
            "num": 1608.0,
            "num_struc": 143.0
        }
    },
    "Per-Structure": {
        "all_types_of_mutations": {
            "Pr": -0.23711985187939566,
            "Pr_std": 0.2669208783074757,
            "Pr_pval": 1.4616168810286437e-59,
            "Sr": -0.23062254856791153,
            "Sr_std": 0.2901176774727257,
            "Sr_pval": 3.269760846935066e-68,
            "num": 5025.0,
            "num_struc": 116.0
        },
        "single_point_mutations": {
            "Pr": -0.2701855640462591,
            "Pr_std": 0.24380143596349363,
            "Pr_pval": 1.0067308198136098e-47,
            "Sr": -0.2549343242631973,
            "Sr_std": 0.26658456576021944,
            "Sr_pval": 6.980261235966959e-47,
            "num": 3485.0,
            "num_struc": 93.0
        },
        "multi_point_mutations": {
            "Pr": -0.3003921299217608,
            "Pr_std": 0.3024211595389838,
            "Pr_pval": 1.0863885632380938e-32,
            "Sr": -0.23953554212454242,
            "Sr_std": 0.3152161086241175,
            "Sr_pval": 1.1589635910777715e-26,
            "num": 1304.0,
            "num_struc": 41.0
        }
    }
}