{
    "Overall": {
        "all_types_of_mutations": {
            "Pr": -0.2806728569199371,
            "Pr_pval": 4.181547420215242e-104,
            "Sr": -0.27703481407611585,
            "Sr_pval": 2.2938899345854144e-101,
            "num": 5724.0,
            "num_struc": 333.0
        },
        "single_point_mutations": {
            "Pr": -0.3344899731631574,
            "Pr_pval": 3.3155169485599688e-108,
            "Sr": -0.28957974583942364,
            "Sr_pval": 2.2528112136246787e-80,
            "num": 4118.0,
            "num_struc": 310.0
        },
        "multi_point_mutations": {
            "Pr": -0.29730147109896,
            "Pr_pval": 3.898623427161398e-34,
            "Sr": -0.3254682084049018,
            "Sr_pval": 6.090360968876431e-41,
            "num": 1606.0,
            "num_struc": 143.0
        }
    },
    "Per-Structure": {
        "all_types_of_mutations": {
            "Pr": -0.2377957236283874,
            "Pr_pval": 2.0374163472432583e-59,
            "Sr": -0.22953085480351706,
            "Sr_pval": 1.0841963724869758e-68,
            "num": 5023.0,
            "num_struc": 116.0
        },
        "single_point_mutations": {
            "Pr": -0.2705664748812343,
            "Pr_pval": 2.0512788164820065e-47,
            "Sr": -0.2551989256078945,
            "Sr_pval": 9.350393992186866e-47,
            "num": 3485.0,
            "num_struc": 93.0
        },
        "multi_point_mutations": {
            "Pr": -0.30147567632405037,
            "Pr_pval": 1.6462415595220834e-32,
            "Sr": -0.24055922172442593,
            "Sr_pval": 1.5750497839743605e-26,
            "num": 1302.0,
            "num_struc": 41.0
        }
    }
}