{
    "react_rel": {
        "pearson": [
            0.4145127127795103,
            1.0985888704487216e-60
        ],
        "spearman": [
            0.39156845889271696,
            8.66970565243714e-54
        ],
        "count": 1435
    }
}