{
    "react_rel": {
        "pearson": [
            0.4132484525902568,
            2.723370708774452e-60
        ],
        "spearman": [
            0.3741972497804775,
            6.432932398321883e-49
        ],
        "count": 1435
    }
}