{
    "SelectionTwo": {
        "pearson": [
            0.4280879429181259,
            0.0
        ],
        "spearman": [
            0.4739749673541773,
            0.0
        ],
        "count": 8329
    }
}