{
    "overall": {
        "pearson": [
            -0.3402493642609357,
            5.4674611230257e-11
        ],
        "spearman": [
            -0.38831229728910144,
            4.089627751043746e-14
        ],
        "count": 352
    }
}