{
    "5BON": {
        "pearson": [
            0.4669595506517751,
            1.0270807607765207e-151
        ],
        "spearman": [
            0.4901230845645849,
            3.234085369256833e-169
        ],
        "count": 2801
    },
    "1D5R": {
        "pearson": [
            0.5217373960878086,
            1.8199021203707877e-224
        ],
        "spearman": [
            0.5394533197179184,
            8.838684076257248e-243
        ],
        "count": 3222
    },
    "2H11": {
        "pearson": [
            0.39535946451118287,
            1.3363230396313393e-128
        ],
        "spearman": [
            0.42632168039658863,
            2.096098559244028e-151
        ],
        "count": 3427
    },
    "overall": {
        "pearson": [
            0.4289740426935874,
            0.0
        ],
        "spearman": [
            0.4560805328547241,
            0.0
        ],
        "count": 9450
    }
}