{
    "screenscore": {
        "pearson": [
            0.04738759477211127,
            0.6229992609658961
        ],
        "spearman": [
            0.07549237589692015,
            0.43313084375867683
        ],
        "count": 110
    }
}