{
    "screenscore": {
        "pearson": [
            0.18313065218515634,
            2.940594314040903e-16
        ],
        "spearman": [
            0.17926066478248678,
            1.243375235009498e-15
        ],
        "count": 1962
    }
}