{
    "1BVC": {
        "pearson": [
            -0.7078485718528297,
            1.7628939775737445e-12
        ],
        "spearman": [
            -0.73497134353876,
            8.988703391990389e-14
        ],
        "count": 74
    },
    "1LZ1": {
        "pearson": [
            -0.5745830448352047,
            2.3146807424867496e-11
        ],
        "spearman": [
            -0.6183353012875042,
            2.2972680285955e-13
        ],
        "count": 114
    },
    "2CI2": {
        "pearson": [
            -0.6306986220100681,
            4.677884278916174e-10
        ],
        "spearman": [
            -0.5804189880359756,
            2.062771400235806e-08
        ],
        "count": 79
    },
    "2RN2": {
        "pearson": [
            -0.776763763074711,
            1.0205358278394019e-16
        ],
        "spearman": [
            -0.7116407162708863,
            4.035144470641841e-13
        ],
        "count": 77
    },
    "overall": {
        "pearson": [
            -0.6469027639948475,
            3.649074519294588e-42
        ],
        "spearman": [
            -0.6920626648048012,
            2.3953798729141603e-50
        ],
        "count": 344
    }
}