{
    "function_score": {
        "pearson": [
            0.4098042825971425,
            5.486310693556905e-60
        ],
        "spearman": [
            0.3879329553633062,
            2.0232471613341744e-53
        ],
        "count": 1454
    }
}