{
    "function_score": {
        "pearson": [
            0.451231968597951,
            1.5728026761996102e-75
        ],
        "spearman": [
            0.41336604862136844,
            1.7145554349404654e-62
        ],
        "count": 1488
    }
}