{
    "SelectionOne": {
        "pearson": [
            0.37440470243603596,
            7.510156411292117e-267
        ],
        "spearman": [
            0.37074458664291077,
            2.6679362638012054e-261
        ],
        "count": 8067
    }
}