{
    "SelectionOne": {
        "pearson": [
            0.37827224502707124,
            4.268610834445801e-268
        ],
        "spearman": [
            0.36051293798303063,
            6.314693517461897e-242
        ],
        "count": 7927
    }
}