{
    "1BVC": {
        "pearson": [
            -0.49215945792033833,
            8.44150740702048e-06
        ],
        "spearman": [
            -0.43890049098801337,
            9.16345523622376e-05
        ],
        "count": 74
    },
    "1LZ1": {
        "pearson": [
            -0.48966749921410446,
            3.2202982156892917e-08
        ],
        "spearman": [
            -0.49768915412563297,
            1.764345568787989e-08
        ],
        "count": 114
    },
    "2CI2": {
        "pearson": [
            -0.21000489916953274,
            0.06322789015438067
        ],
        "spearman": [
            -0.27352071350128715,
            0.014725461623947632
        ],
        "count": 79
    },
    "2RN2": {
        "pearson": [
            -0.13481042741322538,
            0.24242257130070177
        ],
        "spearman": [
            0.005350089061496772,
            0.963167357707624
        ],
        "count": 77
    },
    "overall": {
        "pearson": [
            -0.13531017644590865,
            0.012002923138234962
        ],
        "spearman": [
            -0.1969385720220195,
            0.00023744954507640674
        ],
        "count": 344
    }
}