{
    "1BVC": {
        "pearson": [
            -0.49215945792033833,
            8.44150740702048e-06
        ],
        "spearman": [
            -0.43890049098801337,
            9.16345523622376e-05
        ],
        "count": 74
    },
    "1LZ1": {
        "pearson": [
            -0.48966749921410446,
            3.2202982156892917e-08
        ],
        "spearman": [
            -0.49768915412563297,
            1.764345568787989e-08
        ],
        "count": 114
    },
    "2CI2": {
        "pearson": [
            -0.21202496077430533,
            0.06067319228165329
        ],
        "spearman": [
            -0.24859101073089837,
            0.027166985759201394
        ],
        "count": 79
    },
    "2RN2": {
        "pearson": [
            -0.13481042741322538,
            0.24242257130070177
        ],
        "spearman": [
            0.005350089061496772,
            0.963167357707624
        ],
        "count": 77
    },
    "overall": {
        "pearson": [
            -0.13372433561480682,
            0.01305197243888503
        ],
        "spearman": [
            -0.1941181646834591,
            0.0002926046098021586
        ],
        "count": 344
    }
}