{
    "selection_coefficient": {
        "pearson": [
            0.17906893161150456,
            1.3214070912904696e-10
        ],
        "spearman": [
            0.27732921534591176,
            7.675625036981918e-24
        ],
        "count": 1269
    }
}