{
    "selection_coefficient": {
        "pearson": [
            0.1332644353378985,
            1.8991767855543377e-06
        ],
        "spearman": [
            0.223274263505506,
            8.438584827505964e-16
        ],
        "count": 1269
    }
}