{
    "CRIPT": {
        "pearson": [
            0.32315790720168946,
            1.243464042810886e-41
        ],
        "spearman": [
            0.3162112052825772,
            7.656268414396526e-40
        ],
        "count": 1659
    },
    "Tm2F": {
        "pearson": [
            0.2674808283288352,
            1.416036213587893e-28
        ],
        "spearman": [
            0.2207922553146302,
            9.134655866665886e-20
        ],
        "count": 1659
    }
}