{
    "overall": {
        "pearson": [
            -0.17352121909667842,
            0.001080054062811631
        ],
        "spearman": [
            -0.20566510907171798,
            0.00010169094664744945
        ],
        "count": 352
    }
}