{
    "overall": {
        "pearson": [
            -0.1732469308622153,
            0.001100252809424962
        ],
        "spearman": [
            -0.20494935990058685,
            0.00010763598408280984
        ],
        "count": 352
    }
}