{
    "CRIPT": {
        "pearson": [
            0.4804636802246903,
            1.4859743344803611e-96
        ],
        "spearman": [
            0.41500066782362277,
            4.602775450308964e-70
        ],
        "count": 1659
    },
    "Tm2F": {
        "pearson": [
            0.37117746905746285,
            2.419016628195229e-55
        ],
        "spearman": [
            0.3035814386471056,
            1.040982721822691e-36
        ],
        "count": 1659
    }
}