{
    "2LZM": {
        "pearson": [
            -0.737825290701593,
            9.607924983937205e-07
        ],
        "spearman": [
            -0.6145356786340065,
            0.00014194236021025368
        ],
        "count": 33
    }
}