{
    "screenscore": {
        "pearson": [
            0.17705462837581154,
            2.788262707645376e-15
        ],
        "spearman": [
            0.16652028963847187,
            1.1440101797248123e-13
        ],
        "count": 1962
    }
}