{
    "screenscore": {
        "pearson": [
            0.027502243108827706,
            0.775487203458402
        ],
        "spearman": [
            0.015284285914012926,
            0.8740778151116673
        ],
        "count": 110
    }
}