{
    "1A7V": {
        "pearson": [
            -0.44656980078113945,
            0.12607802826304432
        ],
        "spearman": [
            -0.4848503246258396,
            0.09309762506080319
        ],
        "count": 13
    },
    "1BFM": {
        "pearson": [
            -1.0,
            1.0
        ],
        "spearman": [
            -0.9999999999999999,
            NaN
        ],
        "count": 2
    },
    "1DIV": {
        "pearson": [
            -0.49503138935835495,
            0.00025748191790668615
        ],
        "spearman": [
            -0.5637861085052381,
            2.0135386026332064e-05
        ],
        "count": 50
    },
    "1FXA": {
        "pearson": [
            -0.6822665739014904,
            0.02072606466141431
        ],
        "spearman": [
            -0.6636363636363638,
            0.025984133918765504
        ],
        "count": 11
    },
    "1G3P": {
        "pearson": [
            0.18299924060770995,
            0.3609030169057617
        ],
        "spearman": [
            0.06108736631541226,
            0.7621321139054229
        ],
        "count": 27
    },
    "1HCQ": {
        "pearson": [
            -1.0,
            1.0
        ],
        "spearman": [
            -0.9999999999999999,
            NaN
        ],
        "count": 2
    },
    "1J8I": {
        "pearson": [
            0.6391154084930482,
            0.17185614509450797
        ],
        "spearman": [
            0.6767633692869747,
            0.1398366873478105
        ],
        "count": 6
    },
    "1JLV": {
        "pearson": [
            -0.9182094237223967,
            0.25927000090172975
        ],
        "spearman": [
            -1.0,
            0.0
        ],
        "count": 3
    },
    "1L6H": {
        "pearson": [
            -0.8122850475176288,
            0.3964467629856252
        ],
        "spearman": [
            -0.5,
            0.6666666666666667
        ],
        "count": 3
    },
    "1N88": {
        "pearson": [
            -0.5595943634483171,
            0.019503871704352346
        ],
        "spearman": [
            -0.44690069646001074,
            0.07210281879574447
        ],
        "count": 17
    },
    "1NM1": {
        "pearson": [
            -1.0,
            1.0
        ],
        "spearman": [
            -0.9999999999999999,
            NaN
        ],
        "count": 2
    },
    "1O1U": {
        "pearson": [
            -0.47339282106878233,
            0.34295461460628496
        ],
        "spearman": [
            -0.21251185925162072,
            0.6860308660088958
        ],
        "count": 6
    },
    "1O6X": {
        "pearson": [
            -0.18552261877656215,
            0.4335717016548244
        ],
        "spearman": [
            -0.11662907741047056,
            0.6243648953474477
        ],
        "count": 20
    },
    "1OSI": {
        "pearson": [
            -0.9697131849981604,
            0.030286815001839607
        ],
        "spearman": [
            -1.0,
            0.0
        ],
        "count": 4
    },
    "1PFL": {
        "pearson": [
            -0.038732861534856666,
            0.9506961227701648
        ],
        "spearman": [
            0.0,
            1.0
        ],
        "count": 5
    },
    "1R6R": {
        "pearson": [
            -0.8374841145196299,
            0.1625158854803701
        ],
        "spearman": [
            -0.19999999999999998,
            0.8
        ],
        "count": 4
    },
    "1XWS": {
        "pearson": [
            -0.4589177273590409,
            0.541082272640959
        ],
        "spearman": [
            -0.7999999999999999,
            0.20000000000000007
        ],
        "count": 4
    },
    "1XXN": {
        "pearson": [
            -0.22704187256873143,
            0.7134244476424788
        ],
        "spearman": [
            0.15389675281277312,
            0.8048288166080632
        ],
        "count": 5
    },
    "1XZO": {
        "pearson": [
            0.5754655238900516,
            0.4245344761099483
        ],
        "spearman": [
            0.39999999999999997,
            0.6
        ],
        "count": 4
    },
    "2BJD": {
        "pearson": [
            -0.9998518608437535,
            0.010958103943681347
        ],
        "spearman": [
            -1.0,
            0.0
        ],
        "count": 3
    },
    "2C9Q": {
        "pearson": [
            -1.0,
            1.0
        ],
        "spearman": [
            -0.9999999999999999,
            NaN
        ],
        "count": 2
    },
    "2HBB": {
        "pearson": [
            -0.2334702657392412,
            0.11839110538459485
        ],
        "spearman": [
            -0.2669298142488874,
            0.0729285903530165
        ],
        "count": 46
    },
    "2JUC": {
        "pearson": [
            -0.04667361392725086,
            0.9702758558816574
        ],
        "spearman": [
            0.5,
            0.6666666666666667
        ],
        "count": 3
    },
    "2KS4": {
        "pearson": [
            1.0,
            1.0
        ],
        "spearman": [
            0.9999999999999999,
            NaN
        ],
        "count": 2
    },
    "2MPC": {
        "pearson": [
            0.034738363000142436,
            0.977880420917785
        ],
        "spearman": [
            -0.5,
            0.6666666666666667
        ],
        "count": 3
    },
    "2PTL": {
        "pearson": [
            0.08092347634451091,
            0.5118129194152204
        ],
        "spearman": [
            0.12539011493364344,
            0.3082735452421686
        ],
        "count": 68
    },
    "2RPN": {
        "pearson": [
            -1.0,
            1.0
        ],
        "spearman": [
            -0.9999999999999999,
            NaN
        ],
        "count": 2
    },
    "2WQG": {
        "pearson": [
            -0.35708534349893234,
            0.05722204712957897
        ],
        "spearman": [
            -0.5309637368654277,
            0.003041622248135898
        ],
        "count": 29
    },
    "3D2A": {
        "pearson": [
            -0.6532551809826768,
            0.5468057714428265
        ],
        "spearman": [
            -0.5,
            0.6666666666666667
        ],
        "count": 3
    },
    "3DV0": {
        "pearson": [
            -0.682794360329648,
            2.316079784250823e-05
        ],
        "spearman": [
            -0.6724585657261802,
            3.417432849166387e-05
        ],
        "count": 31
    },
    "3MON": {
        "pearson": [
            1.0,
            1.0
        ],
        "spearman": [
            0.9999999999999999,
            NaN
        ],
        "count": 2
    },
    "4BUQ": {
        "pearson": [
            -1.0,
            1.0
        ],
        "spearman": [
            -0.9999999999999999,
            NaN
        ],
        "count": 2
    },
    "4HE7": {
        "pearson": [
            0.7592857187245655,
            0.45109701298936217
        ],
        "spearman": [
            0.5,
            0.6666666666666667
        ],
        "count": 3
    },
    "5VP3": {
        "pearson": [
            0.8408092187017957,
            0.3641592219827104
        ],
        "spearman": [
            0.5,
            0.6666666666666667
        ],
        "count": 3
    },
    "overall": {
        "pearson": [
            -0.3323594981805391,
            7.54408062713219e-12
        ],
        "spearman": [
            -0.3291239782155918,
            1.232917519661897e-11
        ],
        "count": 403
    }
}