{
    "NONSEL_24h": {
        "pearson": [
            -0.24500013818376937,
            2.7886908443783055e-16
        ],
        "spearman": [
            -0.26304725908365156,
            1.2951160756913356e-18
        ],
        "count": 1084
    },
    "SEL_A_24h": {
        "pearson": [
            0.3327408384358772,
            1.9509013869449547e-29
        ],
        "spearman": [
            0.29448605494967545,
            3.960511619077681e-23
        ],
        "count": 1084
    },
    "SEL_A_40h": {
        "pearson": [
            0.3168294953579903,
            1.0619708860951744e-26
        ],
        "spearman": [
            0.28713501313083,
            5.080088479621387e-22
        ],
        "count": 1084
    },
    "SEL_B_40h": {
        "pearson": [
            0.27849746145687715,
            9.259289919817411e-21
        ],
        "spearman": [
            0.25921247581595774,
            4.2025615904268026e-18
        ],
        "count": 1084
    },
    "SEL_C_40h": {
        "pearson": [
            0.2683540308048581,
            2.460024950238389e-19
        ],
        "spearman": [
            0.25322821967345216,
            2.538187563548563e-17
        ],
        "count": 1084
    },
    "SEL_C_64h": {
        "pearson": [
            0.2527086976501225,
            2.9605339914289156e-17
        ],
        "spearman": [
            0.2371289306374221,
            2.5457965558686253e-15
        ],
        "count": 1084
    }
}