{
    "linear": {
        "pearson": [
            0.3536129557406855,
            4.213276582286127e-12
        ],
        "spearman": [
            0.3919859210314458,
            9.606553796061412e-15
        ],
        "count": 362
    }
}