{
    "screenscore": {
        "pearson": [
            0.21296011313176466,
            1.476777164038946e-21
        ],
        "spearman": [
            0.20929662708550859,
            7.341660630354778e-21
        ],
        "count": 1962
    }
}