{
    "screenscore": {
        "pearson": [
            0.06370885113490973,
            0.5084691448953861
        ],
        "spearman": [
            -0.036950178369285304,
            0.7015413477471283
        ],
        "count": 110
    }
}