{
    "screenscore": {
        "pearson": [
            0.4019244155263817,
            2.2654546991156374e-30
        ],
        "spearman": [
            0.3989900391756376,
            6.472984835495586e-30
        ],
        "count": 747
    }
}