{
    "screenscore": {
        "pearson": [
            0.5422465052299016,
            1.0027509915321624e-109
        ],
        "spearman": [
            0.56458930269356,
            9.23505232249498e-121
        ],
        "count": 1425
    }
}