{
    "screenscore": {
        "pearson": [
            0.4936244823453775,
            3.0449241015411944e-111
        ],
        "spearman": [
            0.4811183165341292,
            5.505161100867404e-105
        ],
        "count": 1801
    }
}