{
    "enrichment": {
        "pearson": [
            0.4290992887812034,
            6.769360486583357e-140
        ],
        "spearman": [
            0.5657862374278791,
            2.1753741604666615e-263
        ],
        "count": 3118
    }
}