{
    "enrichment": {
        "pearson": [
            0.43708743840340564,
            1.1474935662908374e-145
        ],
        "spearman": [
            0.5657818217959627,
            2.2004423535685368e-263
        ],
        "count": 3118
    }
}