{
    "enrichment": {
        "pearson": [
            0.43218799584260514,
            2.764595233175672e-159
        ],
        "spearman": [
            0.558239629920443,
            5.393008585282161e-286
        ],
        "count": 3500
    }
}