{
    "Overall": {
        "all_types_of_mutations": {
            "Pr": -0.09995528161120526,
            "Pr_pval": 0.05440503018311298,
            "Sr": -0.18009102451889578,
            "Sr_pval": 0.0004909734481375819,
            "num": 371.0,
            "num_struc": 39.0
        },
        "single_point_mutations": {
            "Pr": -0.17348808172597552,
            "Pr_pval": 0.004943733479657541,
            "Sr": -0.19487343261006,
            "Sr_pval": 0.0015585800593268793,
            "num": 261.0,
            "num_struc": 36.0
        },
        "multi_point_mutations": {
            "Pr": -0.16453608237727468,
            "Pr_pval": 0.08585441675000648,
            "Sr": -0.17324481821624554,
            "Sr_pval": 0.07030158490849629,
            "num": 110.0,
            "num_struc": 16.0
        }
    },
    "Per-Structure": {
        "all_types_of_mutations": {
            "Pr": -0.1806679067009668,
            "Pr_std": 0.3791816455703044,
            "Pr_pval": 3.278045809981771e-05,
            "Sr": -0.10673608719648683,
            "Sr_std": 0.4154079419689261,
            "Sr_pval": 3.3740165860417905e-06,
            "num": 265.0,
            "num_struc": 8.0
        },
        "single_point_mutations": {
            "Pr": -0.26145315142538444,
            "Pr_std": 0.36828338881647515,
            "Pr_pval": 2.443641121785826e-05,
            "Sr": -0.22950365519973775,
            "Sr_std": 0.36609093422206496,
            "Sr_pval": 3.827350129828663e-05,
            "num": 180.0,
            "num_struc": 7.0
        },
        "multi_point_mutations": {
            "Pr": 0.20300130453841736,
            "Pr_std": 0.4709507723117259,
            "Pr_pval": 0.00039908510282342765,
            "Sr": 0.18828790432518436,
            "Sr_std": 0.45410535663853535,
            "Sr_pval": 0.0008073260532424927,
            "num": 78.0,
            "num_struc": 2.0
        }
    }
}