{
    "Overall": {
        "all_types_of_mutations": {
            "Pr": -0.06977348535820045,
            "Pr_pval": 0.1793204469094013,
            "Sr": -0.15526298896636778,
            "Sr_pval": 0.002675472493449277,
            "num": 372.0,
            "num_struc": 39.0
        },
        "single_point_mutations": {
            "Pr": -0.1859560381731239,
            "Pr_pval": 0.002560127804860788,
            "Sr": -0.2102850968783366,
            "Sr_pval": 0.0006279057033455165,
            "num": 261.0,
            "num_struc": 36.0
        },
        "multi_point_mutations": {
            "Pr": -0.061640342940633926,
            "Pr_pval": 0.5204308612917783,
            "Sr": -0.027256074162348883,
            "Sr_pval": 0.7764390028379782,
            "num": 111.0,
            "num_struc": 16.0
        }
    },
    "Per-Structure": {
        "all_types_of_mutations": {
            "Pr": -0.17047152106387967,
            "Pr_pval": 1.2465934888104086e-05,
            "Sr": -0.10532829993554715,
            "Sr_pval": 9.844992611234165e-07,
            "num": 266.0,
            "num_struc": 8.0
        },
        "single_point_mutations": {
            "Pr": -0.261977897557888,
            "Pr_pval": 2.1330210272909152e-05,
            "Sr": -0.24315402117867807,
            "Sr_pval": 2.2415909675466683e-05,
            "num": 180.0,
            "num_struc": 7.0
        },
        "multi_point_mutations": {
            "Pr": 0.2117150016667819,
            "Pr_pval": 0.0001972436482549372,
            "Sr": 0.2319994099120929,
            "Sr_pval": 0.00048270957946724665,
            "num": 79.0,
            "num_struc": 2.0
        }
    }
}