{
    "log_proba_mt__minus__log_proba_wt vs. -EC50": {
        "Sr": 0.3608654362898591,
        "Sr_pval": 1.1557866799426548e-06,
        "Pr": 0.29096031475671447,
        "Pr_pval": 0.0001078580068833814,
        "num": 172
    },
    "blosum vs. -EC50": {
        "Sr": 0.20164498686541152,
        "Sr_pval": 0.007988165146114301,
        "Pr": 0.26183560923865823,
        "Pr_pval": 0.0005211675796531644,
        "num": 172
    },
    "blosum vs. log_proba_mt__minus__log_proba_wt": {
        "Sr": 0.3820253456866614,
        "Sr_pval": 2.3262126925586089e-07,
        "Pr": 0.40309109671312576,
        "Pr_pval": 4.197476948741975e-08,
        "num": 172
    },
    "combined_score vs. -EC50": {
        "Sr": 0.36207049809761443,
        "Sr_pval": 1.0581469435457459e-06,
        "Pr": 0.3310555035655846,
        "Pr_pval": 9.17206388405393e-06,
        "num": 172
    }
}