{
    "log_proba_mt__minus__log_proba_wt vs. -EC50": {
        "Sr": 0.22703959092320222,
        "Sr_pval": 0.002743574108345173,
        "Pr": 0.24559036340808435,
        "Pr_pval": 0.0011651349133902482,
        "num": 172
    },
    "blosum vs. -EC50": {
        "Sr": 0.23942600657826604,
        "Sr_pval": 0.0015599993065044267,
        "Pr": 0.2658310773308903,
        "Pr_pval": 0.00042419947926758357,
        "num": 172
    },
    "blosum vs. log_proba_mt__minus__log_proba_wt": {
        "Sr": 0.2561996419471456,
        "Sr_pval": 0.0006930214405782628,
        "Pr": 0.3031770420044438,
        "Pr_pval": 5.283886414396446e-05,
        "num": 172
    },
    "combined_score vs. -EC50": {
        "Sr": 0.3050663426609644,
        "Sr_pval": 4.718251360025572e-05,
        "Pr": 0.31638826915792223,
        "Pr_pval": 2.3549442928301866e-05,
        "num": 172
    }
}