{
    "log_proba_mt__minus__log_proba_wt vs. -EC50": {
        "Sr": 0.12371698875714146,
        "Sr_pval": 0.10589559886328154,
        "Pr": 0.1064252072305816,
        "Pr_pval": 0.16467304077310851,
        "num": 172
    },
    "blosum vs. -EC50": {
        "Sr": 0.3279589714903336,
        "Sr_pval": 1.1238171101349226e-05,
        "Pr": 0.34282061405933184,
        "Pr_pval": 4.1535708982062115e-06,
        "num": 172
    },
    "blosum vs. log_proba_mt__minus__log_proba_wt": {
        "Sr": 0.3503172830469563,
        "Sr_pval": 2.464796570435742e-06,
        "Pr": 0.3737803912718406,
        "Pr_pval": 4.4038399145035355e-07,
        "num": 172
    },
    "combined_score vs. -EC50": {
        "Sr": 0.2441878897587741,
        "Sr_pval": 0.0012459251675605485,
        "Pr": 0.2456745656627957,
        "Pr_pval": 0.0011604405778552365,
        "num": 172
    }
}