{
    "log_proba_mt__minus__log_proba_wt vs. -EC50": {
        "Sr": -0.053021710276838475,
        "Sr_pval": 0.4896982926219038,
        "Pr": -0.003146589295332538,
        "Pr_pval": 0.9673227476119209,
        "num": 172
    },
    "blosum vs. -EC50": {
        "Sr": 0.34537649184108626,
        "Sr_pval": 3.481831980829148e-06,
        "Pr": 0.3719814016279285,
        "Pr_pval": 5.050107486860724e-07,
        "num": 172
    },
    "blosum vs. log_proba_mt__minus__log_proba_wt": {
        "Sr": 0.2651659788076762,
        "Sr_pval": 0.00043908592609192794,
        "Pr": 0.3168486450166589,
        "Pr_pval": 2.287956081515742e-05,
        "num": 172
    },
    "combined_score vs. -EC50": {
        "Sr": 0.16125329752389192,
        "Sr_pval": 0.034579707910762966,
        "Pr": 0.21352618083826552,
        "Pr_pval": 0.004916413119135218,
        "num": 172
    }
}