{
    "log_proba_mt__minus__log_proba_wt vs. -EC50": {
        "Sr": 0.07286635542130815,
        "Sr_pval": 0.342148626538919,
        "Pr": 0.09850908762493141,
        "Pr_pval": 0.1985675672209377,
        "num": 172
    },
    "blosum vs. -EC50": {
        "Sr": 0.2817996352455732,
        "Sr_pval": 0.00018039107294154578,
        "Pr": 0.35210964460965455,
        "Pr_pval": 2.171324280629995e-06,
        "num": 172
    },
    "blosum vs. log_proba_mt__minus__log_proba_wt": {
        "Sr": 0.2386729955738403,
        "Sr_pval": 0.0016158114961624275,
        "Pr": 0.27561872424382194,
        "Pr_pval": 0.00025272046388999,
        "num": 172
    },
    "combined_score vs. -EC50": {
        "Sr": 0.1957400995964643,
        "Sr_pval": 0.010072495849261183,
        "Pr": 0.2675059931553483,
        "Pr_pval": 0.0003887553994845441,
        "num": 172
    }
}