{
    "log_proba_mt__minus__log_proba_wt vs. -EC50": {
        "Sr": 0.15606362110094868,
        "Sr_pval": 0.04091657620996359,
        "Pr": 0.17556421745474807,
        "Pr_pval": 0.02124310037921767,
        "num": 172
    },
    "blosum vs. -EC50": {
        "Sr": 0.030896021200542852,
        "Sr_pval": 0.6874345896905518,
        "Pr": 0.0696803331204638,
        "Pr_pval": 0.3637250535318197,
        "num": 172
    },
    "blosum vs. log_proba_mt__minus__log_proba_wt": {
        "Sr": 0.3696116922300797,
        "Sr_pval": 6.040732019597174e-07,
        "Pr": 0.3864673715471044,
        "Pr_pval": 1.6372912001969382e-07,
        "num": 172
    },
    "combined_score vs. -EC50": {
        "Sr": 0.12165255045379215,
        "Sr_pval": 0.11189464181573275,
        "Pr": 0.15481429332782293,
        "Pr_pval": 0.042579887991292344,
        "num": 172
    }
}