{
    "log_proba_mt__minus__log_proba_wt vs. -EC50": {
        "Sr": 0.35619043855040866,
        "Sr_pval": 1.6222170600041396e-06,
        "Pr": 0.2911450506651784,
        "Pr_pval": 0.00010672575057265202,
        "num": 172
    },
    "blosum vs. -EC50": {
        "Sr": 0.18178058344066128,
        "Sr_pval": 0.017006615584561586,
        "Pr": 0.21528862756648404,
        "Pr_pval": 0.004564932550419176,
        "num": 172
    },
    "blosum vs. log_proba_mt__minus__log_proba_wt": {
        "Sr": 0.3539504105166975,
        "Sr_pval": 1.9047110430427818e-06,
        "Pr": 0.373030145342073,
        "Pr_pval": 4.663113714738841e-07,
        "num": 172
    },
    "combined_score vs. -EC50": {
        "Sr": 0.36149337700380557,
        "Sr_pval": 1.1038831624885009e-06,
        "Pr": 0.3114421095101653,
        "Pr_pval": 3.201389559321534e-05,
        "num": 172
    }
}