{
    "screenscore": {
        "pearson": [
            0.208952631282743,
            8.52173882363718e-21
        ],
        "spearman": [
            0.18753464509435525,
            5.481733638110191e-17
        ],
        "count": 1962
    }
}