{
    "screenscore": {
        "pearson": [
            0.09152982502516244,
            0.3416019376509988
        ],
        "spearman": [
            0.07464450167094362,
            0.4383296089940213
        ],
        "count": 110
    }
}