{
    "1AMQ": {
        "pearson": [
            -0.5548087080998385,
            0.4451912919001615
        ],
        "spearman": [
            -0.7999999999999999,
            0.20000000000000007
        ],
        "count": 4
    },
    "1BNI": {
        "pearson": [
            -0.6102233442550234,
            0.0267717085770734
        ],
        "spearman": [
            -0.6473853766310926,
            0.016752574250286156
        ],
        "count": 13
    },
    "1CEY": {
        "pearson": [
            0.918554831432472,
            0.2587142858084268
        ],
        "spearman": [
            0.5,
            0.6666666666666667
        ],
        "count": 3
    },
    "1EY0": {
        "pearson": [
            -0.397907791471773,
            0.03599240799861365
        ],
        "spearman": [
            -0.22949478198125903,
            0.24008795347517223
        ],
        "count": 28
    },
    "1IHB": {
        "pearson": [
            -0.5961800569629876,
            0.5933688724640619
        ],
        "spearman": [
            -0.5,
            0.6666666666666667
        ],
        "count": 3
    },
    "1L63": {
        "pearson": [
            -0.7105103670335835,
            2.040194015475026e-19
        ],
        "spearman": [
            -0.7394150389556453,
            1.162345911372833e-21
        ],
        "count": 118
    },
    "1LZ1": {
        "pearson": [
            -0.5868337978122182,
            5.367343354850621e-07
        ],
        "spearman": [
            -0.6058194293842016,
            1.8159712544947159e-07
        ],
        "count": 62
    },
    "1OH0": {
        "pearson": [
            1.0,
            1.0
        ],
        "spearman": [
            0.9999999999999999,
            NaN
        ],
        "count": 2
    },
    "1VQB": {
        "pearson": [
            0.15436640801276139,
            0.8042379787467131
        ],
        "spearman": [
            0.19999999999999998,
            0.747060078104662
        ],
        "count": 5
    },
    "2LZM": {
        "pearson": [
            -0.6518041764333162,
            3.0729807768234714e-09
        ],
        "spearman": [
            -0.6776954007656487,
            4.111764178686315e-10
        ],
        "count": 66
    },
    "2RN2": {
        "pearson": [
            -0.5141459319841761,
            0.029047238974720238
        ],
        "spearman": [
            -0.4171862768312826,
            0.08498569642025329
        ],
        "count": 18
    },
    "3ZCF": {
        "pearson": [
            1.0,
            1.0
        ],
        "spearman": [
            0.9999999999999999,
            NaN
        ],
        "count": 2
    },
    "4BVM": {
        "pearson": [
            0.0039833289923088475,
            0.9949282814194533
        ],
        "spearman": [
            0.3,
            0.6238376647810728
        ],
        "count": 5
    },
    "4LYZ": {
        "pearson": [
            -0.2613588180692283,
            0.36675245261756917
        ],
        "spearman": [
            -0.25856748221140036,
            0.37207795613083416
        ],
        "count": 14
    },
    "5PTI": {
        "pearson": [
            -0.44537689953714227,
            0.4522775939430836
        ],
        "spearman": [
            -0.3,
            0.6238376647810728
        ],
        "count": 5
    },
    "overall": {
        "pearson": [
            -0.6246755451359428,
            1.7274189309445036e-39
        ],
        "spearman": [
            -0.646561919489878,
            4.712820827364085e-43
        ],
        "count": 352
    }
}