{
    "SelectionTwo": {
        "pearson": [
            0.4311130755097242,
            0.0
        ],
        "spearman": [
            0.4754196184873227,
            0.0
        ],
        "count": 8329
    }
}