{
    "MIC_score": {
        "pearson": [
            0.47964686697241843,
            4.8803745778234625e-58
        ],
        "spearman": [
            0.522664709564558,
            1.994894491293819e-70
        ],
        "count": 989
    }
}