{
    "score": {
        "pearson": [
            0.5318763692258176,
            3.9101927773893617e-256
        ],
        "spearman": [
            0.5148006376762332,
            2.491779509217039e-237
        ],
        "count": 3517
    }
}