{
    "score": {
        "pearson": [
            0.5344139380652478,
            5.0665642290006186e-259
        ],
        "spearman": [
            0.5115691147602495,
            6.853327710590855e-234
        ],
        "count": 3517
    }
}