{
    "score": {
        "pearson": [
            0.5457333792891101,
            7.086047376385736e-293
        ],
        "spearman": [
            0.5113586013360732,
            2.1717384047755484e-251
        ],
        "count": 3786
    }
}