{
    "enrichment": {
        "pearson": [
            0.4581923157825381,
            2.2656865882666137e-161
        ],
        "spearman": [
            0.5406227419195281,
            9.196140213918266e-236
        ],
        "count": 3112
    }
}