{
    "enrichment": {
        "pearson": [
            0.4636203684410073,
            1.146772984629259e-165
        ],
        "spearman": [
            0.5429820745164681,
            3.2942430496162446e-238
        ],
        "count": 3112
    }
}