{
    "enrichment": {
        "pearson": [
            0.459276629643466,
            3.293764614313541e-182
        ],
        "spearman": [
            0.561896501604453,
            1.5687315659250024e-290
        ],
        "count": 3500
    }
}