{
    "SelectionTwo": {
        "pearson": [
            0.3842648559647306,
            2.914344117505879e-291
        ],
        "spearman": [
            0.41676409944515674,
            0.0
        ],
        "count": 8329
    }
}