{
    "1BNI": {
        "pearson": [
            -0.0650850220815074,
            0.832696677470601
        ],
        "spearman": [
            -0.16253505200525303,
            0.5957446369052698
        ],
        "count": 13
    },
    "1EY0": {
        "pearson": [
            -0.056018252823460346,
            0.7770783182728479
        ],
        "spearman": [
            0.17800907910240854,
            0.3647990765272947
        ],
        "count": 28
    },
    "1IHB": {
        "pearson": [
            -0.6880967610882182,
            0.5168928977215111
        ],
        "spearman": [
            -0.5,
            0.6666666666666667
        ],
        "count": 3
    },
    "1L63": {
        "pearson": [
            -0.1425422904335823,
            0.12360998392662677
        ],
        "spearman": [
            -0.2429226258219692,
            0.008036054961956971
        ],
        "count": 118
    },
    "1LZ1": {
        "pearson": [
            -0.7348508665071215,
            1.0511034344233645e-11
        ],
        "spearman": [
            -0.5820350706911984,
            6.982676677568809e-07
        ],
        "count": 62
    },
    "1OH0": {
        "pearson": [
            -1.0,
            1.0
        ],
        "spearman": [
            -0.9999999999999999,
            NaN
        ],
        "count": 2
    },
    "1VQB": {
        "pearson": [
            -0.1946689841391602,
            0.7537142587033854
        ],
        "spearman": [
            0.09999999999999999,
            0.8728885715695383
        ],
        "count": 5
    },
    "2LZM": {
        "pearson": [
            -0.4065298222337981,
            0.0007063246399337275
        ],
        "spearman": [
            -0.44647061770275054,
            0.00017156258450751348
        ],
        "count": 66
    },
    "2RN2": {
        "pearson": [
            0.04030953057370468,
            0.8738226277153868
        ],
        "spearman": [
            0.06211210076892545,
            0.8065828621101145
        ],
        "count": 18
    },
    "3ZCF": {
        "pearson": [
            -1.0,
            1.0
        ],
        "spearman": [
            -0.9999999999999999,
            NaN
        ],
        "count": 2
    },
    "4LYZ": {
        "pearson": [
            -0.14736722798728608,
            0.6151410563803396
        ],
        "spearman": [
            -0.19005814931778148,
            0.5151724808787765
        ],
        "count": 14
    },
    "5PTI": {
        "pearson": [
            -0.9703779148049818,
            0.006092817012156574
        ],
        "spearman": [
            -0.8999999999999998,
            0.03738607346849874
        ],
        "count": 5
    },
    "overall": {
        "pearson": [
            -0.15229608780772536,
            0.004952279756299573
        ],
        "spearman": [
            -0.1817841030286382,
            0.0007718478994806357
        ],
        "count": 339
    }
}