{
    "Overall": {
        "all_types_of_mutations": {
            "Pr": 0.2517812090112662,
            "Pr_pval": 2.52668012192436e-83,
            "Sr": 0.2702651658169423,
            "Sr_pval": 3.381602357279426e-96,
            "num": 5713.0
        },
        "single_point_mutations": {
            "Pr": 0.29071376918499403,
            "Pr_pval": 8.700153953335742e-81,
            "Sr": 0.2861396354439753,
            "Sr_pval": 3.2449615901005723e-78,
            "num": 4106.0
        },
        "multi_point_mutations": {
            "Pr": 0.3041664944044882,
            "Pr_pval": 9.52156163979934e-36,
            "Sr": 0.30736941271244467,
            "Sr_pval": 1.664027945385975e-36,
            "num": 1607.0
        }
    },
    "Per-Structure": {
        "all_types_of_mutations": {
            "Pr": 0.28655167564491835,
            "Pr_pval": 2.1519258919972963e-79,
            "Sr": 0.2875622108822119,
            "Sr_pval": 1.9174059374157807e-73,
            "num": 5025.0
        },
        "single_point_mutations": {
            "Pr": 0.3147918328570184,
            "Pr_pval": 1.7718345244184196e-67,
            "Sr": 0.3061978011736313,
            "Sr_pval": 2.0975190327157e-53,
            "num": 3485.0
        },
        "multi_point_mutations": {
            "Pr": 0.3117877240776959,
            "Pr_pval": 2.5153756827783564e-25,
            "Sr": 0.32042177155100887,
            "Sr_pval": 1.4421830346546812e-27,
            "num": 1304.0
        }
    }
}