{
    "fitness": {
        "pearson": [
            0.43000577740074636,
            2.1286512684650046e-69
        ],
        "spearman": [
            0.4076887870733175,
            6.623073919601544e-62
        ],
        "count": 1519
    }
}