{
    "fitness": {
        "pearson": [
            0.42595795275478143,
            5.363834236549264e-68
        ],
        "spearman": [
            0.40401660971685255,
            1.0011031964448583e-60
        ],
        "count": 1519
    }
}