{
    "acetamide_normalized_fitness": {
        "pearson": [
            0.275746682989218,
            5.592532201286303e-116
        ],
        "spearman": [
            0.3784995315873397,
            8.034012552125377e-225
        ],
        "count": 6629
    },
    "isobutyramide_normalized_fitness": {
        "pearson": [
            0.4765755066944134,
            0.0
        ],
        "spearman": [
            0.47758941894548684,
            0.0
        ],
        "count": 6568
    },
    "propionamide_normalized_fitness": {
        "pearson": [
            0.3462374351168646,
            4.313696870902215e-186
        ],
        "spearman": [
            0.3851481857368189,
            1.880016912318692e-233
        ],
        "count": 6631
    }
}