{
    "overall": {
        "pearson": [
            -0.17420850257253787,
            0.0010482438038780574
        ],
        "spearman": [
            -0.20204161099636075,
            0.00013833739237553242
        ],
        "count": 351
    }
}