{
    "1PGA": {
        "pearson": [
            -0.23892329160468015,
            3.06635798543963e-13
        ],
        "spearman": [
            -0.2818859268295601,
            4.982148115596438e-18
        ],
        "count": 907,
        "pearson - filtered rosetta [-1;7]": [
            -0.21812760271855686,
            1.705006940687849e-10
        ],
        "spearman - filtered rosetta [-1;7]": [
            -0.2626393680566738,
            1.0563727886207654e-14
        ],
        "count - filtered rosetta [-1;7]": 839
    },
    "overall": {
        "pearson": [
            -0.23892329160468015,
            3.06635798543963e-13
        ],
        "spearman": [
            -0.2818859268295601,
            4.982148115596438e-18
        ],
        "count": 907,
        "pearson - filtered rosetta [-1;7]": [
            -0.21812760271855686,
            1.705006940687849e-10
        ],
        "spearman - filtered rosetta [-1;7]": [
            -0.2626393680566738,
            1.0563727886207654e-14
        ],
        "count - filtered rosetta [-1;7]": 839
    }
}