{
    "fitness": {
        "pearson": [
            0.2623199008946916,
            5.018012869751623e-25
        ],
        "spearman": [
            0.27345703152987866,
            3.905399229001417e-27
        ],
        "count": 1500
    }
}