{
    "function_score": {
        "pearson": [
            0.4483546940741835,
            8.098193673724881e-73
        ],
        "spearman": [
            0.41411259279773494,
            2.436641081859806e-61
        ],
        "count": 1454
    }
}