{
    "function_score": {
        "pearson": [
            0.4991950047387268,
            1.3586540225876705e-94
        ],
        "spearman": [
            0.4615643104929491,
            2.2014952518732935e-79
        ],
        "count": 1488
    }
}