{
    "screenscore": {
        "pearson": [
            0.37748650253592647,
            1.6196737565422293e-92
        ],
        "spearman": [
            0.4260607743744692,
            5.790572356566901e-120
        ],
        "count": 2710
    }
}