{
    "screenscore": {
        "pearson": [
            0.3527490790766964,
            1.4136141905550935e-80
        ],
        "spearman": [
            0.39244670653643726,
            6.361960695412775e-101
        ],
        "count": 2722
    }
}