{
    "log2_ratio": {
        "pearson": [
            0.24517104603463155,
            8.994767691401376e-14
        ],
        "spearman": [
            0.2410800652579231,
            2.359692629695778e-13
        ],
        "count": 899
    }
}