{
    "log2_ratio": {
        "pearson": [
            0.2731163808034754,
            7.649276710730326e-17
        ],
        "spearman": [
            0.26362996923288706,
            9.275142794785755e-16
        ],
        "count": 899
    }
}