{
    "log_proba_mt__minus__log_proba_wt vs. -EC50": {
        "Sr": -0.0002684852732304637,
        "Sr_pval": 0.9972110196783359,
        "Pr": 0.0003379837030463937,
        "Pr_pval": 0.9964890857027467,
        "num": 172
    },
    "blosum vs. -EC50": {
        "Sr": 0.030896021200542852,
        "Sr_pval": 0.6874345896905518,
        "Pr": 0.0696803331204638,
        "Pr_pval": 0.3637250535318197,
        "num": 172
    },
    "blosum vs. log_proba_mt__minus__log_proba_wt": {
        "Sr": 0.27421810611462316,
        "Sr_pval": 0.0002724876724131254,
        "Pr": 0.2934594438406176,
        "Pr_pval": 9.345112679396724e-05,
        "num": 172
    },
    "combined_score vs. -EC50": {
        "Sr": 0.020978065604644464,
        "Sr_pval": 0.7847389555768742,
        "Pr": 0.0367669953686706,
        "Pr_pval": 0.6320521125747189,
        "num": 172
    }
}