{
    "log_proba_mt__minus__log_proba_wt vs. -EC50": {
        "Sr": -0.030802093153763147,
        "Sr_pval": 0.688335304245052,
        "Pr": -0.0004886703560403952,
        "Pr_pval": 0.9949237973895857,
        "num": 172
    },
    "blosum vs. -EC50": {
        "Sr": 0.34537649184108626,
        "Sr_pval": 3.481831980829148e-06,
        "Pr": 0.3719814016279285,
        "Pr_pval": 5.050107486860724e-07,
        "num": 172
    },
    "blosum vs. log_proba_mt__minus__log_proba_wt": {
        "Sr": 0.4450107924560764,
        "Sr_pval": 9.577344140875163e-10,
        "Pr": 0.46723868325078477,
        "Pr_pval": 1.0369645520859113e-10,
        "num": 172
    },
    "combined_score vs. -EC50": {
        "Sr": 0.18059912238966613,
        "Sr_pval": 0.01774999609946942,
        "Pr": 0.21486813467138682,
        "Pr_pval": 0.004646676876260215,
        "num": 172
    }
}