{
    "log_proba_mt__minus__log_proba_wt vs. -EC50": {
        "Sr": 0.13469750716620896,
        "Sr_pval": 0.07812045720558292,
        "Pr": 0.1279663366283518,
        "Pr_pval": 0.09434499696358196,
        "num": 172
    },
    "blosum vs. -EC50": {
        "Sr": 0.3279589714903336,
        "Sr_pval": 1.1238171101349226e-05,
        "Pr": 0.34282061405933184,
        "Pr_pval": 4.1535708982062115e-06,
        "num": 172
    },
    "blosum vs. log_proba_mt__minus__log_proba_wt": {
        "Sr": 0.3442596557569292,
        "Sr_pval": 3.761565707007506e-06,
        "Pr": 0.36616194849265526,
        "Pr_pval": 7.82039705241504e-07,
        "num": 172
    },
    "combined_score vs. -EC50": {
        "Sr": 0.2636402007919727,
        "Sr_pval": 0.00047508090312399465,
        "Pr": 0.2722024548806341,
        "Pr_pval": 0.0003034658050248652,
        "num": 172
    }
}