{
    "log_proba_mt__minus__log_proba_wt vs. -EC50": {
        "Sr": 0.1941882714724697,
        "Sr_pval": 0.010694365574365516,
        "Pr": 0.21434292761779428,
        "Pr_pval": 0.004750621583370868,
        "num": 172
    },
    "blosum vs. -EC50": {
        "Sr": 0.23942600657826604,
        "Sr_pval": 0.0015599993065044267,
        "Pr": 0.2658310773308903,
        "Pr_pval": 0.00042419947926758357,
        "num": 172
    },
    "blosum vs. log_proba_mt__minus__log_proba_wt": {
        "Sr": 0.4172623774822953,
        "Sr_pval": 1.2384979465820609e-08,
        "Pr": 0.4356882776251215,
        "Pr_pval": 2.3224715631190827e-09,
        "num": 172
    },
    "combined_score vs. -EC50": {
        "Sr": 0.2570290915835469,
        "Sr_pval": 0.0006648181801381816,
        "Pr": 0.28443220076150144,
        "Pr_pval": 0.0001558858243312101,
        "num": 172
    }
}