{
    "log_proba_mt__minus__log_proba_wt vs. -EC50": {
        "Sr": 0.19439479447796162,
        "Sr_pval": 0.010609699263869022,
        "Pr": 0.21560531229157065,
        "Pr_pval": 0.004504223413025301,
        "num": 172
    },
    "blosum vs. -EC50": {
        "Sr": 0.23942600657826604,
        "Sr_pval": 0.0015599993065044267,
        "Pr": 0.2658310773308903,
        "Pr_pval": 0.00042419947926758357,
        "num": 172
    },
    "blosum vs. log_proba_mt__minus__log_proba_wt": {
        "Sr": 0.41597441536137253,
        "Sr_pval": 1.3870595487975787e-08,
        "Pr": 0.43563198778625434,
        "Pr_pval": 2.334737919490237e-09,
        "num": 172
    },
    "combined_score vs. -EC50": {
        "Sr": 0.2571530053868421,
        "Sr_pval": 0.0006606968121149582,
        "Pr": 0.2851546179197719,
        "Pr_pval": 0.0001497258152693835,
        "num": 172
    }
}