{
    "log_proba_mt__minus__log_proba_wt vs. -EC50": {
        "Sr": 0.06497555457623579,
        "Sr_pval": 0.39709100503107186,
        "Pr": 0.0548088633222497,
        "Pr_pval": 0.4751609902327332,
        "num": 172
    },
    "blosum vs. -EC50": {
        "Sr": 0.2817996352455732,
        "Sr_pval": 0.00018039107294154578,
        "Pr": 0.35210964460965455,
        "Pr_pval": 2.171324280629995e-06,
        "num": 172
    },
    "blosum vs. log_proba_mt__minus__log_proba_wt": {
        "Sr": 0.4004754960689962,
        "Sr_pval": 5.225909145972459e-08,
        "Pr": 0.4353824773794965,
        "Pr_pval": 2.3898668767408876e-09,
        "num": 172
    },
    "combined_score vs. -EC50": {
        "Sr": 0.19859067209233927,
        "Sr_pval": 0.009012888486918716,
        "Pr": 0.23449611562177697,
        "Pr_pval": 0.001959839864670302,
        "num": 172
    }
}