{
    "log_proba_mt__minus__log_proba_wt vs. -EC50": {
        "Sr": -0.00042707889974334223,
        "Sr_pval": 0.9955635891912201,
        "Pr": 0.00017009431519228457,
        "Pr_pval": 0.9982330864356989,
        "num": 172
    },
    "blosum vs. -EC50": {
        "Sr": 0.030896021200542852,
        "Sr_pval": 0.6874345896905518,
        "Pr": 0.0696803331204638,
        "Pr_pval": 0.3637250535318197,
        "num": 172
    },
    "blosum vs. log_proba_mt__minus__log_proba_wt": {
        "Sr": 0.27431823722951176,
        "Sr_pval": 0.0002710281733767467,
        "Pr": 0.29336361685266926,
        "Pr_pval": 9.396860157953199e-05,
        "num": 172
    },
    "combined_score vs. -EC50": {
        "Sr": 0.020677112344883803,
        "Sr_pval": 0.7877533237639027,
        "Pr": 0.036657241320999276,
        "Pr_pval": 0.6330701065729784,
        "num": 172
    }
}