{
    "log_proba_mt__minus__log_proba_wt vs. -EC50": {
        "Sr": 0.06497555457623579,
        "Sr_pval": 0.39709100503107186,
        "Pr": 0.05485927810136296,
        "Pr_pval": 0.47475433243197224,
        "num": 172
    },
    "blosum vs. -EC50": {
        "Sr": 0.2817996352455732,
        "Sr_pval": 0.00018039107294154578,
        "Pr": 0.35210964460965455,
        "Pr_pval": 2.171324280629995e-06,
        "num": 172
    },
    "blosum vs. log_proba_mt__minus__log_proba_wt": {
        "Sr": 0.4004754960689962,
        "Sr_pval": 5.225909145972459e-08,
        "Pr": 0.43534861263300073,
        "Pr_pval": 2.3974454049288856e-09,
        "num": 172
    },
    "combined_score vs. -EC50": {
        "Sr": 0.19854101467017968,
        "Sr_pval": 0.009030468072993647,
        "Pr": 0.23452926000200275,
        "Pr_pval": 0.0019568657728583068,
        "num": 172
    }
}