{
    "log_proba_mt__minus__log_proba_wt vs. -EC50": {
        "Sr": -0.0008341775000834872,
        "Sr_pval": 0.9913348543417297,
        "Pr": -4.1918072726078795e-05,
        "Pr_pval": 0.9995645611814737,
        "num": 172
    },
    "blosum vs. -EC50": {
        "Sr": 0.030896021200542852,
        "Sr_pval": 0.6874345896905518,
        "Pr": 0.0696803331204638,
        "Pr_pval": 0.3637250535318197,
        "num": 172
    },
    "blosum vs. log_proba_mt__minus__log_proba_wt": {
        "Sr": 0.2743411588100284,
        "Sr_pval": 0.000270695094260012,
        "Pr": 0.29323482721391564,
        "Pr_pval": 9.466830305719332e-05,
        "num": 172
    },
    "combined_score vs. -EC50": {
        "Sr": 0.02056347439202812,
        "Sr_pval": 0.7888923518746086,
        "Pr": 0.036515162757824376,
        "Pr_pval": 0.634388941253801,
        "num": 172
    }
}