{
    "log_proba_mt__minus__log_proba_wt vs. -EC50": {
        "Sr": 0.2582366284053362,
        "Sr_pval": 0.0006256460398744448,
        "Pr": 0.22265726005319536,
        "Pr_pval": 0.0033271634497332994,
        "num": 172
    },
    "blosum vs. -EC50": {
        "Sr": 0.20164498686541152,
        "Sr_pval": 0.007988165146114301,
        "Pr": 0.26183560923865823,
        "Pr_pval": 0.0005211675796531644,
        "num": 172
    },
    "blosum vs. log_proba_mt__minus__log_proba_wt": {
        "Sr": 0.3996174584264849,
        "Sr_pval": 5.613130162405936e-08,
        "Pr": 0.4266618523475809,
        "Pr_pval": 5.3396235682675775e-09,
        "num": 172
    },
    "combined_score vs. -EC50": {
        "Sr": 0.29438223879443276,
        "Sr_pval": 8.860265161962747e-05,
        "Pr": 0.2841604648509126,
        "Pr_pval": 0.0001582634799461353,
        "num": 172
    }
}