{
    "log_proba_mt__minus__log_proba_wt vs. -EC50": {
        "Sr": 0.13469750716620896,
        "Sr_pval": 0.07812045720558292,
        "Pr": 0.12804259582070743,
        "Pr_pval": 0.09414724318548119,
        "num": 172
    },
    "blosum vs. -EC50": {
        "Sr": 0.3279589714903336,
        "Sr_pval": 1.1238171101349226e-05,
        "Pr": 0.34282061405933184,
        "Pr_pval": 4.1535708982062115e-06,
        "num": 172
    },
    "blosum vs. log_proba_mt__minus__log_proba_wt": {
        "Sr": 0.3442596557569292,
        "Sr_pval": 3.761565707007506e-06,
        "Pr": 0.36620172244684135,
        "Pr_pval": 7.797283187566386e-07,
        "num": 172
    },
    "combined_score vs. -EC50": {
        "Sr": 0.2636280930420454,
        "Sr_pval": 0.00047537714662394993,
        "Pr": 0.2722046764646988,
        "Pr_pval": 0.00030342993123197323,
        "num": 172
    }
}