{
    "log_proba_mt__minus__log_proba_wt vs. -EC50": {
        "Sr": 0.2579319288394374,
        "Sr_pval": 0.0006353244262133689,
        "Pr": 0.22248172379190298,
        "Pr_pval": 0.003352716612870606,
        "num": 172
    },
    "blosum vs. -EC50": {
        "Sr": 0.20164498686541152,
        "Sr_pval": 0.007988165146114301,
        "Pr": 0.26183560923865823,
        "Pr_pval": 0.0005211675796531644,
        "num": 172
    },
    "blosum vs. log_proba_mt__minus__log_proba_wt": {
        "Sr": 0.39978528983834727,
        "Sr_pval": 5.535284892667806e-08,
        "Pr": 0.426645991081304,
        "Pr_pval": 5.347326288706623e-09,
        "num": 172
    },
    "combined_score vs. -EC50": {
        "Sr": 0.2941761919568373,
        "Sr_pval": 8.966436735923144e-05,
        "Pr": 0.28404715272757597,
        "Pr_pval": 0.00015926490495790855,
        "num": 172
    }
}