{
    "log_proba_mt__minus__log_proba_wt vs. -EC50": {
        "Sr": -0.031614146126638425,
        "Sr_pval": 0.6805628007036049,
        "Pr": -0.0009279771530091643,
        "Pr_pval": 0.9903605407920746,
        "num": 172
    },
    "blosum vs. -EC50": {
        "Sr": 0.34537649184108626,
        "Sr_pval": 3.481831980829148e-06,
        "Pr": 0.3719814016279285,
        "Pr_pval": 5.050107486860724e-07,
        "num": 172
    },
    "blosum vs. log_proba_mt__minus__log_proba_wt": {
        "Sr": 0.4437047579012772,
        "Sr_pval": 1.0860324583818248e-09,
        "Pr": 0.46659035058478177,
        "Pr_pval": 1.1089653647681574e-10,
        "num": 172
    },
    "combined_score vs. -EC50": {
        "Sr": 0.18097111072754013,
        "Sr_pval": 0.017512952437637563,
        "Pr": 0.2151183735796544,
        "Pr_pval": 0.00459787330977898,
        "num": 172
    }
}