{
    "log_proba_mt__minus__log_proba_wt vs. -EC50": {
        "Sr": 0.19639983782842305,
        "Sr_pval": 0.009817934951767431,
        "Pr": 0.21555096361214965,
        "Pr_pval": 0.004514590357771249,
        "num": 172
    },
    "blosum vs. -EC50": {
        "Sr": 0.23942600657826604,
        "Sr_pval": 0.0015599993065044267,
        "Pr": 0.2658310773308903,
        "Pr_pval": 0.00042419947926758357,
        "num": 172
    },
    "blosum vs. log_proba_mt__minus__log_proba_wt": {
        "Sr": 0.415322602912898,
        "Sr_pval": 1.4686401362565965e-08,
        "Pr": 0.43481304332747395,
        "Pr_pval": 2.5204289391174686e-09,
        "num": 172
    },
    "combined_score vs. -EC50": {
        "Sr": 0.2585184174860086,
        "Sr_pval": 0.0006168165609132856,
        "Pr": 0.28518978298201053,
        "Pr_pval": 0.00014943184131387135,
        "num": 172
    }
}