{
    "log_proba_mt__minus__log_proba_wt vs. -EC50": {
        "Sr": 0.28118721584292894,
        "Sr_pval": 0.00018658477159242832,
        "Pr": 0.20019329514515016,
        "Pr_pval": 0.008461553705078777,
        "num": 172
    },
    "blosum vs. -EC50": {
        "Sr": 0.18178058344066128,
        "Sr_pval": 0.017006615584561586,
        "Pr": 0.21528862756648404,
        "Pr_pval": 0.004564932550419176,
        "num": 172
    },
    "blosum vs. log_proba_mt__minus__log_proba_wt": {
        "Sr": 0.420423723816508,
        "Sr_pval": 9.359486997351112e-09,
        "Pr": 0.4315366833562093,
        "Pr_pval": 3.4163549732071642e-09,
        "num": 172
    },
    "combined_score vs. -EC50": {
        "Sr": 0.29144126786151514,
        "Sr_pval": 0.00010493339476526263,
        "Pr": 0.2440088431991016,
        "Pr_pval": 0.0012566002966678503,
        "num": 172
    }
}