{
    "log_proba_mt__minus__log_proba_wt vs. -EC50": {
        "Sr": 0.06497555457623579,
        "Sr_pval": 0.39709100503107186,
        "Pr": 0.05481075632685953,
        "Pr_pval": 0.4751457173770611,
        "num": 172
    },
    "blosum vs. -EC50": {
        "Sr": 0.2817996352455732,
        "Sr_pval": 0.00018039107294154578,
        "Pr": 0.35210964460965455,
        "Pr_pval": 2.171324280629995e-06,
        "num": 172
    },
    "blosum vs. log_proba_mt__minus__log_proba_wt": {
        "Sr": 0.4004754960689962,
        "Sr_pval": 5.225909145972459e-08,
        "Pr": 0.4353872050971409,
        "Pr_pval": 2.3888107109538863e-09,
        "num": 172
    },
    "combined_score vs. -EC50": {
        "Sr": 0.19881058353333167,
        "Sr_pval": 0.008935399579906968,
        "Pr": 0.23449775012786006,
        "Pr_pval": 0.0019596931017887343,
        "num": 172
    }
}