{
    "log_proba_mt__minus__log_proba_wt vs. -EC50": {
        "Sr": -0.03483561375855382,
        "Sr_pval": 0.6500655437031946,
        "Pr": -0.004540362736906937,
        "Pr_pval": 0.9528625828175147,
        "num": 172
    },
    "blosum vs. -EC50": {
        "Sr": 0.34537649184108626,
        "Sr_pval": 3.481831980829148e-06,
        "Pr": 0.3719814016279285,
        "Pr_pval": 5.050107486860724e-07,
        "num": 172
    },
    "blosum vs. log_proba_mt__minus__log_proba_wt": {
        "Sr": 0.44076979463975446,
        "Sr_pval": 1.4377952251641884e-09,
        "Pr": 0.459551028482938,
        "Pr_pval": 2.2780282219986823e-10,
        "num": 172
    },
    "combined_score vs. -EC50": {
        "Sr": 0.18062586664925182,
        "Sr_pval": 0.01773286125031714,
        "Pr": 0.21792248837700706,
        "Pr_pval": 0.004081627809580644,
        "num": 172
    }
}