{
    "overall": {
        "pearson": [
            -0.22646495869421712,
            1.789910001307599e-05
        ],
        "spearman": [
            -0.2744723985015748,
            1.6762906489400306e-07
        ],
        "count": 352
    }
}