{
    "fitness_min": {
        "pearson": [
            0.41824444940287453,
            3.1313296781168886e-61
        ],
        "spearman": [
            0.21854059688400027,
            8.162256776067476e-17
        ],
        "count": 1420
    },
    "fitness_rich": {
        "pearson": [
            0.41613546781454885,
            1.4253461812497013e-60
        ],
        "spearman": [
            0.2999746067629271,
            6.477438615161587e-31
        ],
        "count": 1420
    }
}