{
    "fitness_min": {
        "pearson": [
            0.4802754280468956,
            6.528795551505933e-84
        ],
        "spearman": [
            0.2712820864872,
            1.078405224758422e-25
        ],
        "count": 1439
    },
    "fitness_rich": {
        "pearson": [
            0.4726759731610236,
            5.562637187290389e-81
        ],
        "spearman": [
            0.34676984578160536,
            6.357592170411213e-42
        ],
        "count": 1439
    }
}