{
    "SelectionOne": {
        "pearson": [
            0.3875929418369196,
            1.674882799442111e-282
        ],
        "spearman": [
            0.3309932080557333,
            5.589712682737091e-202
        ],
        "count": 7927
    }
}