{
    "SelectionOne": {
        "pearson": [
            0.38827491850499296,
            1.5127756823961822e-288
        ],
        "spearman": [
            0.34648642272504304,
            2.6900314933141527e-226
        ],
        "count": 8067
    }
}