{
    "SelectionOne": {
        "pearson": [
            0.38805651567132615,
            3.3855766442642205e-288
        ],
        "spearman": [
            0.3461442194271286,
            7.977119787129469e-226
        ],
        "count": 8067
    }
}