{
    "react_rel": {
        "pearson": [
            0.3787032572708764,
            3.7434394809280137e-50
        ],
        "spearman": [
            0.3923016565397391,
            5.31986298892677e-54
        ],
        "count": 1435
    }
}