{
    "react_rel": {
        "pearson": [
            0.37824627592200677,
            5.005235709236485e-50
        ],
        "spearman": [
            0.3775293280189207,
            7.887474323674306e-50
        ],
        "count": 1435
    }
}