{
    "CRIPT": {
        "pearson": [
            0.4898971822040119,
            7.172985834635156e-101
        ],
        "spearman": [
            0.4294240622876126,
            2.0645913148392964e-75
        ],
        "count": 1659
    },
    "Tm2F": {
        "pearson": [
            0.36316407527029504,
            6.924055103849087e-53
        ],
        "spearman": [
            0.29017992180094365,
            1.5026226056133583e-33
        ],
        "count": 1659
    }
}