{
    "Caffeine": {
        "pearson": [
            0.301931960985175,
            1.480991983721235e-28
        ],
        "spearman": [
            0.2930124739493458,
            6.443646129327284e-27
        ],
        "count": 1288
    },
    "DMSO": {
        "pearson": [
            0.25801448885017864,
            1.4083167294458129e-21
        ],
        "spearman": [
            0.22681749860417674,
            6.571772670427443e-17
        ],
        "count": 1324
    },
    "DTT": {
        "pearson": [
            0.27102028984485776,
            4.710664373740519e-23
        ],
        "spearman": [
            0.2578882276313022,
            5.932610832451237e-21
        ],
        "count": 1284
    },
    "HU": {
        "pearson": [
            0.23798066729988332,
            7.529710492548876e-18
        ],
        "spearman": [
            0.16729197765102743,
            1.909359951279547e-09
        ],
        "count": 1273
    },
    "MG132": {
        "pearson": [
            0.2726674903289641,
            1.2474985263286048e-22
        ],
        "spearman": [
            0.220253520197805,
            4.025396769592635e-15
        ],
        "count": 1243
    }
}