{
    "Caffeine": {
        "pearson": [
            0.3186968543399025,
            8.550932779042649e-32
        ],
        "spearman": [
            0.30260295822925026,
            1.109017329157621e-28
        ],
        "count": 1288
    },
    "DMSO": {
        "pearson": [
            0.2901792019842988,
            4.207819106362222e-27
        ],
        "spearman": [
            0.2542023310506774,
            5.687466568448406e-21
        ],
        "count": 1324
    },
    "DTT": {
        "pearson": [
            0.30477314037339687,
            5.269212913379552e-29
        ],
        "spearman": [
            0.29166802347827564,
            1.3458899537662583e-26
        ],
        "count": 1284
    },
    "HU": {
        "pearson": [
            0.2878999832630956,
            1.0156529633249274e-25
        ],
        "spearman": [
            0.23463336360561393,
            2.214166019498026e-17
        ],
        "count": 1273
    },
    "MG132": {
        "pearson": [
            0.32172460339201103,
            2.5115648827541687e-31
        ],
        "spearman": [
            0.2550349516444139,
            6.603026010044539e-20
        ],
        "count": 1243
    }
}