{
    "Caffeine": {
        "pearson": [
            0.2829968846752287,
            3.8085134547618215e-25
        ],
        "spearman": [
            0.2660279398893225,
            2.6360893516107194e-22
        ],
        "count": 1288
    },
    "DMSO": {
        "pearson": [
            0.25212893754416404,
            1.2033906411938939e-20
        ],
        "spearman": [
            0.2157354027600656,
            2.085688829302631e-15
        ],
        "count": 1324
    },
    "DTT": {
        "pearson": [
            0.2646276130412549,
            5.130398494012736e-22
        ],
        "spearman": [
            0.2465137407098364,
            3.1485016760214925e-19
        ],
        "count": 1284
    },
    "HU": {
        "pearson": [
            0.23167657552160692,
            5.662134478361381e-17
        ],
        "spearman": [
            0.15876991037795224,
            1.2310569612218735e-08
        ],
        "count": 1273
    },
    "MG132": {
        "pearson": [
            0.2620122044064866,
            5.840897377973559e-21
        ],
        "spearman": [
            0.20140486880483605,
            7.655067621748818e-13
        ],
        "count": 1243
    }
}