{
    "2LZM": {
        "pearson": [
            -0.8521656736196119,
            3.1473959847301783e-10
        ],
        "spearman": [
            -0.848206430689452,
            4.605938915641726e-10
        ],
        "count": 33
    }
}