{
    "2LZM": {
        "pearson": [
            -0.838515052228137,
            1.1197850931434565e-09
        ],
        "spearman": [
            -0.8140841447772754,
            8.302545347270158e-09
        ],
        "count": 33
    }
}