{
    "SelectionOne": {
        "pearson": [
            0.4086233860320416,
            8.959402e-317
        ],
        "spearman": [
            0.3304293071857823,
            2.9430722464472866e-201
        ],
        "count": 7927
    }
}