{
    "SelectionOne": {
        "pearson": [
            0.39111720330981187,
            4.0030090664709534e-293
        ],
        "spearman": [
            0.34150012237476357,
            1.779287238725417e-219
        ],
        "count": 8067
    }
}