{
    "SelectionOne": {
        "pearson": [
            0.39140990931666125,
            1.3440620392765315e-293
        ],
        "spearman": [
            0.34205981435202937,
            3.096726672578436e-220
        ],
        "count": 8067
    }
}