{
    "1AMQ": {
        "pearson": [
            -0.5194514101943954,
            0.48054858980560455
        ],
        "spearman": [
            -0.7999999999999999,
            0.20000000000000007
        ],
        "count": 4
    },
    "1BNI": {
        "pearson": [
            -0.5053277385974617,
            0.07814773019966799
        ],
        "spearman": [
            -0.4986244815754373,
            0.08284329783821381
        ],
        "count": 13
    },
    "1CEY": {
        "pearson": [
            0.6765488437124987,
            0.526949526545643
        ],
        "spearman": [
            0.5,
            0.6666666666666667
        ],
        "count": 3
    },
    "1EY0": {
        "pearson": [
            0.10273818352333486,
            0.6029006683403653
        ],
        "spearman": [
            0.12214161427642188,
            0.5358036266541013
        ],
        "count": 28
    },
    "1IHB": {
        "pearson": [
            -0.8189554842192919,
            0.38910700005087834
        ],
        "spearman": [
            -1.0,
            0.0
        ],
        "count": 3
    },
    "1L63": {
        "pearson": [
            -0.4663237430317383,
            1.0260352850109493e-07
        ],
        "spearman": [
            -0.4574479492766624,
            1.9119572674243203e-07
        ],
        "count": 118
    },
    "1LZ1": {
        "pearson": [
            -0.41583283106673585,
            0.0007759129341874195
        ],
        "spearman": [
            -0.4516503272828456,
            0.00022896924101011351
        ],
        "count": 62
    },
    "1OH0": {
        "pearson": [
            -1.0,
            1.0
        ],
        "spearman": [
            -0.9999999999999999,
            NaN
        ],
        "count": 2
    },
    "1VQB": {
        "pearson": [
            0.4299895827143564,
            0.4698928344641068
        ],
        "spearman": [
            0.19999999999999998,
            0.747060078104662
        ],
        "count": 5
    },
    "2LZM": {
        "pearson": [
            -0.3457012044092848,
            0.004468371314809785
        ],
        "spearman": [
            -0.3497196515647791,
            0.003997731028691301
        ],
        "count": 66
    },
    "2RN2": {
        "pearson": [
            -0.017245277889228444,
            0.9458513689395791
        ],
        "spearman": [
            0.04451367221772991,
            0.860778401135773
        ],
        "count": 18
    },
    "3ZCF": {
        "pearson": [
            -1.0,
            1.0
        ],
        "spearman": [
            -0.9999999999999999,
            NaN
        ],
        "count": 2
    },
    "4BVM": {
        "pearson": [
            0.6695201651137458,
            0.21639866799960178
        ],
        "spearman": [
            0.3,
            0.6238376647810728
        ],
        "count": 5
    },
    "4LYZ": {
        "pearson": [
            -0.12229542784330062,
            0.6770481773415926
        ],
        "spearman": [
            -0.19889806323953874,
            0.49543876166584
        ],
        "count": 14
    },
    "5PTI": {
        "pearson": [
            -0.3334266108546313,
            0.5834708411746009
        ],
        "spearman": [
            -0.6,
            0.28475697986529375
        ],
        "count": 5
    },
    "overall": {
        "pearson": [
            -0.304979960673179,
            5.178829414077433e-09
        ],
        "spearman": [
            -0.31529679907170016,
            1.4534776578998018e-09
        ],
        "count": 352
    }
}