{
    "NONSEL_24h": {
        "pearson": [
            -0.3146713306463979,
            2.4249495674500063e-26
        ],
        "spearman": [
            -0.3093568461067748,
            1.79973260586253e-25
        ],
        "count": 1084
    },
    "SEL_A_24h": {
        "pearson": [
            0.3116532294496308,
            7.607492818019584e-26
        ],
        "spearman": [
            0.3569272833651622,
            6.47525277684439e-34
        ],
        "count": 1084
    },
    "SEL_A_40h": {
        "pearson": [
            0.29213412129852445,
            9.033151543392208e-23
        ],
        "spearman": [
            0.35990989607515667,
            1.703354652569689e-34
        ],
        "count": 1084
    },
    "SEL_B_40h": {
        "pearson": [
            0.2873086523149258,
            4.787088860514577e-22
        ],
        "spearman": [
            0.34055495171923783,
            7.693886213711681e-31
        ],
        "count": 1084
    },
    "SEL_C_40h": {
        "pearson": [
            0.29092791646830407,
            1.374637667729422e-22
        ],
        "spearman": [
            0.33130212987342156,
            3.5023820524653687e-29
        ],
        "count": 1084
    },
    "SEL_C_64h": {
        "pearson": [
            0.2626110055605681,
            1.4821395570945705e-18
        ],
        "spearman": [
            0.31083140861572794,
            1.036227383580166e-25
        ],
        "count": 1084
    }
}