{
    "CRIPT": {
        "pearson": [
            0.24660071515349813,
            2.0978505277368844e-24
        ],
        "spearman": [
            0.252667754213044,
            1.4095024293966757e-25
        ],
        "count": 1659
    },
    "Tm2F": {
        "pearson": [
            0.1836482723349845,
            4.746380262983638e-14
        ],
        "spearman": [
            0.15009386865624738,
            8.063509029041922e-10
        ],
        "count": 1659
    }
}