{
    "screenscore": {
        "pearson": [
            0.5227842191881971,
            9.097217233423154e-101
        ],
        "spearman": [
            0.5404731696408874,
            6.947969600531788e-109
        ],
        "count": 1425
    }
}