{
    "screenscore": {
        "pearson": [
            0.482912289392335,
            7.229016511698776e-106
        ],
        "spearman": [
            0.4968343751788101,
            6.842550118155895e-113
        ],
        "count": 1801
    }
}