{
    "screenscore": {
        "pearson": [
            0.3601426334160851,
            2.701566886226395e-24
        ],
        "spearman": [
            0.3538473569646388,
            1.8727368481198218e-23
        ],
        "count": 747
    }
}