{
    "ETP_AVERAGE": {
        "pearson": [
            0.11983114950765565,
            3.3392518611950086e-23
        ],
        "spearman": [
            0.12867248044558244,
            1.5657463472615234e-26
        ],
        "count": 6809
    },
    "DOX_Average": {
        "pearson": [
            -0.047342419018799306,
            9.305848266459479e-05
        ],
        "spearman": [
            -0.05847509449367508,
            1.3762366117112023e-06
        ],
        "count": 6809
    },
    "SCH_Average": {
        "pearson": [
            0.12997702386231125,
            4.821517656483701e-27
        ],
        "spearman": [
            0.1200983633906197,
            2.670243342153607e-23
        ],
        "count": 6809
    },
    "VRT_AVERAGE": {
        "pearson": [
            0.1372759824750649,
            5.297186856541865e-30
        ],
        "spearman": [
            0.14157283681218236,
            8.029557880788366e-32
        ],
        "count": 6809
    }
}