{
    "ETP_AVERAGE": {
        "pearson": [
            0.13454977280795044,
            1.356423747738078e-27
        ],
        "spearman": [
            0.13936786673269935,
            1.6712417990247186e-29
        ],
        "count": 6488
    },
    "DOX_Average": {
        "pearson": [
            -0.03891985732542558,
            0.001715583229515825
        ],
        "spearman": [
            -0.057418186843926404,
            3.694742282898912e-06
        ],
        "count": 6488
    },
    "SCH_Average": {
        "pearson": [
            0.1459158474328371,
            3.2941946700238523e-32
        ],
        "spearman": [
            0.14133706224989911,
            2.6477209954487067e-30
        ],
        "count": 6488
    },
    "VRT_AVERAGE": {
        "pearson": [
            0.14920139018967432,
            1.2947357785728099e-33
        ],
        "spearman": [
            0.15768652736640035,
            2.150113406055976e-37
        ],
        "count": 6488
    }
}