{
    "selection_coefficient": {
        "pearson": [
            0.1657608689221898,
            2.846334870043338e-09
        ],
        "spearman": [
            0.2549386020729263,
            2.8200129155406576e-20
        ],
        "count": 1269
    }
}