{
    "selection_coefficient": {
        "pearson": [
            0.13286854730321257,
            2.0383143960355688e-06
        ],
        "spearman": [
            0.22555132766930944,
            4.2257136286905406e-16
        ],
        "count": 1269
    }
}