{
    "Overall": {
        "all_types_of_mutations": {
            "Pr": 0.14070400981750195,
            "Pr_pval": 0.006711376317242486,
            "Sr": 0.14123046237720588,
            "Sr_pval": 0.006506867918043972,
            "num": 370.0
        },
        "single_point_mutations": {
            "Pr": 0.17014321517230507,
            "Pr_pval": 0.006051198118840245,
            "Sr": 0.1997347181844504,
            "Sr_pval": 0.0012314188287822442,
            "num": 259.0
        },
        "multi_point_mutations": {
            "Pr": 0.1404830700800721,
            "Pr_pval": 0.14139121453994985,
            "Sr": 0.1251968953499262,
            "Sr_pval": 0.1904471279616045,
            "num": 111.0
        }
    },
    "Per-Structure": {
        "all_types_of_mutations": {
            "Pr": 0.26779552656568273,
            "Pr_pval": 0.015281304359551936,
            "Sr": 0.2501226947446041,
            "Sr_pval": 0.022212760685310147,
            "num": 266.0
        },
        "single_point_mutations": {
            "Pr": 0.32039651456973345,
            "Pr_pval": 0.004813733866934125,
            "Sr": 0.3154553263203191,
            "Sr_pval": 0.009816030602808768,
            "num": 180.0
        },
        "multi_point_mutations": {
            "Pr": -0.13412676314806699,
            "Pr_pval": 0.3420408803446785,
            "Sr": -0.04473351031581742,
            "Sr_pval": 0.575223461006494,
            "num": 79.0
        }
    }
}