{
    "Overall": {
        "all_types_of_mutations": {
            "Pr": 0.23002215151963612,
            "Pr_pval": 7.834080793323535e-06,
            "Sr": 0.21805359733982438,
            "Sr_pval": 2.3247348511969415e-05,
            "num": 370.0
        },
        "single_point_mutations": {
            "Pr": 0.12959597829484795,
            "Pr_pval": 0.03712748287707184,
            "Sr": 0.11475698340122213,
            "Sr_pval": 0.06518282840571032,
            "num": 259.0
        },
        "multi_point_mutations": {
            "Pr": 0.4858925227349616,
            "Pr_pval": 6.450310480565417e-08,
            "Sr": 0.4473329737019355,
            "Sr_pval": 8.558380022128817e-07,
            "num": 111.0
        }
    },
    "Per-Structure": {
        "all_types_of_mutations": {
            "Pr": 0.13067820135564842,
            "Pr_pval": 0.017931889053921513,
            "Sr": 0.10853420064993795,
            "Sr_pval": 0.0011074378135297362,
            "num": 266.0
        },
        "single_point_mutations": {
            "Pr": 0.12124715234268503,
            "Pr_pval": 0.48987644068376257,
            "Sr": 0.156093332125761,
            "Sr_pval": 0.34965531887622453,
            "num": 180.0
        },
        "multi_point_mutations": {
            "Pr": 0.03767797590531874,
            "Pr_pval": 4.265816601014412e-08,
            "Sr": 0.04543743526476568,
            "Sr_pval": 9.920339197447873e-09,
            "num": 79.0
        }
    }
}