{
    "NONSEL_24h": {
        "pearson": [
            -0.2874352761905078,
            4.58401437620928e-22
        ],
        "spearman": [
            -0.2967372954207301,
            1.7858558327367054e-23
        ],
        "count": 1084
    },
    "SEL_A_24h": {
        "pearson": [
            0.37212123789425,
            6.19046289381546e-37
        ],
        "spearman": [
            0.3407806225666643,
            6.998317098642846e-31
        ],
        "count": 1084
    },
    "SEL_A_40h": {
        "pearson": [
            0.3576165681836452,
            4.761877176734939e-34
        ],
        "spearman": [
            0.33580644289231626,
            5.548837815594153e-30
        ],
        "count": 1084
    },
    "SEL_B_40h": {
        "pearson": [
            0.3139670164459506,
            3.170227126156543e-26
        ],
        "spearman": [
            0.3040368234519085,
            1.2850818183875367e-24
        ],
        "count": 1084
    },
    "SEL_C_40h": {
        "pearson": [
            0.3043060204569804,
            1.164538934979662e-24
        ],
        "spearman": [
            0.3020338639367419,
            2.665659442096718e-24
        ],
        "count": 1084
    },
    "SEL_C_64h": {
        "pearson": [
            0.28551633020195955,
            8.820865022188464e-22
        ],
        "spearman": [
            0.27897273591555555,
            7.913320222378901e-21
        ],
        "count": 1084
    }
}