{
    "acetamide_normalized_fitness": {
        "pearson": [
            0.29379328425663465,
            9.898486931221307e-132
        ],
        "spearman": [
            0.4258912366277454,
            1.5153642969987573e-289
        ],
        "count": 6610
    },
    "isobutyramide_normalized_fitness": {
        "pearson": [
            0.46150555561878226,
            0.0
        ],
        "spearman": [
            0.4748713603150661,
            0.0
        ],
        "count": 6548
    },
    "propionamide_normalized_fitness": {
        "pearson": [
            0.36988167593290733,
            1.918224215861352e-213
        ],
        "spearman": [
            0.42862530836555934,
            1.0779125578512102e-293
        ],
        "count": 6611
    }
}