{
    "acetamide_normalized_fitness": {
        "pearson": [
            0.2812443162546454,
            9.162319703989411e-121
        ],
        "spearman": [
            0.4095609434360814,
            1.4341820705513369e-266
        ],
        "count": 6629
    },
    "isobutyramide_normalized_fitness": {
        "pearson": [
            0.44767230073205344,
            2.846e-321
        ],
        "spearman": [
            0.46165568880319335,
            0.0
        ],
        "count": 6568
    },
    "propionamide_normalized_fitness": {
        "pearson": [
            0.3569085481970774,
            1.9818629544307496e-198
        ],
        "spearman": [
            0.41404819189522957,
            4.631512980045752e-273
        ],
        "count": 6631
    }
}