{
    "SelectionOne": {
        "pearson": [
            0.3526594976529366,
            6.477371175008618e-235
        ],
        "spearman": [
            0.3605999907830389,
            2.7384044215330466e-246
        ],
        "count": 8067
    }
}