{
    "SelectionOne": {
        "pearson": [
            0.35991399868444585,
            4.511683004885356e-241
        ],
        "spearman": [
            0.3503847825742425,
            9.899803422488424e-228
        ],
        "count": 7927
    }
}