{
    "acetamide_normalized_fitness": {
        "pearson": [
            0.23705440922467408,
            2.443732055270568e-85
        ],
        "spearman": [
            0.35736710100964614,
            6.539159362331618e-199
        ],
        "count": 6629
    },
    "isobutyramide_normalized_fitness": {
        "pearson": [
            0.39754805338505567,
            1.3117452257944903e-247
        ],
        "spearman": [
            0.4349053736225922,
            2.6253680368923193e-301
        ],
        "count": 6568
    },
    "propionamide_normalized_fitness": {
        "pearson": [
            0.32827012430529223,
            2.2076506368850227e-166
        ],
        "spearman": [
            0.37623789266327934,
            5.0748284667187886e-222
        ],
        "count": 6631
    }
}