{
    "acetamide_normalized_fitness": {
        "pearson": [
            0.23388267674022906,
            7.98422146167029e-83
        ],
        "spearman": [
            0.35649952031924725,
            2.508233616781747e-197
        ],
        "count": 6610
    },
    "isobutyramide_normalized_fitness": {
        "pearson": [
            0.3971264343864529,
            2.7015952002332664e-246
        ],
        "spearman": [
            0.43277279736765567,
            3.737714861705023e-297
        ],
        "count": 6548
    },
    "propionamide_normalized_fitness": {
        "pearson": [
            0.33015845243041875,
            6.8557635601168225e-168
        ],
        "spearman": [
            0.3783031058047161,
            5.74256938328074e-224
        ],
        "count": 6611
    }
}