{
    "acetamide_normalized_fitness": {
        "pearson": [
            0.23475099569490235,
            1.9178412366535462e-83
        ],
        "spearman": [
            0.35724123949019443,
            3.372639442584531e-198
        ],
        "count": 6610
    },
    "isobutyramide_normalized_fitness": {
        "pearson": [
            0.397187815344316,
            2.234965816406031e-246
        ],
        "spearman": [
            0.43295183558793204,
            2.001271451032793e-297
        ],
        "count": 6548
    },
    "propionamide_normalized_fitness": {
        "pearson": [
            0.3310683937566002,
            7.335241267389994e-169
        ],
        "spearman": [
            0.37917040878625047,
            4.543677342175179e-225
        ],
        "count": 6611
    }
}