{
    "acetamide_normalized_fitness": {
        "pearson": [
            0.23760269373064075,
            9.776826747824917e-86
        ],
        "spearman": [
            0.3578573577764352,
            1.7232440993451843e-199
        ],
        "count": 6629
    },
    "isobutyramide_normalized_fitness": {
        "pearson": [
            0.39827759590095574,
            1.3599788404930188e-248
        ],
        "spearman": [
            0.4354099525191483,
            4.428961945815905e-302
        ],
        "count": 6568
    },
    "propionamide_normalized_fitness": {
        "pearson": [
            0.3286495200409887,
            8.735372715217047e-167
        ],
        "spearman": [
            0.37668818861252656,
            1.3686044356098867e-222
        ],
        "count": 6631
    }
}