{
    "fitness": {
        "pearson": [
            0.39982883702820615,
            2.1258503927365935e-59
        ],
        "spearman": [
            0.380640187643985,
            1.4758409076449866e-53
        ],
        "count": 1519
    }
}