{
    "fitness": {
        "pearson": [
            0.4318143318534331,
            4.963402427112714e-70
        ],
        "spearman": [
            0.4066734923216989,
            1.4080887324589544e-61
        ],
        "count": 1519
    }
}