{
    "Overall": {
        "all_types_of_mutations": {
            "Pr": -0.2715498754964515,
            "Pr_pval": 2.5828342290224913e-97,
            "Sr": -0.27623306225613364,
            "Sr_pval": 9.091991453918038e-101,
            "num": 5724.0,
            "num_struc": 333.0
        },
        "single_point_mutations": {
            "Pr": -0.3289126723370963,
            "Pr_pval": 1.7525475337495076e-104,
            "Sr": -0.2976603170681734,
            "Sr_pval": 5.005144648852625e-85,
            "num": 4118.0,
            "num_struc": 310.0
        },
        "multi_point_mutations": {
            "Pr": -0.27451042770796336,
            "Pr_pval": 3.7072979093206846e-29,
            "Sr": -0.30101001564588337,
            "Sr_pval": 5.454986370976895e-35,
            "num": 1606.0,
            "num_struc": 143.0
        }
    },
    "Per-Structure": {
        "all_types_of_mutations": {
            "Pr": -0.24579137819666544,
            "Pr_pval": 4.840774595383044e-58,
            "Sr": -0.2411947142591859,
            "Sr_pval": 2.4111211511262237e-64,
            "num": 5023.0,
            "num_struc": 116.0
        },
        "single_point_mutations": {
            "Pr": -0.2986379780596054,
            "Pr_pval": 1.1441298737582291e-51,
            "Sr": -0.28678564590501243,
            "Sr_pval": 1.0801682260510596e-51,
            "num": 3485.0,
            "num_struc": 93.0
        },
        "multi_point_mutations": {
            "Pr": -0.28424630941731,
            "Pr_pval": 2.5474347505228027e-25,
            "Sr": -0.22509785593369405,
            "Sr_pval": 2.0023559553666935e-21,
            "num": 1302.0,
            "num_struc": 41.0
        }
    }
}