{
    "Overall": {
        "all_types_of_mutations": {
            "Pr": -0.27114718564995166,
            "Pr_pval": 4.70563700659037e-97,
            "Sr": -0.2758565805016849,
            "Sr_pval": 1.600890065428623e-100,
            "num": 5726.0,
            "num_struc": 333.0
        },
        "single_point_mutations": {
            "Pr": -0.3288852391299638,
            "Pr_pval": 1.8272201860853916e-104,
            "Sr": -0.297731918267456,
            "Sr_pval": 4.5446993585702906e-85,
            "num": 4118.0,
            "num_struc": 310.0
        },
        "multi_point_mutations": {
            "Pr": -0.2735351876166605,
            "Pr_pval": 5.467780743196984e-29,
            "Sr": -0.2994982908742632,
            "Sr_pval": 1.1101727705745577e-34,
            "num": 1608.0,
            "num_struc": 143.0
        }
    },
    "Per-Structure": {
        "all_types_of_mutations": {
            "Pr": -0.24482463859402367,
            "Pr_std": 0.2715863961048022,
            "Pr_pval": 1.0174585718892099e-57,
            "Sr": -0.24222256341792203,
            "Sr_std": 0.2913119131468509,
            "Sr_pval": 2.7680215943672353e-65,
            "num": 5025.0,
            "num_struc": 116.0
        },
        "single_point_mutations": {
            "Pr": -0.2978590077182491,
            "Pr_std": 0.2494788646096462,
            "Pr_pval": 2.2175829742100467e-51,
            "Sr": -0.289620870102753,
            "Sr_std": 0.26728082140510684,
            "Sr_pval": 2.3042301958210228e-52,
            "num": 3485.0,
            "num_struc": 93.0
        },
        "multi_point_mutations": {
            "Pr": -0.28436518333521504,
            "Pr_std": 0.2889111248422626,
            "Pr_pval": 1.0694400567077294e-25,
            "Sr": -0.22357628970162657,
            "Sr_std": 0.3155446756524661,
            "Sr_pval": 8.486880457687094e-22,
            "num": 1304.0,
            "num_struc": 41.0
        }
    }
}