{
    "Ami11_avg": {
        "pearson": [
            0.22616972620738401,
            8.547087081689363e-60
        ],
        "spearman": [
            0.16857240936356566,
            1.2791181548495558e-33
        ],
        "count": 5068
    },
    "Ami12_avg": {
        "pearson": [
            0.32455403885306355,
            1.0366664920623134e-120
        ],
        "spearman": [
            0.38605718446552867,
            4.0413488380323943e-174
        ],
        "count": 4906
    },
    "Ami14_avg": {
        "pearson": [
            0.30088710678383584,
            1.7606062814789927e-102
        ],
        "spearman": [
            0.34216196519074765,
            7.499781335159202e-134
        ],
        "count": 4871
    },
    "Ami18_avg": {
        "pearson": [
            0.01974067489270188,
            0.15948966020226651
        ],
        "spearman": [
            0.03408257474011001,
            0.015127449260646278
        ],
        "count": 5080
    },
    "G41811_avg": {
        "pearson": [
            0.31332905714534603,
            3.307684001913175e-112
        ],
        "spearman": [
            0.31865794297732125,
            3.3732334502491294e-116
        ],
        "count": 4906
    },
    "G41812_avg": {
        "pearson": [
            0.36597516320687595,
            9.76404624930697e-153
        ],
        "spearman": [
            0.4290194207905673,
            3.3638467253112593e-215
        ],
        "count": 4822
    },
    "G41814_avg": {
        "pearson": [
            0.30402647643706027,
            1.882038314009015e-108
        ],
        "spearman": [
            0.3418546222905181,
            2.0692336602114586e-138
        ],
        "count": 5049
    },
    "Kan11_avg": {
        "pearson": [
            0.34223302076785217,
            3.3012983961603857e-134
        ],
        "spearman": [
            0.33521772260802296,
            1.6466172059230767e-128
        ],
        "count": 4882
    },
    "Kan12_avg": {
        "pearson": [
            0.38505166085459697,
            4.45485338506273e-167
        ],
        "spearman": [
            0.43961908338803796,
            6.913253163537792e-223
        ],
        "count": 4732
    },
    "Kan14_avg": {
        "pearson": [
            0.35037020867583635,
            5.974802061124189e-140
        ],
        "spearman": [
            0.40214511649976525,
            8.716853343493195e-188
        ],
        "count": 4845
    },
    "Kan18_avg": {
        "pearson": [
            0.3321746134890181,
            2.2102554302480745e-130
        ],
        "spearman": [
            0.37200070818797726,
            1.5071022497423074e-165
        ],
        "count": 5051
    },
    "Neo11_avg": {
        "pearson": [
            0.31483790879845475,
            1.8285666225841353e-114
        ],
        "spearman": [
            0.29491954965592704,
            4.9704976362695e-100
        ],
        "count": 4956
    },
    "Neo12_avg": {
        "pearson": [
            0.3658327942363436,
            1.21519564224685e-153
        ],
        "spearman": [
            0.43162666284015117,
            1.455579920523657e-219
        ],
        "count": 4855
    },
    "Neo14_avg": {
        "pearson": [
            0.3480820959365005,
            8.83454134227472e-143
        ],
        "spearman": [
            0.38522008896530524,
            4.398062732635426e-177
        ],
        "count": 5014
    },
    "Neo18_avg": {
        "pearson": [
            0.2723747174591398,
            1.1235103139420026e-86
        ],
        "spearman": [
            0.29379853267356537,
            3.548820665642857e-101
        ],
        "count": 5054
    },
    "Paro11_avg": {
        "pearson": [
            0.2650588892865737,
            3.703569421448115e-82
        ],
        "spearman": [
            0.2183582378845094,
            1.0440142629664682e-55
        ],
        "count": 5063
    },
    "Paro12_avg": {
        "pearson": [
            0.34711482137827926,
            4.297387669320422e-138
        ],
        "spearman": [
            0.384520332540017,
            1.3578226108487921e-171
        ],
        "count": 4876
    },
    "Paro14_avg": {
        "pearson": [
            0.376057613697307,
            2.924534180130866e-162
        ],
        "spearman": [
            0.42713880754481237,
            1.053976253154675e-213
        ],
        "count": 4835
    },
    "Paro18_avg": {
        "pearson": [
            0.37287869629868203,
            5.787960136836928e-163
        ],
        "spearman": [
            0.42069763964010076,
            2.072521359224057e-211
        ],
        "count": 4946
    },
    "Ribo11_avg": {
        "pearson": [
            0.3382601414526605,
            3.566576056036306e-131
        ],
        "spearman": [
            0.36998885358964334,
            1.7065452383965807e-158
        ],
        "count": 4890
    },
    "Ribo12_avg": {
        "pearson": [
            0.39777182660124644,
            1.8886486067813073e-184
        ],
        "spearman": [
            0.4533666061235856,
            1.0593887839331612e-245
        ],
        "count": 4873
    },
    "Ribo14_avg": {
        "pearson": [
            0.37732208076782425,
            1.1343927982888859e-169
        ],
        "spearman": [
            0.41539844061877906,
            9.052749539606601e-209
        ],
        "count": 5022
    },
    "Ribo18_avg": {
        "pearson": [
            0.338149336647414,
            7.334950338352227e-135
        ],
        "spearman": [
            0.3611177895124881,
            6.974913975233252e-155
        ],
        "count": 5033
    }
}