{
    "Ami11_avg": {
        "pearson": [
            0.2257933899633016,
            1.2914412150490647e-61
        ],
        "spearman": [
            0.17273052163582092,
            2.074333196693136e-36
        ],
        "count": 5245
    },
    "Ami12_avg": {
        "pearson": [
            0.33271831066762914,
            1.0610677170898595e-130
        ],
        "spearman": [
            0.398805812649053,
            5.306488840115224e-192
        ],
        "count": 5046
    },
    "Ami14_avg": {
        "pearson": [
            0.29706958619197676,
            2.3347278668109335e-102
        ],
        "spearman": [
            0.34343240192656305,
            2.458024106494196e-138
        ],
        "count": 4997
    },
    "Ami18_avg": {
        "pearson": [
            0.014568875203288244,
            0.2908658214726052
        ],
        "spearman": [
            0.029126029727675813,
            0.03469206579185732
        ],
        "count": 5258
    },
    "G41811_avg": {
        "pearson": [
            0.31818510660884025,
            3.126911485150102e-119
        ],
        "spearman": [
            0.3376151837945334,
            6.47322354426349e-135
        ],
        "count": 5052
    },
    "G41812_avg": {
        "pearson": [
            0.36869547798266067,
            1.6431763504051343e-159
        ],
        "spearman": [
            0.4304058647914461,
            7.852190935394944e-223
        ],
        "count": 4959
    },
    "G41814_avg": {
        "pearson": [
            0.29679284715900267,
            9.754899934097445e-107
        ],
        "spearman": [
            0.33511448636260865,
            2.5831432985962064e-137
        ],
        "count": 5225
    },
    "Kan11_avg": {
        "pearson": [
            0.3528375528490417,
            9.509640081466477e-147
        ],
        "spearman": [
            0.35491790000386036,
            1.3994514931960129e-148
        ],
        "count": 5008
    },
    "Kan12_avg": {
        "pearson": [
            0.38056381233021663,
            9.525882670799128e-167
        ],
        "spearman": [
            0.44100544862915936,
            1.0418432088702125e-229
        ],
        "count": 4844
    },
    "Kan14_avg": {
        "pearson": [
            0.3544251105610674,
            7.986106581967266e-148
        ],
        "spearman": [
            0.4034877231784892,
            5.120535430041403e-195
        ],
        "count": 4997
    },
    "Kan18_avg": {
        "pearson": [
            0.3184315260782916,
            2.0085330233333485e-123
        ],
        "spearman": [
            0.36214776479620076,
            1.1671947152225948e-161
        ],
        "count": 5224
    },
    "Neo11_avg": {
        "pearson": [
            0.31599799241290666,
            3.7256877318020073e-118
        ],
        "spearman": [
            0.3017839239278159,
            1.9669649807314764e-107
        ],
        "count": 5079
    },
    "Neo12_avg": {
        "pearson": [
            0.35436931667509275,
            5.487757757767123e-147
        ],
        "spearman": [
            0.4222827250362846,
            3.51418629175829e-214
        ],
        "count": 4970
    },
    "Neo14_avg": {
        "pearson": [
            0.32829884379694924,
            1.9934339603113115e-130
        ],
        "spearman": [
            0.37300751102926977,
            1.0470535621723124e-170
        ],
        "count": 5180
    },
    "Neo18_avg": {
        "pearson": [
            0.26368192327734086,
            7.474527171546942e-84
        ],
        "spearman": [
            0.2912562490273676,
            1.0474567283568283e-102
        ],
        "count": 5226
    },
    "Paro11_avg": {
        "pearson": [
            0.26294633532448447,
            2.069027548318481e-83
        ],
        "spearman": [
            0.22609351102665357,
            1.3873575850714986e-61
        ],
        "count": 5228
    },
    "Paro12_avg": {
        "pearson": [
            0.344820216964973,
            2.5489685643902954e-139
        ],
        "spearman": [
            0.3944660088258807,
            1.8337674012303918e-185
        ],
        "count": 4990
    },
    "Paro14_avg": {
        "pearson": [
            0.3786348966388011,
            8.798555149005679e-169
        ],
        "spearman": [
            0.43006991567893954,
            2.097130297685378e-222
        ],
        "count": 4958
    },
    "Paro18_avg": {
        "pearson": [
            0.36463580064081036,
            5.053673936463634e-160
        ],
        "spearman": [
            0.41569528110368026,
            4.1785146967879807e-212
        ],
        "count": 5095
    },
    "Ribo11_avg": {
        "pearson": [
            0.33602080479196506,
            2.955826677153041e-132
        ],
        "spearman": [
            0.3769520516888159,
            1.2872623804028588e-168
        ],
        "count": 5001
    },
    "Ribo12_avg": {
        "pearson": [
            0.3856807939186264,
            4.0638433669167636e-177
        ],
        "spearman": [
            0.4476755983244785,
            3.671439400686626e-245
        ],
        "count": 5002
    },
    "Ribo14_avg": {
        "pearson": [
            0.35870879203927186,
            3.162814926514394e-157
        ],
        "spearman": [
            0.40312501313174404,
            7.573945718597599e-202
        ],
        "count": 5184
    },
    "Ribo18_avg": {
        "pearson": [
            0.3118074875700477,
            1.2644124585047722e-117
        ],
        "spearman": [
            0.3435606195981062,
            5.455635951967922e-144
        ],
        "count": 5200
    }
}