{
    "acetamide_normalized_fitness": {
        "pearson": [
            0.27393900780532865,
            4.165429062305174e-114
        ],
        "spearman": [
            0.4050560415582142,
            1.7090155317816874e-259
        ],
        "count": 6610
    },
    "isobutyramide_normalized_fitness": {
        "pearson": [
            0.4313911411726588,
            4.578847620119988e-295
        ],
        "spearman": [
            0.45256183695325986,
            0.0
        ],
        "count": 6548
    },
    "propionamide_normalized_fitness": {
        "pearson": [
            0.34959857196810357,
            2.329004869468057e-189
        ],
        "spearman": [
            0.4102703778848298,
            7.427436206166284e-267
        ],
        "count": 6611
    }
}