{
    "acetamide_normalized_fitness": {
        "pearson": [
            0.2661436041433115,
            6.997224850839964e-108
        ],
        "spearman": [
            0.38986703387205374,
            1.3993044692649506e-239
        ],
        "count": 6629
    },
    "isobutyramide_normalized_fitness": {
        "pearson": [
            0.4164982726711027,
            5.395112444476093e-274
        ],
        "spearman": [
            0.4371101397669732,
            1.0773443343623874e-304
        ],
        "count": 6568
    },
    "propionamide_normalized_fitness": {
        "pearson": [
            0.33314181181867725,
            1.3480454925022043e-171
        ],
        "spearman": [
            0.39231597930118567,
            6.550737168862708e-243
        ],
        "count": 6631
    }
}