{
    "enrichment": {
        "pearson": [
            0.4005486979306991,
            4.9414933261514485e-135
        ],
        "spearman": [
            0.5349933585384054,
            1.9394342265739386e-258
        ],
        "count": 3500
    }
}