{
    "enrichment": {
        "pearson": [
            0.40982284747970643,
            1.3512977273223536e-126
        ],
        "spearman": [
            0.5328257653772114,
            2.9787890262174797e-228
        ],
        "count": 3118
    }
}