{
    "enrichment": {
        "pearson": [
            0.42289256004408055,
            1.61540411627602e-135
        ],
        "spearman": [
            0.5443019719135919,
            4.816627420006991e-240
        ],
        "count": 3118
    }
}