{
    "1BVC": {
        "pearson": [
            -0.5955929901426669,
            2.174611871578252e-08
        ],
        "spearman": [
            -0.5784422634222656,
            6.754611273618656e-08
        ],
        "count": 74
    },
    "1LZ1": {
        "pearson": [
            -0.6807233353170938,
            7.947580987822328e-17
        ],
        "spearman": [
            -0.7321440908395305,
            2.146351237811565e-20
        ],
        "count": 114
    },
    "2CI2": {
        "pearson": [
            -0.47647355436931715,
            9.046918910736653e-06
        ],
        "spearman": [
            -0.5705712685334149,
            4.024954938408502e-08
        ],
        "count": 79
    },
    "2RN2": {
        "pearson": [
            -0.08224918766523906,
            0.47700059757890806
        ],
        "spearman": [
            -0.0035229087677669164,
            0.9757417811448701
        ],
        "count": 77
    },
    "overall": {
        "pearson": [
            -0.47203685430027964,
            1.7204721699503186e-20
        ],
        "spearman": [
            -0.4964419533531538,
            8.330531802363401e-23
        ],
        "count": 344
    }
}