{
    "Ami11_avg": {
        "pearson": [
            0.20562468754968924,
            3.485601090802704e-51
        ],
        "spearman": [
            0.16269473659869602,
            1.9321864475057607e-32
        ],
        "count": 5245
    },
    "Ami12_avg": {
        "pearson": [
            0.3139741650869622,
            7.577005673378673e-116
        ],
        "spearman": [
            0.3761817777308088,
            2.2459849494373058e-169
        ],
        "count": 5046
    },
    "Ami14_avg": {
        "pearson": [
            0.2760142008127867,
            4.577160628200132e-88
        ],
        "spearman": [
            0.31917524394035385,
            1.0211587112342637e-118
        ],
        "count": 4997
    },
    "Ami18_avg": {
        "pearson": [
            0.01308229408799812,
            0.34290589235362595
        ],
        "spearman": [
            0.018076069346371033,
            0.19001707751577904
        ],
        "count": 5258
    },
    "G41811_avg": {
        "pearson": [
            0.3015435632343162,
            1.0717667095303005e-106
        ],
        "spearman": [
            0.32131559930533415,
            1.110534265708293e-121
        ],
        "count": 5052
    },
    "G41812_avg": {
        "pearson": [
            0.32901933371273095,
            1.6197357620401884e-125
        ],
        "spearman": [
            0.38855060244683004,
            1.9866602251460694e-178
        ],
        "count": 4959
    },
    "G41814_avg": {
        "pearson": [
            0.283827420427223,
            2.151619185124156e-97
        ],
        "spearman": [
            0.3088455140162543,
            7.193093676355942e-116
        ],
        "count": 5225
    },
    "Kan11_avg": {
        "pearson": [
            0.32582508406003347,
            3.4617088799450563e-124
        ],
        "spearman": [
            0.33749512797642944,
            1.1718986282232756e-133
        ],
        "count": 5008
    },
    "Kan12_avg": {
        "pearson": [
            0.33908213697635015,
            1.2757270700989525e-130
        ],
        "spearman": [
            0.40320923829808103,
            7.982040398662839e-189
        ],
        "count": 4844
    },
    "Kan14_avg": {
        "pearson": [
            0.3237757971112204,
            2.6593299184531273e-122
        ],
        "spearman": [
            0.3679515022502708,
            4.9775345638301394e-160
        ],
        "count": 4997
    },
    "Kan18_avg": {
        "pearson": [
            0.3070521418447268,
            1.8405323993843525e-114
        ],
        "spearman": [
            0.3358426392856356,
            6.49922891343115e-138
        ],
        "count": 5224
    },
    "Neo11_avg": {
        "pearson": [
            0.2941389605628494,
            6.560356687182021e-102
        ],
        "spearman": [
            0.2969874933369903,
            6.007606719316912e-104
        ],
        "count": 5079
    },
    "Neo12_avg": {
        "pearson": [
            0.33473049385562004,
            2.1487350396745652e-130
        ],
        "spearman": [
            0.4010111138307399,
            2.0859928787848922e-191
        ],
        "count": 4970
    },
    "Neo14_avg": {
        "pearson": [
            0.3259023464347933,
            1.8914373680853125e-128
        ],
        "spearman": [
            0.3580035484061534,
            1.874121258168861e-156
        ],
        "count": 5180
    },
    "Neo18_avg": {
        "pearson": [
            0.2678734177718689,
            1.4036280009265784e-86
        ],
        "spearman": [
            0.27783709825112807,
            2.9322548476754145e-93
        ],
        "count": 5226
    },
    "Paro11_avg": {
        "pearson": [
            0.23969068639852692,
            3.2905295796638524e-69
        ],
        "spearman": [
            0.21908624210151253,
            7.592518117313821e-58
        ],
        "count": 5228
    },
    "Paro12_avg": {
        "pearson": [
            0.32513688166773314,
            3.3295601181002173e-123
        ],
        "spearman": [
            0.374613030894446,
            4.966791246823213e-166
        ],
        "count": 4990
    },
    "Paro14_avg": {
        "pearson": [
            0.34673421767754364,
            4.6456992803273875e-140
        ],
        "spearman": [
            0.39395564134766275,
            8.979921367026143e-184
        ],
        "count": 4958
    },
    "Paro18_avg": {
        "pearson": [
            0.3395061424607693,
            1.1953395295633942e-137
        ],
        "spearman": [
            0.38441955807491407,
            4.122656668892922e-179
        ],
        "count": 5095
    },
    "Ribo11_avg": {
        "pearson": [
            0.3222455183498418,
            3.3775804074101647e-121
        ],
        "spearman": [
            0.36899256506676503,
            4.032802329254382e-161
        ],
        "count": 5001
    },
    "Ribo12_avg": {
        "pearson": [
            0.37162281751966697,
            1.3169227430385989e-163
        ],
        "spearman": [
            0.42548066601003837,
            3.8735638249086816e-219
        ],
        "count": 5002
    },
    "Ribo14_avg": {
        "pearson": [
            0.35058926053892225,
            8.37650895256028e-150
        ],
        "spearman": [
            0.38367261483445625,
            1.901648129932291e-181
        ],
        "count": 5184
    },
    "Ribo18_avg": {
        "pearson": [
            0.3149289506209315,
            4.4559572503819504e-120
        ],
        "spearman": [
            0.3287726794624422,
            2.563999088289571e-131
        ],
        "count": 5200
    }
}