{
    "Ami11_avg": {
        "pearson": [
            0.18393142122352923,
            8.361422020022047e-40
        ],
        "spearman": [
            0.14227653861931475,
            2.4870110836996853e-24
        ],
        "count": 5068
    },
    "Ami12_avg": {
        "pearson": [
            0.29922614812253456,
            4.917491130360593e-102
        ],
        "spearman": [
            0.36312106876914463,
            8.354273172966926e-153
        ],
        "count": 4906
    },
    "Ami14_avg": {
        "pearson": [
            0.2715198700290955,
            4.507243755844498e-83
        ],
        "spearman": [
            0.3152378658093085,
            7.874481277927019e-113
        ],
        "count": 4871
    },
    "Ami18_avg": {
        "pearson": [
            0.005913387585182634,
            0.6734838618521516
        ],
        "spearman": [
            0.01305131226782755,
            0.35235479155222715
        ],
        "count": 5080
    },
    "G41811_avg": {
        "pearson": [
            0.29062930111507157,
            4.157918320785323e-96
        ],
        "spearman": [
            0.29909923695147334,
            6.035828291613232e-102
        ],
        "count": 4906
    },
    "G41812_avg": {
        "pearson": [
            0.33425218097359055,
            3.4316292552121904e-126
        ],
        "spearman": [
            0.3937440539387062,
            1.4020832599091085e-178
        ],
        "count": 4822
    },
    "G41814_avg": {
        "pearson": [
            0.2935680933571715,
            6.471268032821458e-101
        ],
        "spearman": [
            0.3151735767324383,
            7.803310140408289e-117
        ],
        "count": 5049
    },
    "Kan11_avg": {
        "pearson": [
            0.30875461424461437,
            2.5351516143885384e-108
        ],
        "spearman": [
            0.3156918887228949,
            2.032376353902589e-113
        ],
        "count": 4882
    },
    "Kan12_avg": {
        "pearson": [
            0.3540186725942217,
            9.491699080414318e-140
        ],
        "spearman": [
            0.4130573433951349,
            2.016942534735401e-194
        ],
        "count": 4732
    },
    "Kan14_avg": {
        "pearson": [
            0.33180847709917943,
            7.433405483133161e-125
        ],
        "spearman": [
            0.3733854341110142,
            3.8700323417403786e-160
        ],
        "count": 4845
    },
    "Kan18_avg": {
        "pearson": [
            0.3201724868109019,
            9.266996696423878e-121
        ],
        "spearman": [
            0.3455967310970306,
            1.1447291351050856e-141
        ],
        "count": 5051
    },
    "Neo11_avg": {
        "pearson": [
            0.2831081072233731,
            5.3492635508690316e-92
        ],
        "spearman": [
            0.2780663774588533,
            1.0959300116765975e-88
        ],
        "count": 4956
    },
    "Neo12_avg": {
        "pearson": [
            0.343932621226167,
            7.164203666648103e-135
        ],
        "spearman": [
            0.4070600617013599,
            3.4664839115278925e-193
        ],
        "count": 4855
    },
    "Neo14_avg": {
        "pearson": [
            0.3403952647288436,
            3.0902600381462774e-136
        ],
        "spearman": [
            0.3684880017142026,
            4.583279947901886e-161
        ],
        "count": 5014
    },
    "Neo18_avg": {
        "pearson": [
            0.2759551458182085,
            5.2015476597558386e-89
        ],
        "spearman": [
            0.28385007665679163,
            2.7749195161198886e-94
        ],
        "count": 5054
    },
    "Paro11_avg": {
        "pearson": [
            0.225787419452949,
            1.5483786877100242e-59
        ],
        "spearman": [
            0.1981086677448361,
            5.6208603615251574e-46
        ],
        "count": 5063
    },
    "Paro12_avg": {
        "pearson": [
            0.3147036966419298,
            1.508184531753338e-112
        ],
        "spearman": [
            0.36034698276856575,
            1.9570595082243858e-149
        ],
        "count": 4876
    },
    "Paro14_avg": {
        "pearson": [
            0.3479837293514806,
            1.1377900572366102e-137
        ],
        "spearman": [
            0.3979404657681789,
            3.4009816062132088e-183
        ],
        "count": 4835
    },
    "Paro18_avg": {
        "pearson": [
            0.3508101956760482,
            3.32036488382988e-143
        ],
        "spearman": [
            0.3933450369924401,
            1.010856465216317e-182
        ],
        "count": 4946
    },
    "Ribo11_avg": {
        "pearson": [
            0.3148939878780408,
            5.24038865742168e-113
        ],
        "spearman": [
            0.3579982251644031,
            8.454010031892054e-148
        ],
        "count": 4890
    },
    "Ribo12_avg": {
        "pearson": [
            0.3815101822211099,
            1.2557504700434832e-168
        ],
        "spearman": [
            0.4324191171059447,
            2.9185962991509363e-221
        ],
        "count": 4873
    },
    "Ribo14_avg": {
        "pearson": [
            0.3633633524712488,
            1.3608747086677687e-156
        ],
        "spearman": [
            0.39366812024272624,
            7.926587076404775e-186
        ],
        "count": 5022
    },
    "Ribo18_avg": {
        "pearson": [
            0.3315920773007418,
            1.8952587896113532e-129
        ],
        "spearman": [
            0.34157615649513606,
            9.638916327656752e-138
        ],
        "count": 5033
    }
}