{
    "overall": {
        "pearson": [
            -0.30105768391749954,
            8.288414041007139e-09
        ],
        "spearman": [
            -0.3601220186964544,
            3.223722644912045e-12
        ],
        "count": 352
    }
}