{
    "CRIPT": {
        "pearson": [
            0.29104263892777077,
            9.517308244399835e-34
        ],
        "spearman": [
            0.3403576991583917,
            2.869152237292778e-46
        ],
        "count": 1659
    },
    "Tm2F": {
        "pearson": [
            0.19022341632838885,
            5.559301764286386e-15
        ],
        "spearman": [
            0.17162078979897483,
            1.9605588724031166e-12
        ],
        "count": 1659
    }
}