{
    "react_rel": {
        "pearson": [
            0.4201635649173733,
            1.8103134706660994e-62
        ],
        "spearman": [
            0.395774106358627,
            5.1766290663756856e-55
        ],
        "count": 1435
    }
}