{
    "react_rel": {
        "pearson": [
            0.4691314199367052,
            2.011571826022909e-79
        ],
        "spearman": [
            0.46714910834030227,
            1.1091568576164702e-78
        ],
        "count": 1435
    }
}