{
    "react_rel": {
        "pearson": [
            0.414882711134832,
            8.416416698917698e-61
        ],
        "spearman": [
            0.41689460952226365,
            1.9652007736363857e-61
        ],
        "count": 1435
    }
}