{
    "fitness": {
        "pearson": [
            0.23456667696697184,
            3.388615802553611e-20
        ],
        "spearman": [
            0.24547716968320488,
            5.04435871671295e-22
        ],
        "count": 1500
    }
}