{
    "enrichment": {
        "pearson": [
            0.457231775396806,
            1.2802676696938323e-160
        ],
        "spearman": [
            0.5459072332766105,
            2.871697343775509e-241
        ],
        "count": 3112
    }
}