{
    "enrichment": {
        "pearson": [
            0.4570363092889671,
            1.8199329000208827e-160
        ],
        "spearman": [
            0.5428969537182456,
            4.0395875647764065e-238
        ],
        "count": 3112
    }
}