{
    "enrichment": {
        "pearson": [
            0.4524395794686871,
            3.1706161114824665e-176
        ],
        "spearman": [
            0.5548381318145065,
            7.958751563464907e-282
        ],
        "count": 3500
    }
}