{
    "function_score": {
        "pearson": [
            0.5572134120975241,
            4.0395869700438186e-122
        ],
        "spearman": [
            0.4661815486291339,
            3.7773433246808633e-81
        ],
        "count": 1488
    }
}