{
    "function_score": {
        "pearson": [
            0.5259572602275195,
            3.121900810883226e-104
        ],
        "spearman": [
            0.4469226175443335,
            2.6020478548388036e-72
        ],
        "count": 1454
    }
}