{
    "overall": {
        "pearson": [
            -0.4134639691699572,
            5.738106636478032e-16
        ],
        "spearman": [
            -0.42291720775345865,
            1.0494365201302706e-16
        ],
        "count": 352
    }
}