{
    "score": {
        "pearson": [
            0.4416976578129088,
            1.3624191197691353e-180
        ],
        "spearman": [
            0.4485150735100967,
            8.104299354836766e-187
        ],
        "count": 3786
    }
}