{
    "score": {
        "pearson": [
            0.4341517173247649,
            1.1937468745360912e-161
        ],
        "spearman": [
            0.449088625090689,
            3.5616749885539174e-174
        ],
        "count": 3517
    }
}