{
    "score": {
        "pearson": [
            0.440661077993329,
            4.96157624602101e-167
        ],
        "spearman": [
            0.4493596590792926,
            2.082273345466709e-174
        ],
        "count": 3517
    }
}