{
    "function_score": {
        "pearson": [
            0.42986486982148286,
            1.8633459542746792e-66
        ],
        "spearman": [
            0.40965267882509243,
            6.116635073559201e-60
        ],
        "count": 1454
    }
}