{
    "function_score": {
        "pearson": [
            0.5005544435407077,
            3.526073379523219e-95
        ],
        "spearman": [
            0.45694902607367793,
            1.2039597076235662e-77
        ],
        "count": 1488
    }
}