{
    "1BVC": {
        "pearson": [
            -0.7036708874469033,
            2.7062082986437545e-12
        ],
        "spearman": [
            -0.717613780675998,
            6.283375640258641e-13
        ],
        "count": 74
    },
    "1LZ1": {
        "pearson": [
            -0.5633808041888846,
            6.777983310872095e-11
        ],
        "spearman": [
            -0.6109673193607813,
            5.250989891881167e-13
        ],
        "count": 114
    },
    "2CI2": {
        "pearson": [
            -0.5243041804432234,
            7.073941313703315e-07
        ],
        "spearman": [
            -0.5264695531344311,
            6.244024261887299e-07
        ],
        "count": 79
    },
    "2RN2": {
        "pearson": [
            -0.7924897094016053,
            9.001181682290736e-18
        ],
        "spearman": [
            -0.7210658117428598,
            1.4081331646416221e-13
        ],
        "count": 77
    },
    "overall": {
        "pearson": [
            -0.611469378818368,
            1.182594060199666e-36
        ],
        "spearman": [
            -0.6547601799117682,
            1.7347108112506563e-43
        ],
        "count": 344
    }
}