{
    "selection_coefficient": {
        "pearson": [
            0.17697186628165265,
            2.400791091331063e-31
        ],
        "spearman": [
            0.12062389159705966,
            2.6977542177701594e-15
        ],
        "count": 4265
    }
}