{
    "overall": {
        "pearson": [
            -0.1300057937248536,
            0.01662073147438602
        ],
        "spearman": [
            -0.17676995897821712,
            0.0010814423888369058
        ],
        "count": 339
    }
}