{
    "2LZM": {
        "pearson": [
            -0.8117510703204244,
            9.90004762888769e-09
        ],
        "spearman": [
            -0.8102370243067848,
            1.108343882699842e-08
        ],
        "count": 33
    }
}