{
    "2LZM": {
        "pearson": [
            -0.7971378382202622,
            2.8286932493333663e-08
        ],
        "spearman": [
            -0.7744420773204819,
            1.2340303388946967e-07
        ],
        "count": 33
    }
}