{
    "1AMQ": {
        "pearson": [
            -0.5175103595415209,
            0.4824896404584791
        ],
        "spearman": [
            -0.7999999999999999,
            0.20000000000000007
        ],
        "count": 4
    },
    "1BNI": {
        "pearson": [
            -0.632611304679486,
            0.020322650199632232
        ],
        "spearman": [
            -0.6281015569016559,
            0.02151731861877594
        ],
        "count": 13
    },
    "1CEY": {
        "pearson": [
            0.9851718801498144,
            0.10976813286984961
        ],
        "spearman": [
            1.0,
            0.0
        ],
        "count": 3
    },
    "1EY0": {
        "pearson": [
            -0.3534876888547994,
            0.06499548936966641
        ],
        "spearman": [
            -0.2059428115154019,
            0.2930813593108453
        ],
        "count": 28
    },
    "1IHB": {
        "pearson": [
            -0.9041151662159855,
            0.28106251946855954
        ],
        "spearman": [
            -1.0,
            0.0
        ],
        "count": 3
    },
    "1L63": {
        "pearson": [
            -0.7502034799330668,
            1.4123017039836724e-22
        ],
        "spearman": [
            -0.7704248054496072,
            2.0030942683703284e-24
        ],
        "count": 118
    },
    "1LZ1": {
        "pearson": [
            -0.5323671616496025,
            8.445885743438567e-06
        ],
        "spearman": [
            -0.5088388330574234,
            2.4115147383832842e-05
        ],
        "count": 62
    },
    "1OH0": {
        "pearson": [
            -1.0,
            1.0
        ],
        "spearman": [
            -0.9999999999999999,
            NaN
        ],
        "count": 2
    },
    "1VQB": {
        "pearson": [
            0.1886571803288104,
            0.7612268050226628
        ],
        "spearman": [
            0.19999999999999998,
            0.747060078104662
        ],
        "count": 5
    },
    "2LZM": {
        "pearson": [
            -0.5247919140940173,
            6.085459818246563e-06
        ],
        "spearman": [
            -0.5437646592119628,
            2.3762244016124846e-06
        ],
        "count": 66
    },
    "2RN2": {
        "pearson": [
            -0.19916919232619662,
            0.4281703731416642
        ],
        "spearman": [
            -0.10352016794820908,
            0.6827087929993232
        ],
        "count": 18
    },
    "3ZCF": {
        "pearson": [
            1.0,
            1.0
        ],
        "spearman": [
            0.9999999999999999,
            NaN
        ],
        "count": 2
    },
    "4BVM": {
        "pearson": [
            0.21448347146841748,
            0.7290196785471665
        ],
        "spearman": [
            0.39999999999999997,
            0.5046315754686911
        ],
        "count": 5
    },
    "4LYZ": {
        "pearson": [
            -0.3033727158153895,
            0.29170170359524117
        ],
        "spearman": [
            -0.26961737461359697,
            0.3512401343358279
        ],
        "count": 14
    },
    "5PTI": {
        "pearson": [
            -0.3598729965929709,
            0.551887327397461
        ],
        "spearman": [
            -0.09999999999999999,
            0.8728885715695383
        ],
        "count": 5
    },
    "overall": {
        "pearson": [
            -0.576625690597393,
            1.3981431123660594e-32
        ],
        "spearman": [
            -0.5984801168261606,
            1.4056077474704758e-35
        ],
        "count": 352
    }
}