{
    "5BON": {
        "pearson": [
            0.6132574661862511,
            4.664532005051692e-289
        ],
        "spearman": [
            0.595738458787989,
            9.376612376319605e-269
        ],
        "count": 2801
    },
    "1D5R": {
        "pearson": [
            0.5712031489091796,
            1.7784202792676143e-278
        ],
        "spearman": [
            0.5595558044365977,
            6.246755451638305e-265
        ],
        "count": 3222
    },
    "2H11": {
        "pearson": [
            0.5196717539202612,
            1.990977006378079e-236
        ],
        "spearman": [
            0.49779994619640944,
            4.500211408822344e-214
        ],
        "count": 3427
    },
    "overall": {
        "pearson": [
            0.5293447701746692,
            0.0
        ],
        "spearman": [
            0.5188190771540465,
            0.0
        ],
        "count": 9450
    }
}