{
    "fitness": {
        "pearson": [
            0.16559968182903986,
            8.37476607098461e-11
        ],
        "spearman": [
            0.18125297145003438,
            1.099568509980229e-12
        ],
        "count": 1519
    }
}