{
    "fitness": {
        "pearson": [
            0.1766148332892274,
            4.139214232544616e-12
        ],
        "spearman": [
            0.18928777423514082,
            1.0172718829035704e-13
        ],
        "count": 1519
    }
}