{
    "Overall": {
        "all_types_of_mutations": {
            "Pr": -0.30965311779266935,
            "Pr_pval": 3.3775772120714748e-127,
            "Sr": -0.3094872435702752,
            "Sr_pval": 4.674085565411535e-127,
            "num": 5713.0,
            "num_struc": 331.0
        },
        "single_point_mutations": {
            "Pr": -0.364754727108913,
            "Pr_pval": 1.9976320898813983e-129,
            "Sr": -0.3276649202219427,
            "Sr_pval": 2.3044651259829157e-103,
            "num": 4106.0,
            "num_struc": 308.0
        },
        "multi_point_mutations": {
            "Pr": -0.35013439892856363,
            "Pr_pval": 1.4839858579270244e-47,
            "Sr": -0.35905668871841406,
            "Sr_pval": 4.345715243292382e-50,
            "num": 1607.0,
            "num_struc": 142.0
        }
    },
    "Per-Structure": {
        "all_types_of_mutations": {
            "Pr": -0.31110001908415463,
            "Pr_std": 0.2450231558448381,
            "Pr_pval": 1.8772056248783162e-90,
            "Sr": -0.3099649890919968,
            "Sr_std": 0.237721671442871,
            "Sr_pval": 1.0091971126208214e-80,
            "num": 5025.0,
            "num_struc": 116.0
        },
        "single_point_mutations": {
            "Pr": -0.3344479095502942,
            "Pr_std": 0.26374508792236756,
            "Pr_pval": 1.9345161503415224e-87,
            "Sr": -0.3190476755436941,
            "Sr_std": 0.25274594332623845,
            "Sr_pval": 9.19984482900507e-65,
            "num": 3485.0,
            "num_struc": 93.0
        },
        "multi_point_mutations": {
            "Pr": -0.2953252798121177,
            "Pr_std": 0.2694307693151144,
            "Pr_pval": 2.36139100098171e-23,
            "Sr": -0.2964428511178472,
            "Sr_std": 0.2659218834299722,
            "Sr_pval": 2.9679904717939495e-23,
            "num": 1304.0,
            "num_struc": 41.0
        }
    }
}