{
    "screenscore": {
        "pearson": [
            0.3368552625093736,
            2.8143663144151615e-21
        ],
        "spearman": [
            0.3327677554252549,
            8.979658202137243e-21
        ],
        "count": 747
    }
}