{
    "screenscore": {
        "pearson": [
            0.5330138075885718,
            2.106729871309277e-105
        ],
        "spearman": [
            0.5412611171028056,
            2.944047726604772e-109
        ],
        "count": 1425
    }
}