{
    "screenscore": {
        "pearson": [
            0.47706921959868276,
            5.147472583363561e-103
        ],
        "spearman": [
            0.48213358502947595,
            1.7475808672580207e-105
        ],
        "count": 1801
    }
}