{
    "Overall": {
        "all_types_of_mutations": {
            "Pr": -0.18308320281746865,
            "Pr_pval": 0.0004005454774537066,
            "Sr": -0.22435648876322029,
            "Sr_pval": 1.3207145760774884e-05,
            "num": 370.0,
            "num_struc": 38.0
        },
        "single_point_mutations": {
            "Pr": -0.20544988897723676,
            "Pr_pval": 0.0008811441177946099,
            "Sr": -0.19150619362558757,
            "Sr_pval": 0.001962852428581364,
            "num": 259.0,
            "num_struc": 35.0
        },
        "multi_point_mutations": {
            "Pr": -0.2774659652416096,
            "Pr_pval": 0.003195133224680356,
            "Sr": -0.2962277190915683,
            "Sr_pval": 0.001595155597026691,
            "num": 111.0,
            "num_struc": 16.0
        }
    },
    "Per-Structure": {
        "all_types_of_mutations": {
            "Pr": -0.2681019166698907,
            "Pr_pval": 0.0029768634620446722,
            "Sr": -0.27264317503690016,
            "Sr_pval": 0.0001363667162750675,
            "num": 266.0,
            "num_struc": 8.0
        },
        "single_point_mutations": {
            "Pr": -0.3040907497274844,
            "Pr_pval": 0.0052638759839970855,
            "Sr": -0.3005448341750651,
            "Sr_pval": 0.002782421284120196,
            "num": 180.0,
            "num_struc": 7.0
        },
        "multi_point_mutations": {
            "Pr": -0.06011280364997336,
            "Pr_pval": 0.014252653524976008,
            "Sr": -0.16990970927779758,
            "Sr_pval": 0.0009318543563871599,
            "num": 79.0,
            "num_struc": 2.0
        }
    }
}