{
    "Overall": {
        "all_types_of_mutations": {
            "Pr": -0.14717052715452628,
            "Pr_pval": 0.004612739065574037,
            "Sr": -0.18947548446399265,
            "Sr_pval": 0.00025165563991296446,
            "num": 369.0,
            "num_struc": 38.0
        },
        "single_point_mutations": {
            "Pr": -0.24771784101152824,
            "Pr_pval": 5.569323661627316e-05,
            "Sr": -0.24413836347353893,
            "Sr_pval": 7.179030165490719e-05,
            "num": 259.0,
            "num_struc": 35.0
        },
        "multi_point_mutations": {
            "Pr": -0.08223596624300539,
            "Pr_pval": 0.3930533279730588,
            "Sr": -0.0761786684726859,
            "Sr_pval": 0.428948703437361,
            "num": 110.0,
            "num_struc": 16.0
        }
    },
    "Per-Structure": {
        "all_types_of_mutations": {
            "Pr": -0.31351687259880967,
            "Pr_pval": 0.0002413764534111302,
            "Sr": -0.30404350751151105,
            "Sr_pval": 1.049252671485812e-05,
            "num": 265.0,
            "num_struc": 8.0
        },
        "single_point_mutations": {
            "Pr": -0.39865778895174386,
            "Pr_pval": 9.535878475276054e-06,
            "Sr": -0.4095268952114265,
            "Sr_pval": 1.304383115871585e-05,
            "num": 180.0,
            "num_struc": 7.0
        },
        "multi_point_mutations": {
            "Pr": 0.1524782830629957,
            "Pr_pval": 0.2675416565222393,
            "Sr": 0.1550781728094151,
            "Sr_pval": 0.21269055891560915,
            "num": 78.0,
            "num_struc": 2.0
        }
    }
}