{
    "1A7V": {
        "pearson": [
            -0.5351319286840951,
            0.05950048536332178
        ],
        "spearman": [
            -0.27823797038187387,
            0.35732155898068607
        ],
        "count": 13
    },
    "1BA3": {
        "pearson": [
            -0.8166057696269077,
            0.18339423037309244
        ],
        "spearman": [
            -0.39999999999999997,
            0.6
        ],
        "count": 4
    },
    "1BFM": {
        "pearson": [
            1.0,
            1.0
        ],
        "spearman": [
            0.9999999999999999,
            NaN
        ],
        "count": 2
    },
    "1D5G": {
        "pearson": [
            1.0,
            1.0
        ],
        "spearman": [
            0.9999999999999999,
            NaN
        ],
        "count": 2
    },
    "1DIV": {
        "pearson": [
            -0.7341848957267078,
            1.301089401583133e-09
        ],
        "spearman": [
            -0.7034840462941424,
            1.2150705177554167e-08
        ],
        "count": 50
    },
    "1EKG": {
        "pearson": [
            -0.28126068696103934,
            0.7187393130389608
        ],
        "spearman": [
            0.19999999999999998,
            0.8
        ],
        "count": 4
    },
    "1FT8": {
        "pearson": [
            -0.8430859917619768,
            0.00029469093466030354
        ],
        "spearman": [
            -0.8021978021978022,
            0.0009687789139250084
        ],
        "count": 13
    },
    "1FXA": {
        "pearson": [
            -0.7085664834646392,
            0.014658141132010595
        ],
        "spearman": [
            -0.7727272727272727,
            0.005299487178643863
        ],
        "count": 11
    },
    "1G3P": {
        "pearson": [
            -0.4350707133197596,
            0.0233268985939147
        ],
        "spearman": [
            -0.19395238805143392,
            0.3323631882065258
        ],
        "count": 27
    },
    "1GUA": {
        "pearson": [
            -0.7770361986026972,
            5.234424304871559e-11
        ],
        "spearman": [
            -0.8222448979591837,
            4.360193008560467e-13
        ],
        "count": 49
    },
    "1H0X": {
        "pearson": [
            -1.0,
            1.0
        ],
        "spearman": [
            -0.9999999999999999,
            NaN
        ],
        "count": 2
    },
    "1HCQ": {
        "pearson": [
            1.0,
            1.0
        ],
        "spearman": [
            0.9999999999999999,
            NaN
        ],
        "count": 2
    },
    "1ITM": {
        "pearson": [
            0.4009995742137975,
            0.7373257603092179
        ],
        "spearman": [
            0.5,
            0.6666666666666667
        ],
        "count": 3
    },
    "1IV7": {
        "pearson": [
            -0.9999092360213657,
            0.008577390216773822
        ],
        "spearman": [
            -1.0,
            0.0
        ],
        "count": 3
    },
    "1J8I": {
        "pearson": [
            -0.595150774581139,
            0.2126763628758164
        ],
        "spearman": [
            -0.5296408977028497,
            0.2798259481884628
        ],
        "count": 6
    },
    "1JLV": {
        "pearson": [
            -0.11144451694400631,
            0.9289045295802665
        ],
        "spearman": [
            0.5,
            0.6666666666666667
        ],
        "count": 3
    },
    "1L6H": {
        "pearson": [
            -0.9942068419435287,
            0.0685587189553269
        ],
        "spearman": [
            -1.0,
            0.0
        ],
        "count": 3
    },
    "1LVM": {
        "pearson": [
            -0.21495711864579858,
            0.7284306784068253
        ],
        "spearman": [
            -0.05129891760425771,
            0.934712848108234
        ],
        "count": 5
    },
    "1N18": {
        "pearson": [
            -0.505315606537766,
            0.49468439346223403
        ],
        "spearman": [
            -0.6000000000000001,
            0.3999999999999999
        ],
        "count": 4
    },
    "1N88": {
        "pearson": [
            -0.3300906603503685,
            0.1956770509342536
        ],
        "spearman": [
            -0.2418665857214893,
            0.349647982930814
        ],
        "count": 17
    },
    "1NM1": {
        "pearson": [
            -1.0,
            1.0
        ],
        "spearman": [
            -0.9999999999999999,
            NaN
        ],
        "count": 2
    },
    "1O1U": {
        "pearson": [
            -0.512818301037045,
            0.2982036960445283
        ],
        "spearman": [
            -0.27322953332351235,
            0.6003545904291114
        ],
        "count": 6
    },
    "1O6X": {
        "pearson": [
            -0.35641752936259896,
            0.1229564114404901
        ],
        "spearman": [
            -0.40707310244557793,
            0.07485685138442626
        ],
        "count": 20
    },
    "1OSI": {
        "pearson": [
            -0.8178543095443955,
            0.18214569045560447
        ],
        "spearman": [
            -0.7999999999999999,
            0.20000000000000007
        ],
        "count": 4
    },
    "1PFL": {
        "pearson": [
            -0.627187627609029,
            0.2574253102150653
        ],
        "spearman": [
            -0.7,
            0.1881204043741873
        ],
        "count": 5
    },
    "1PRG": {
        "pearson": [
            -0.2574868626757266,
            0.5772219822972718
        ],
        "spearman": [
            0.3571428571428572,
            0.4316113520383278
        ],
        "count": 7
    },
    "1R6R": {
        "pearson": [
            -0.9033394557236833,
            0.09666054427631665
        ],
        "spearman": [
            -0.7999999999999999,
            0.20000000000000007
        ],
        "count": 4
    },
    "1SPD": {
        "pearson": [
            -1.0,
            1.0
        ],
        "spearman": [
            -0.9999999999999999,
            NaN
        ],
        "count": 2
    },
    "1X0J": {
        "pearson": [
            -0.29657466618159034,
            0.5183661485059547
        ],
        "spearman": [
            -0.39285714285714296,
            0.38331687042697266
        ],
        "count": 7
    },
    "1XWS": {
        "pearson": [
            0.4047408158014858,
            0.5952591841985142
        ],
        "spearman": [
            0.19999999999999998,
            0.8
        ],
        "count": 4
    },
    "1XXN": {
        "pearson": [
            -0.006829612333486279,
            0.9913043351023185
        ],
        "spearman": [
            0.10259783520851543,
            0.8695979205185651
        ],
        "count": 5
    },
    "1XZO": {
        "pearson": [
            -0.6316986314959162,
            0.3683013685040839
        ],
        "spearman": [
            -0.39999999999999997,
            0.6
        ],
        "count": 4
    },
    "2BJD": {
        "pearson": [
            -0.9339202149190702,
            0.23272897159851852
        ],
        "spearman": [
            -1.0,
            0.0
        ],
        "count": 3
    },
    "2C9Q": {
        "pearson": [
            -1.0,
            1.0
        ],
        "spearman": [
            -0.9999999999999999,
            NaN
        ],
        "count": 2
    },
    "2CLR": {
        "pearson": [
            -0.5972803170176423,
            0.4027196829823576
        ],
        "spearman": [
            -0.39999999999999997,
            0.6
        ],
        "count": 4
    },
    "2DVV": {
        "pearson": [
            -1.0,
            1.0
        ],
        "spearman": [
            -0.9999999999999999,
            NaN
        ],
        "count": 2
    },
    "2HBB": {
        "pearson": [
            -0.7037064424045562,
            4.89515221716755e-08
        ],