{
    "NONSEL_24h": {
        "pearson": [
            -0.3386089763481204,
            1.736180965706028e-30
        ],
        "spearman": [
            -0.3356169050619959,
            5.999863734720336e-30
        ],
        "count": 1084
    },
    "SEL_A_24h": {
        "pearson": [
            0.3577167287278852,
            4.553600272063352e-34
        ],
        "spearman": [
            0.35684455797711134,
            6.718219652525264e-34
        ],
        "count": 1084
    },
    "SEL_A_40h": {
        "pearson": [
            0.3232274514020206,
            8.823358538322027e-28
        ],
        "spearman": [
            0.35319016464677727,
            3.3824206464586876e-33
        ],
        "count": 1084
    },
    "SEL_B_40h": {
        "pearson": [
            0.32792950990129444,
            1.3639232387570742e-28
        ],
        "spearman": [
            0.3421363983212931,
            3.954076205513214e-31
        ],
        "count": 1084
    },
    "SEL_C_40h": {
        "pearson": [
            0.3372852895725401,
            3.0100832146630163e-30
        ],
        "spearman": [
            0.3438365643799195,
            1.9247435271756658e-31
        ],
        "count": 1084
    },
    "SEL_C_64h": {
        "pearson": [
            0.307111107698943,
            4.147032628324036e-25
        ],
        "spearman": [
            0.322356601212148,
            1.2423451048538983e-27
        ],
        "count": 1084
    }
}