{
    "MIC_score": {
        "pearson": [
            0.4113561117159168,
            1.1383275829048026e-41
        ],
        "spearman": [
            0.464136680702542,
            5.484467435369799e-54
        ],
        "count": 989
    }
}