{
    "screenscore": {
        "pearson": [
            0.5359568097417359,
            1.8274108029642958e-134
        ],
        "spearman": [
            0.5240726678102979,
            1.305431858095391e-127
        ],
        "count": 1801
    }
}