{
    "screenscore": {
        "pearson": [
            0.5405263269452545,
            6.557392806085298e-109
        ],
        "spearman": [
            0.5639866819280325,
            1.8803239520004118e-120
        ],
        "count": 1425
    }
}