{
    "screenscore": {
        "pearson": [
            0.38011724840408867,
            4.329461073401011e-27
        ],
        "spearman": [
            0.396397314410967,
            1.6224954618697748e-29
        ],
        "count": 747
    }
}