{
    "selection_coefficient": {
        "pearson": [
            0.30164686724285017,
            4.174531085477642e-28
        ],
        "spearman": [
            0.2897983484055013,
            5.630901587877383e-26
        ],
        "count": 1269
    }
}