{
    "selection_coefficient": {
        "pearson": [
            0.27813111164825777,
            5.6376073226737815e-24
        ],
        "spearman": [
            0.29298672720626223,
            1.539046731226511e-26
        ],
        "count": 1269
    }
}