{
    "selection_coefficient": {
        "pearson": [
            0.2423098739308639,
            2.0577031288454165e-18
        ],
        "spearman": [
            0.2687493358176442,
            1.9561388970272517e-22
        ],
        "count": 1269
    }
}