{
    "1AMQ": {
        "pearson": [
            -0.48958321953333084,
            0.5104167804666693
        ],
        "spearman": [
            -0.7999999999999999,
            0.20000000000000007
        ],
        "count": 4
    },
    "1BNI": {
        "pearson": [
            -0.6129913743352716,
            0.02590206209644509
        ],
        "spearman": [
            -0.6501402080210121,
            0.016142619793932486
        ],
        "count": 13
    },
    "1CEY": {
        "pearson": [
            0.9953801355874045,
            0.06121770946759593
        ],
        "spearman": [
            1.0,
            0.0
        ],
        "count": 3
    },
    "1EY0": {
        "pearson": [
            -0.3444033738668464,
            0.07270396573334795
        ],
        "spearman": [
            -0.22045739796529057,
            0.2596139677714538
        ],
        "count": 28
    },
    "1IHB": {
        "pearson": [
            -0.9453129609448161,
            0.21151280438481093
        ],
        "spearman": [
            -1.0,
            0.0
        ],
        "count": 3
    },
    "1L63": {
        "pearson": [
            -0.7367503635481769,
            1.925340375901526e-21
        ],
        "spearman": [
            -0.7666540879968242,
            4.575415601322009e-24
        ],
        "count": 118
    },
    "1LZ1": {
        "pearson": [
            -0.5263544848021511,
            1.1125750608365284e-05
        ],
        "spearman": [
            -0.5299468201777531,
            9.442737500022395e-06
        ],
        "count": 62
    },
    "1OH0": {
        "pearson": [
            -1.0,
            1.0
        ],
        "spearman": [
            -0.9999999999999999,
            NaN
        ],
        "count": 2
    },
    "1VQB": {
        "pearson": [
            0.18959648754615221,
            0.7600524259192547
        ],
        "spearman": [
            0.19999999999999998,
            0.747060078104662
        ],
        "count": 5
    },
    "2LZM": {
        "pearson": [
            -0.5570722646992384,
            1.1862763069656722e-06
        ],
        "spearman": [
            -0.5859783255687936,
            2.3535249455714076e-07
        ],
        "count": 66
    },
    "2RN2": {
        "pearson": [
            -0.38339975678882077,
            0.11628335069832962
        ],
        "spearman": [
            -0.12215379817888672,
            0.6291925492766082
        ],
        "count": 18
    },
    "3ZCF": {
        "pearson": [
            1.0,
            1.0
        ],
        "spearman": [
            0.9999999999999999,
            NaN
        ],
        "count": 2
    },
    "4BVM": {
        "pearson": [
            -0.07308223887408684,
            0.9070317012200799
        ],
        "spearman": [
            0.3,
            0.6238376647810728
        ],
        "count": 5
    },
    "4LYZ": {
        "pearson": [
            -0.21923691934977627,
            0.45141167054229936
        ],
        "spearman": [
            -0.34917659990941247,
            0.22107688732268937
        ],
        "count": 14
    },
    "5PTI": {
        "pearson": [
            -0.4826435197055945,
            0.41024950774451885
        ],
        "spearman": [
            -0.3,
            0.6238376647810728
        ],
        "count": 5
    },
    "overall": {
        "pearson": [
            -0.5907042571841171,
            1.7402856972668802e-34
        ],
        "spearman": [
            -0.6225439314894927,
            3.7110841925990816e-39
        ],
        "count": 352
    }
}