{
    "overall": {
        "pearson": [
            -0.36870645670740754,
            8.916375325538455e-13
        ],
        "spearman": [
            -0.3533121490590283,
            8.697570220623142e-12
        ],
        "count": 352
    }
}