{
    "2LZM": {
        "pearson": [
            -0.8038226522554471,
            1.768933828045485e-08
        ],
        "spearman": [
            -0.7632352481238355,
            2.403409542351156e-07
        ],
        "count": 33
    }
}