{
    "2LZM": {
        "pearson": [
            -0.8434399956505831,
            7.183096701395852e-10
        ],
        "spearman": [
            -0.8313125538407763,
            2.0887519448255796e-09
        ],
        "count": 33
    }
}