{
    "Overall": {
        "all_types_of_mutations": {
            "Pr": -0.3370641724973047,
            "Pr_pval": 8.607111122998678e-152,
            "Sr": -0.3371156241572592,
            "Sr_pval": 7.69590200866566e-152,
            "num": 5713.0,
            "num_struc": 331.0
        },
        "single_point_mutations": {
            "Pr": -0.40294897046757505,
            "Pr_pval": 3.934969895916024e-160,
            "Sr": -0.35971369144489657,
            "Sr_pval": 1.12912927706726e-125,
            "num": 4106.0,
            "num_struc": 308.0
        },
        "multi_point_mutations": {
            "Pr": -0.352670071737797,
            "Pr_pval": 2.8822528007198044e-48,
            "Sr": -0.3708591125285874,
            "Sr_pval": 1.4460603239763274e-53,
            "num": 1607.0,
            "num_struc": 142.0
        }
    },
    "Per-Structure": {
        "all_types_of_mutations": {
            "Pr": -0.3237263754480912,
            "Pr_std": 0.25240507666025225,
            "Pr_pval": 1.3504688134051106e-108,
            "Sr": -0.3191756925071022,
            "Sr_std": 0.22955853412949534,
            "Sr_pval": 6.132624546652025e-98,
            "num": 5025.0,
            "num_struc": 116.0
        },
        "single_point_mutations": {
            "Pr": -0.3595716703740626,
            "Pr_std": 0.25986245326171664,
            "Pr_pval": 3.3891211276580696e-109,
            "Sr": -0.33709155656441775,
            "Sr_std": 0.24045757355683256,
            "Sr_pval": 6.393335042914996e-81,
            "num": 3485.0,
            "num_struc": 93.0
        },
        "multi_point_mutations": {
            "Pr": -0.30778478671787557,
            "Pr_std": 0.2753173697878682,
            "Pr_pval": 1.2655305411338123e-28,
            "Sr": -0.32390206220591206,
            "Sr_std": 0.26615527857770016,
            "Sr_pval": 5.13619471912914e-29,
            "num": 1304.0,
            "num_struc": 41.0
        }
    }
}