{
    "Overall": {
        "all_types_of_mutations": {
            "Pr": -0.3370641724973049,
            "Pr_pval": 8.607111122995592e-152,
            "Sr": -0.3371156241572592,
            "Sr_pval": 7.69590200866566e-152,
            "num": 5713.0,
            "num_struc": 331.0
        },
        "single_point_mutations": {
            "Pr": -0.40294897046757505,
            "Pr_pval": 3.934969895916024e-160,
            "Sr": -0.35971369144489657,
            "Sr_pval": 1.12912927706726e-125,
            "num": 4106.0,
            "num_struc": 308.0
        },
        "multi_point_mutations": {
            "Pr": -0.35267007173779674,
            "Pr_pval": 2.882252800719444e-48,
            "Sr": -0.3708591125285874,
            "Sr_pval": 1.4460603239763274e-53,
            "num": 1607.0,
            "num_struc": 142.0
        }
    },
    "Per-Structure": {
        "all_types_of_mutations": {
            "Pr": -0.32372637544809113,
            "Pr_pval": 1.3504688134049569e-108,
            "Sr": -0.3191756925071022,
            "Sr_pval": 6.132624546652025e-98,
            "num": 5025.0,
            "num_struc": 116.0
        },
        "single_point_mutations": {
            "Pr": -0.3595716703740625,
            "Pr_pval": 3.3891211276582634e-109,
            "Sr": -0.33709155656441775,
            "Sr_pval": 6.393335042914996e-81,
            "num": 3485.0,
            "num_struc": 93.0
        },
        "multi_point_mutations": {
            "Pr": -0.30778478671787557,
            "Pr_pval": 1.2655305411338123e-28,
            "Sr": -0.32390206220591206,
            "Sr_pval": 5.13619471912914e-29,
            "num": 1304.0,
            "num_struc": 41.0
        }
    }
}