{
    "ETP_AVERAGE": {
        "pearson": [
            0.14122159974992782,
            1.1364989956609224e-31
        ],
        "spearman": [
            0.1553651172655041,
            4.726178554920787e-38
        ],
        "count": 6809
    },
    "DOX_Average": {
        "pearson": [
            0.023057644272276835,
            0.057100136665091686
        ],
        "spearman": [
            0.008943746055544793,
            0.46058290174737637
        ],
        "count": 6809
    },
    "SCH_Average": {
        "pearson": [
            0.1397426620158161,
            4.860075482770666e-31
        ],
        "spearman": [
            0.1349211347306485,
            4.9748201611567547e-29
        ],
        "count": 6809
    },
    "VRT_AVERAGE": {
        "pearson": [
            0.131164322013749,
            1.633260775876675e-27
        ],
        "spearman": [
            0.14326992670982036,
            1.480012953846771e-32
        ],
        "count": 6809
    }
}