{
    "ETP_AVERAGE": {
        "pearson": [
            0.14981324919859723,
            7.028448275478581e-34
        ],
        "spearman": [
            0.16514471897495206,
            6.772577253677335e-41
        ],
        "count": 6488
    },
    "DOX_Average": {
        "pearson": [
            0.016756807160111586,
            0.17715586848124132
        ],
        "spearman": [
            -0.001632051967810086,
            0.8954324056128753
        ],
        "count": 6488
    },
    "SCH_Average": {
        "pearson": [
            0.1508371107832458,
            2.514037488199449e-34
        ],
        "spearman": [
            0.1484124501230496,
            2.835547259228772e-33
        ],
        "count": 6488
    },
    "VRT_AVERAGE": {
        "pearson": [
            0.1481976151395244,
            3.507706675607444e-33
        ],
        "spearman": [
            0.1644639476449439,
            1.4367574128002074e-40
        ],
        "count": 6488
    }
}