{
    "linear": {
        "pearson": [
            0.6191250517076694,
            0.0
        ],
        "spearman": [
            0.6362569833990458,
            0.0
        ],
        "count": 5468
    }
}