{
    "Overall": {
        "all_types_of_mutations": {
            "Pr": -0.18717463714506927,
            "Pr_pval": 2.6405389217393424e-46,
            "Sr": -0.19117746289248763,
            "Sr_pval": 2.885979778885752e-48,
            "num": 5726.0
        },
        "single_point_mutations": {
            "Pr": -0.2168969551515087,
            "Pr_pval": 4.874875385911987e-45,
            "Sr": -0.19679261767554565,
            "Sr_pval": 3.1360015856259927e-37,
            "num": 4118.0
        },
        "multi_point_mutations": {
            "Pr": -0.23891686174398713,
            "Pr_pval": 2.625635587341279e-22,
            "Sr": -0.2536650108570891,
            "Sr_pval": 4.971514181837266e-25,
            "num": 1608.0
        }
    },
    "Per-Structure": {
        "all_types_of_mutations": {
            "Pr": -0.20028121171481264,
            "Pr_pval": 7.662900760773121e-37,
            "Sr": -0.2012156463940487,
            "Sr_pval": 1.0461976478847602e-31,
            "num": 5025.0
        },
        "single_point_mutations": {
            "Pr": -0.22121738642375777,
            "Pr_pval": 3.993699504738714e-27,
            "Sr": -0.21401886557535718,
            "Sr_pval": 2.664094876919902e-22,
            "num": 3485.0
        },
        "multi_point_mutations": {
            "Pr": -0.26921055185567166,
            "Pr_pval": 3.071124659913659e-23,
            "Sr": -0.28201920700255917,
            "Sr_pval": 3.517956213438672e-23,
            "num": 1304.0
        }
    }
}