{
    "Overall": {
        "all_types_of_mutations": {
            "Pr": -0.18702410461903976,
            "Pr_pval": 3.123148999335401e-46,
            "Sr": -0.19121842942730308,
            "Sr_pval": 2.7541711128083176e-48,
            "num": 5726.0,
            "num_struc": 333.0
        },
        "single_point_mutations": {
            "Pr": -0.21749107639114518,
            "Pr_pval": 2.7842101431740287e-45,
            "Sr": -0.19765558572285383,
            "Sr_pval": 1.5064242544125472e-37,
            "num": 4118.0,
            "num_struc": 310.0
        },
        "multi_point_mutations": {
            "Pr": -0.23746245972268681,
            "Pr_pval": 4.764159676592125e-22,
            "Sr": -0.2510325925516413,
            "Sr_pval": 1.5695380976860646e-24,
            "num": 1608.0,
            "num_struc": 143.0
        }
    },
    "Per-Structure": {
        "all_types_of_mutations": {
            "Pr": -0.20121034198028168,
            "Pr_pval": 1.8361569933833307e-37,
            "Sr": -0.20169821680631464,
            "Sr_pval": 4.996121941850907e-32,
            "num": 5025.0,
            "num_struc": 116.0
        },
        "single_point_mutations": {
            "Pr": -0.2231120056519761,
            "Pr_pval": 1.23089843030022e-27,
            "Sr": -0.21495710121542497,
            "Sr_pval": 1.781239498377738e-22,
            "num": 3485.0,
            "num_struc": 93.0
        },
        "multi_point_mutations": {
            "Pr": -0.26038607049772344,
            "Pr_pval": 1.654919795302372e-22,
            "Sr": -0.27834609305433033,
            "Sr_pval": 1.25786202243607e-22,
            "num": 1304.0,
            "num_struc": 41.0
        }
    }
}