{
    "1D5R": {
        "pearson": [
            0.4362050977667785,
            8.536224461608997e-150
        ],
        "spearman": [
            0.43606550494845586,
            1.087779962421084e-149
        ],
        "count": 3222
    },
    "2H11": {
        "pearson": [
            0.5449929704774142,
            1.9522671909463923e-264
        ],
        "spearman": [
            0.5424211530709897,
            1.7597464150354637e-261
        ],
        "count": 3427
    },
    "5BON": {
        "pearson": [
            0.4833600102920128,
            5.7520781671745445e-164
        ],
        "spearman": [
            0.4535278495454962,
            3.623693167017073e-142
        ],
        "count": 2801
    },
    "overall": {
        "pearson": [
            0.44362608513373436,
            0.0
        ],
        "spearman": [
            0.4615096721914253,
            0.0
        ],
        "count": 9450
    }
}