{
    "1D5R": {
        "pearson": [
            0.4362050977667785,
            8.536224461608997e-150
        ],
        "spearman": [
            0.43606550494845586,
            1.087779962421084e-149
        ],
        "count": 3222
    },
    "2H11": {
        "pearson": [
            0.5447066981555195,
            4.175669303560353e-264
        ],
        "spearman": [
            0.5414280667401257,
            2.3966921068411228e-260
        ],
        "count": 3427
    },
    "5BON": {
        "pearson": [
            0.47827721393857436,
            4.251710422602603e-160
        ],
        "spearman": [
            0.44765694286738694,
            3.9790591247436243e-138
        ],
        "count": 2801
    },
    "overall": {
        "pearson": [
            0.4452992272144932,
            0.0
        ],
        "spearman": [
            0.4609015962806638,
            0.0
        ],
        "count": 9450
    }
}