{
    "acetamide_normalized_fitness": {
        "pearson": [
            0.28906238008157537,
            2.120901079384864e-127
        ],
        "spearman": [
            0.40036218812488317,
            5.159226633593933e-253
        ],
        "count": 6610
    },
    "isobutyramide_normalized_fitness": {
        "pearson": [
            0.48979875767231085,
            0.0
        ],
        "spearman": [
            0.49311853919376936,
            0.0
        ],
        "count": 6548
    },
    "propionamide_normalized_fitness": {
        "pearson": [
            0.3627917686094297,
            7.97748215781364e-205
        ],
        "spearman": [
            0.4075651251029745,
            4.857325579821921e-263
        ],
        "count": 6611
    }
}