{
    "acetamide_normalized_fitness": {
        "pearson": [
            0.28038587204901233,
            5.2062152067818685e-120
        ],
        "spearman": [
            0.38632483771687914,
            6.426936514024537e-235
        ],
        "count": 6629
    },
    "isobutyramide_normalized_fitness": {
        "pearson": [
            0.4747643173032622,
            0.0
        ],
        "spearman": [
            0.4831295076367475,
            0.0
        ],
        "count": 6568
    },
    "propionamide_normalized_fitness": {
        "pearson": [
            0.35241769716713206,
            3.529893484874897e-193
        ],
        "spearman": [
            0.3944527130560235,
            8.932458956493425e-246
        ],
        "count": 6631
    }
}