{
    "Ami11_avg": {
        "pearson": [
            0.21747788175292304,
            2.572293342303682e-55
        ],
        "spearman": [
            0.15689608422817583,
            2.704432771377231e-29
        ],
        "count": 5068
    },
    "Ami12_avg": {
        "pearson": [
            0.3861134029409696,
            3.5656470497240623e-174
        ],
        "spearman": [
            0.41650812627555717,
            3.49235198835384e-205
        ],
        "count": 4906
    },
    "Ami14_avg": {
        "pearson": [
            0.3581735263659823,
            2.194296684344282e-147
        ],
        "spearman": [
            0.369988743105369,
            6.925346419479078e-158
        ],
        "count": 4871
    },
    "Ami18_avg": {
        "pearson": [
            0.036909975595356234,
            0.008514029101311507
        ],
        "spearman": [
            0.04705200009559572,
            0.0007947336346302838
        ],
        "count": 5080
    },
    "G41811_avg": {
        "pearson": [
            0.35486780677291246,
            1.4992301728052827e-145
        ],
        "spearman": [
            0.33013938394605247,
            4.435074193342814e-125
        ],
        "count": 4906
    },
    "G41812_avg": {
        "pearson": [
            0.3986950631649192,
            1.8629605008186886e-183
        ],
        "spearman": [
            0.456974873145274,
            1.720487925614075e-247
        ],
        "count": 4822
    },
    "G41814_avg": {
        "pearson": [
            0.3485449221173337,
            3.633916473402975e-144
        ],
        "spearman": [
            0.3912688025345946,
            2.2549087706492035e-184
        ],
        "count": 5049
    },
    "Kan11_avg": {
        "pearson": [
            0.3882586374219288,
            2.0958926230824633e-175
        ],
        "spearman": [
            0.33974151112192824,
            3.624921391570206e-132
        ],
        "count": 4882
    },
    "Kan12_avg": {
        "pearson": [
            0.4367456317027014,
            1.1056127087252562e-219
        ],
        "spearman": [
            0.4649462341381532,
            1.678605521546872e-252
        ],
        "count": 4732
    },
    "Kan14_avg": {
        "pearson": [
            0.39588830586078216,
            1.5581340077742633e-181
        ],
        "spearman": [
            0.4432214099109145,
            2.5549501321624036e-232
        ],
        "count": 4845
    },
    "Kan18_avg": {
        "pearson": [
            0.36719474575942757,
            4.954200599958399e-161
        ],
        "spearman": [
            0.41207249179396116,
            2.5514391775081657e-206
        ],
        "count": 5051
    },
    "Neo11_avg": {
        "pearson": [
            0.3827534485665839,
            1.1531596743321821e-172
        ],
        "spearman": [
            0.31405627676909625,
            7.079584461826365e-114
        ],
        "count": 4956
    },
    "Neo12_avg": {
        "pearson": [
            0.441607821986184,
            6.372987609404569e-231
        ],
        "spearman": [
            0.48338990563654904,
            8.224355697074863e-283
        ],
        "count": 4855
    },
    "Neo14_avg": {
        "pearson": [
            0.40685925489113905,
            3.1010540234317186e-199
        ],
        "spearman": [
            0.4479464380361348,
            4.4774201008902477e-246
        ],
        "count": 5014
    },
    "Neo18_avg": {
        "pearson": [
            0.3196729041292209,
            1.9394792428123616e-120
        ],
        "spearman": [
            0.3574662830499843,
            3.2737864954250988e-152
        ],
        "count": 5054
    },
    "Paro11_avg": {
        "pearson": [
            0.27191178258653503,
            1.582481180139518e-86
        ],
        "spearman": [
            0.21064208819170605,
            7.040445285028782e-52
        ],
        "count": 5063
    },
    "Paro12_avg": {
        "pearson": [
            0.4057357913058067,
            1.1990206885936638e-192
        ],
        "spearman": [
            0.4016850707633802,
            1.6549608376660127e-188
        ],
        "count": 4876
    },
    "Paro14_avg": {
        "pearson": [
            0.4243294361253189,
            1.2355957158266278e-210
        ],
        "spearman": [
            0.45869790941250055,
            3.001134189546099e-250
        ],
        "count": 4835
    },
    "Paro18_avg": {
        "pearson": [
            0.4276476273779515,
            3.896937134955213e-219
        ],
        "spearman": [
            0.46078162795857636,
            1.4730137599939018e-258
        ],
        "count": 4946
    },
    "Ribo11_avg": {
        "pearson": [
            0.40975278155717,
            2.273827925514634e-197
        ],
        "spearman": [
            0.39572162973921865,
            4.910466065502121e-183
        ],
        "count": 4890
    },
    "Ribo12_avg": {
        "pearson": [
            0.4675287252745792,
            3.1917494149918024e-263
        ],
        "spearman": [
            0.49689314759065206,
            2.7056072541605235e-302
        ],
        "count": 4873
    },
    "Ribo14_avg": {
        "pearson": [
            0.42992557221669914,
            4.39263494005398e-225
        ],
        "spearman": [
            0.4657942764059114,
            5.9535005294137565e-269
        ],
        "count": 5022
    },
    "Ribo18_avg": {
        "pearson": [
            0.38409370896146733,
            1.2360499363388973e-176
        ],
        "spearman": [
            0.4146493806973179,
            2.114664585461894e-208
        ],
        "count": 5033
    }
}