{
    "Ami11_avg": {
        "pearson": [
            0.2322221298398204,
            3.6400654877010787e-65
        ],
        "spearman": [
            0.17030622925192346,
            1.9881204199912811e-35
        ],
        "count": 5245
    },
    "Ami12_avg": {
        "pearson": [
            0.4054407284168893,
            5.566257547780006e-199
        ],
        "spearman": [
            0.4308158328225502,
            3.512667129003471e-227
        ],
        "count": 5046
    },
    "Ami14_avg": {
        "pearson": [
            0.37241460642360213,
            3.4561089800229798e-164
        ],
        "spearman": [
            0.3791752232072647,
            1.2973053406730561e-170
        ],
        "count": 4997
    },
    "Ami18_avg": {
        "pearson": [
            0.044510885455072785,
            0.001244808732399212
        ],
        "spearman": [
            0.04846555306839575,
            0.00043881470058101024
        ],
        "count": 5258
    },
    "G41811_avg": {
        "pearson": [
            0.36570666666084206,
            1.1135634182992192e-159
        ],
        "spearman": [
            0.3462457726258692,
            2.9572496386828584e-142
        ],
        "count": 5052
    },
    "G41812_avg": {
        "pearson": [
            0.4176294081062487,
            1.3430526082754289e-208
        ],
        "spearman": [
            0.47223454100297296,
            6.036360344932404e-274
        ],
        "count": 4959
    },
    "G41814_avg": {
        "pearson": [
            0.3603808662665658,
            5.0574982886539256e-160
        ],
        "spearman": [
            0.39775545682022784,
            1.2981680163373159e-197
        ],
        "count": 5225
    },
    "Kan11_avg": {
        "pearson": [
            0.4080489797201675,
            2.9011982711351935e-200
        ],
        "spearman": [
            0.36595234271599336,
            1.5648965610084334e-158
        ],
        "count": 5008
    },
    "Kan12_avg": {
        "pearson": [
            0.45313491535642236,
            5.668420266700254e-244
        ],
        "spearman": [
            0.483271064311733,
            5.11688182914506e-282
        ],
        "count": 4844
    },
    "Kan14_avg": {
        "pearson": [
            0.40899890987079673,
            7.701887231972348e-201
        ],
        "spearman": [
            0.4570789678541149,
            1.5709783867259284e-256
        ],
        "count": 4997
    },
    "Kan18_avg": {
        "pearson": [
            0.3749604320331585,
            4.557571861646132e-174
        ],
        "spearman": [
            0.41798501541566446,
            4.777624201525124e-220
        ],
        "count": 5224
    },
    "Neo11_avg": {
        "pearson": [
            0.3897364266456624,
            6.728379664947472e-184
        ],
        "spearman": [
            0.32983471988907265,
            3.575316874880415e-129
        ],
        "count": 5079
    },
    "Neo12_avg": {
        "pearson": [
            0.45161861389704755,
            2.098142660848843e-248
        ],
        "spearman": [
            0.49714462227701905,
            1.249980959845535e-308
        ],
        "count": 4970
    },
    "Neo14_avg": {
        "pearson": [
            0.40871980485999293,
            8.182299573536913e-208
        ],
        "spearman": [
            0.45077223648169157,
            9.775798890589988e-258
        ],
        "count": 5180
    },
    "Neo18_avg": {
        "pearson": [
            0.32419612623758887,
            3.651361731837751e-128
        ],
        "spearman": [
            0.35721843911181866,
            4.2874064188043896e-157
        ],
        "count": 5226
    },
    "Paro11_avg": {
        "pearson": [
            0.2784692557421189,
            9.970079783099194e-94
        ],
        "spearman": [
            0.22010178663919286,
            2.2212955993945928e-58
        ],
        "count": 5228
    },
    "Paro12_avg": {
        "pearson": [
            0.41151325420465934,
            2.990415930900901e-203
        ],
        "spearman": [
            0.4194990563893458,
            6.015680364387972e-212
        ],
        "count": 4990
    },
    "Paro14_avg": {
        "pearson": [
            0.4502594140126508,
            3.74977142933597e-246
        ],
        "spearman": [
            0.4805014349313943,
            7.302622364071726e-285
        ],
        "count": 4958
    },
    "Paro18_avg": {
        "pearson": [
            0.44025320936870815,
            1.3475711898765909e-240
        ],
        "spearman": [
            0.4754025313245111,
            1.0942674970324091e-285
        ],
        "count": 5095
    },
    "Ribo11_avg": {
        "pearson": [
            0.4195764570233624,
            1.701485784642134e-212
        ],
        "spearman": [
            0.41024707867787436,
            2.4677121397242596e-202
        ],
        "count": 5001
    },
    "Ribo12_avg": {
        "pearson": [
            0.4798187561830109,
            1.9015472912980884e-286
        ],
        "spearman": [
            0.5119600927123307,
            0.0
        ],
        "count": 5002
    },
    "Ribo14_avg": {
        "pearson": [
            0.4387284939597913,
            6.80050273840099e-243
        ],
        "spearman": [
            0.47555317123671975,
            7.511551084467621e-291
        ],
        "count": 5184
    },
    "Ribo18_avg": {
        "pearson": [
            0.38789363347072875,
            2.5214104531748583e-186
        ],
        "spearman": [
            0.41636941651621534,
            3.3475284140906376e-217
        ],
        "count": 5200
    }
}