{
    "overall": {
        "pearson": [
            -0.6164841698531736,
            5.409564292529962e-07
        ],
        "spearman": [
            -0.5821267345983218,
            3.1335781842034217e-06
        ],
        "count": 55
    }
}