{
    "fitness_min": {
        "pearson": [
            0.38426979851350856,
            3.4912590028133155e-51
        ],
        "spearman": [
            0.23669832484339498,
            1.5611800943805083e-19
        ],
        "count": 1420
    },
    "fitness_rich": {
        "pearson": [
            0.33258301661137313,
            5.100269457386116e-38
        ],
        "spearman": [
            0.25148051792531784,
            6.379536597957462e-22
        ],
        "count": 1420
    }
}