{
    "fitness_min": {
        "pearson": [
            0.37523064049978094,
            2.4800542643459436e-49
        ],
        "spearman": [
            0.262141158113916,
            4.846807780339773e-24
        ],
        "count": 1439
    },
    "fitness_rich": {
        "pearson": [
            0.34698598356631916,
            5.621285164515033e-42
        ],
        "spearman": [
            0.29096643235575453,
            1.7888501995800594e-29
        ],
        "count": 1439
    }
}