{
    "score": {
        "pearson": [
            0.38600398068463015,
            8.980777861650279e-135
        ],
        "spearman": [
            0.3978245868323956,
            8.811505599701033e-144
        ],
        "count": 3786
    }
}