{
    "score": {
        "pearson": [
            0.3673100361538423,
            8.759259089198535e-113
        ],
        "spearman": [
            0.38411612600302275,
            4.996790339116706e-124
        ],
        "count": 3517
    }
}