{
    "score": {
        "pearson": [
            0.3647365043508585,
            4.035768166225413e-111
        ],
        "spearman": [
            0.3870036898838772,
            5.001884071925137e-126
        ],
        "count": 3517
    }
}