{
    "fitness_min": {
        "pearson": [
            0.43274125618931125,
            9.636947223230018e-67
        ],
        "spearman": [
            0.2592249717816913,
            1.5821143196608312e-23
        ],
        "count": 1439
    },
    "fitness_rich": {
        "pearson": [
            0.426828165041791,
            8.614790255549978e-65
        ],
        "spearman": [
            0.31281221077399135,
            4.924768325457777e-34
        ],
        "count": 1439
    }
}