{
    "fitness_min": {
        "pearson": [
            0.3682537465913689,
            1.908680385009734e-47
        ],
        "spearman": [
            0.26360870162098177,
            2.657340773784607e-24
        ],
        "count": 1439
    },
    "fitness_rich": {
        "pearson": [
            0.3647775283146072,
            1.5971204229557435e-46
        ],
        "spearman": [
            0.312525182470365,
            5.686640054755517e-34
        ],
        "count": 1439
    }
}