{
    "selection_coefficient": {
        "pearson": [
            0.23894959582105377,
            1.921417965678102e-56
        ],
        "spearman": [
            0.18405142085325263,
            8.276642321747836e-34
        ],
        "count": 4265
    }
}