{
    "function_score": {
        "pearson": [
            0.4410761302533703,
            2.8832144856281302e-70
        ],
        "spearman": [
            0.4135944724976709,
            3.552159611955169e-61
        ],
        "count": 1454
    }
}