{
    "function_score": {
        "pearson": [
            0.5173597414275766,
            1.2088208454058368e-102
        ],
        "spearman": [
            0.4729146038629789,
            8.986103756978493e-84
        ],
        "count": 1488
    }
}