{
    "log2_ratio": {
        "pearson": [
            0.22748335542776582,
            5.130999903976414e-12
        ],
        "spearman": [
            0.22107226784150932,
            2.0508324251858193e-11
        ],
        "count": 899
    }
}