{
    "log2_ratio": {
        "pearson": [
            0.1975973757544448,
            2.295335305687844e-09
        ],
        "spearman": [
            0.19060120187965093,
            8.421909923056135e-09
        ],
        "count": 899
    }
}