{
    "attenuated": {
        "pearson": [
            0.048942566353869975,
            0.006135345797402723
        ],
        "spearman": [
            0.048106686072912686,
            0.007068485337834991
        ],
        "count": 3134
    },
    "regulated": {
        "pearson": [
            0.3743855949213498,
            7.485890330613556e-105
        ],
        "spearman": [
            0.34556218141401385,
            1.3417014924129206e-88
        ],
        "count": 3134
    },
    "unregulated": {
        "pearson": [
            0.3634493461453915,
            1.736841457899743e-98
        ],
        "spearman": [
            0.34389628643502324,
            1.038099636881677e-87
        ],
        "count": 3134
    }
}