{
    "attenuated": {
        "pearson": [
            0.09071662662677726,
            3.6381730130317807e-07
        ],
        "spearman": [
            0.07500117455791741,
            2.6343344309495328e-05
        ],
        "count": 3134
    },
    "regulated": {
        "pearson": [
            0.4245789255126246,
            2.168688026940468e-137
        ],
        "spearman": [
            0.3970190152891708,
            7.883855456929984e-119
        ],
        "count": 3134
    },
    "unregulated": {
        "pearson": [
            0.4249144418653544,
            1.2570233170183988e-137
        ],
        "spearman": [
            0.4053607804767514,
            2.8990170564634754e-124
        ],
        "count": 3134
    }
}