{
    "attenuated": {
        "pearson": [
            0.0699752333429544,
            8.832623478810338e-05
        ],
        "spearman": [
            0.05807295943185865,
            0.001143959508900451
        ],
        "count": 3134
    },
    "regulated": {
        "pearson": [
            0.4232221173962165,
            1.9556085516864234e-136
        ],
        "spearman": [
            0.3849844244715869,
            2.9248983541212436e-111
        ],
        "count": 3134
    },
    "unregulated": {
        "pearson": [
            0.4275048632610787,
            1.8263905369937008e-139
        ],
        "spearman": [
            0.4006977375458635,
            3.3062480315720695e-121
        ],
        "count": 3134
    }
}