{
    "fitness": {
        "pearson": [
            0.13458286735678196,
            1.6782649989820922e-07
        ],
        "spearman": [
            0.06769348557182756,
            0.0087266671545686
        ],
        "count": 1500
    }
}