{
    "1PGA": {
        "pearson": [
            -0.7274391844820317,
            3.413686206033543e-150
        ],
        "spearman": [
            -0.6753449943372226,
            8.299978101162814e-122
        ],
        "count": 907,
        "pearson - filtered rosetta [-1;7]": [
            -0.7191307864603635,
            1.815188363753775e-134
        ],
        "spearman - filtered rosetta [-1;7]": [
            -0.6767686909016425,
            1.9176950135685162e-113
        ],
        "count - filtered rosetta [-1;7]": 839
    },
    "overall": {
        "pearson": [
            -0.7274391844820317,
            3.413686206033543e-150
        ],
        "spearman": [
            -0.6753449943372226,
            8.299978101162814e-122
        ],
        "count": 907,
        "pearson - filtered rosetta [-1;7]": [
            -0.7191307864603635,
            1.815188363753775e-134
        ],
        "spearman - filtered rosetta [-1;7]": [
            -0.6767686909016425,
            1.9176950135685162e-113
        ],
        "count - filtered rosetta [-1;7]": 839
    }
}