{
    "fitness": {
        "pearson": [
            0.26909014586445645,
            2.6942712816186876e-26
        ],
        "spearman": [
            0.2761099767584871,
            1.1872716990230494e-27
        ],
        "count": 1500
    }
}