{
    "react_rel": {
        "pearson": [
            0.35385408165800725,
            1.3994038642866719e-43
        ],
        "spearman": [
            0.4218741865730357,
            5.143058506041852e-63
        ],
        "count": 1435
    }
}