{
    "react_rel": {
        "pearson": [
            0.20641666038966935,
            2.8401002097771224e-15
        ],
        "spearman": [
            0.27983982246014283,
            3.1498726534311443e-27
        ],
        "count": 1435
    }
}