{
    "react_rel": {
        "pearson": [
            0.19931398879508733,
            2.5309908220094413e-14
        ],
        "spearman": [
            0.27327202173022924,
            5.400860538688842e-26
        ],
        "count": 1435
    }
}