{
    "Overall": {
        "all_types_of_mutations": {
            "Pr": -0.10775972775543231,
            "Pr_pval": 0.03854591151235286,
            "Sr": -0.1374660860478935,
            "Sr_pval": 0.008187398071024221,
            "num": 369.0,
            "num_struc": 38.0
        },
        "single_point_mutations": {
            "Pr": -0.23184675829629664,
            "Pr_pval": 0.00016681892049179441,
            "Sr": -0.23665446347593241,
            "Sr_pval": 0.00012058705756357842,
            "num": 259.0,
            "num_struc": 35.0
        },
        "multi_point_mutations": {
            "Pr": 0.009581594595938412,
            "Pr_pval": 0.9208628366170957,
            "Sr": 0.05921350723325185,
            "Sr_pval": 0.5388971085321013,
            "num": 110.0,
            "num_struc": 16.0
        }
    },
    "Per-Structure": {
        "all_types_of_mutations": {
            "Pr": -0.3256969809243294,
            "Pr_pval": 0.000148331979144054,
            "Sr": -0.30284916305481235,
            "Sr_pval": 1.2114340563238478e-06,
            "num": 265.0,
            "num_struc": 8.0
        },
        "single_point_mutations": {
            "Pr": -0.42049452113804475,
            "Pr_pval": 4.328426902052806e-06,
            "Sr": -0.4407869752223005,
            "Sr_pval": 8.749575926190561e-07,
            "num": 180.0,
            "num_struc": 7.0
        },
        "multi_point_mutations": {
            "Pr": 0.2709360744126683,
            "Pr_pval": 0.10038005554686896,
            "Sr": 0.3166309724222647,
            "Sr_pval": 0.04189223999765142,
            "num": 78.0,
            "num_struc": 2.0
        }
    }
}