{
    "Overall": {
        "all_types_of_mutations": {
            "Pr": -0.15610989615792348,
            "Pr_pval": 0.0026025571015375532,
            "Sr": -0.18942578623166656,
            "Sr_pval": 0.000247744394314197,
            "num": 370.0,
            "num_struc": 38.0
        },
        "single_point_mutations": {
            "Pr": -0.2007115036030908,
            "Pr_pval": 0.0011636923165155419,
            "Sr": -0.1859570763953719,
            "Sr_pval": 0.0026604458793023328,
            "num": 259.0,
            "num_struc": 35.0
        },
        "multi_point_mutations": {
            "Pr": -0.2207513528218401,
            "Pr_pval": 0.01989977060947574,
            "Sr": -0.22754346523815405,
            "Sr_pval": 0.01631565408798738,
            "num": 111.0,
            "num_struc": 16.0
        }
    },
    "Per-Structure": {
        "all_types_of_mutations": {
            "Pr": -0.29806121152598053,
            "Pr_std": 0.1925326429458933,
            "Pr_pval": 0.002365103007393466,
            "Sr": -0.310603689157131,
            "Sr_std": 0.22176166577116294,
            "Sr_pval": 0.00033857524995477306,
            "num": 266.0,
            "num_struc": 8.0
        },
        "single_point_mutations": {
            "Pr": -0.3410380072465765,
            "Pr_std": 0.19830512742598255,
            "Pr_pval": 0.0017337457924764775,
            "Sr": -0.3610465539749511,
            "Sr_std": 0.20834963189299557,
            "Sr_pval": 0.00032736758769927093,
            "num": 180.0,
            "num_struc": 7.0
        },
        "multi_point_mutations": {
            "Pr": -0.007351114991404978,
            "Pr_std": 0.23072397868604996,
            "Pr_pval": 0.11230252933285574,
            "Sr": -0.09728599085314799,
            "Sr_std": 0.19621200094021796,
            "Sr_pval": 0.0889504886728273,
            "num": 79.0,
            "num_struc": 2.0
        }
    }
}