{
    "linear": {
        "pearson": [
            0.5718200371120968,
            0.0
        ],
        "spearman": [
            0.5870659856896122,
            0.0
        ],
        "count": 5468
    }
}