{
    "fitness": {
        "pearson": [
            0.3473079434500025,
            2.6637186980009245e-44
        ],
        "spearman": [
            0.340368346476231,
            1.6480771387177554e-42
        ],
        "count": 1519
    }
}