{
    "fitness": {
        "pearson": [
            0.36020355364440493,
            9.423579963546721e-48
        ],
        "spearman": [
            0.35757794867674697,
            4.897356081617141e-47
        ],
        "count": 1519
    }
}