{
    "Caffeine": {
        "pearson": [
            0.22129751673662748,
            9.420221307162574e-16
        ],
        "spearman": [
            0.23101394741202,
            4.59697782696459e-17
        ],
        "count": 1288
    },
    "DMSO": {
        "pearson": [
            0.14439925082307317,
            1.3135600020750097e-07
        ],
        "spearman": [
            0.164574691364772,
            1.7035825472019741e-09
        ],
        "count": 1324
    },
    "DTT": {
        "pearson": [
            0.20414243960931983,
            1.5152620782043856e-13
        ],
        "spearman": [
            0.20476029019117545,
            1.2759140182976372e-13
        ],
        "count": 1284
    },
    "HU": {
        "pearson": [
            0.15030309064543693,
            7.122622677944057e-08
        ],
        "spearman": [
            0.1213704883989568,
            1.4106294124428431e-05
        ],
        "count": 1273
    },
    "MG132": {
        "pearson": [
            0.1461085097585136,
            2.2933477138703175e-07
        ],
        "spearman": [
            0.16681893590501182,
            3.2788126400652054e-09
        ],
        "count": 1243
    }
}