{
    "Caffeine": {
        "pearson": [
            0.2065218283216326,
            7.130539687946074e-14
        ],
        "spearman": [
            0.2282360281859256,
            1.1057832907746445e-16
        ],
        "count": 1288
    },
    "DMSO": {
        "pearson": [
            0.1310016702853774,
            1.72822057874851e-06
        ],
        "spearman": [
            0.14487292659010406,
            1.193825478410834e-07
        ],
        "count": 1324
    },
    "DTT": {
        "pearson": [
            0.20068394775686565,
            3.9270102960368483e-13
        ],
        "spearman": [
            0.21455308893974964,
            7.771405358598395e-15
        ],
        "count": 1284
    },
    "HU": {
        "pearson": [
            0.13660797689815993,
            9.97067709924468e-07
        ],
        "spearman": [
            0.1163030760336029,
            3.187514707605335e-05
        ],
        "count": 1273
    },
    "MG132": {
        "pearson": [
            0.13266881698851693,
            2.686305174367624e-06
        ],
        "spearman": [
            0.15299928301795868,
            5.936894310538262e-08
        ],
        "count": 1243
    }
}