{
    "linear": {
        "pearson": [
            0.5955782124147121,
            0.0
        ],
        "spearman": [
            0.618100831577867,
            0.0
        ],
        "count": 5468
    }
}