{
    "1AMQ": {
        "pearson": [
            -0.6342607228135493,
            0.3657392771864507
        ],
        "spearman": [
            -0.7999999999999999,
            0.20000000000000007
        ],
        "count": 4
    },
    "1BNI": {
        "pearson": [
            -0.6950965869023631,
            0.0083539265206065
        ],
        "spearman": [
            -0.7741076205673916,
            0.0018973128446304903
        ],
        "count": 13
    },
    "1CEY": {
        "pearson": [
            0.9564474963809811,
            0.18857783263406025
        ],
        "spearman": [
            0.5,
            0.6666666666666667
        ],
        "count": 3
    },
    "1EY0": {
        "pearson": [
            -0.16774387845294253,
            0.3935383557855905
        ],
        "spearman": [
            -0.05367658385241857,
            0.7861790006412106
        ],
        "count": 28
    },
    "1IHB": {
        "pearson": [
            -0.2845864038156922,
            0.8162874716998846
        ],
        "spearman": [
            -0.5,
            0.6666666666666667
        ],
        "count": 3
    },
    "1L63": {
        "pearson": [
            -0.6328399510529608,
            1.494436783536704e-14
        ],
        "spearman": [
            -0.6223839536720827,
            5.3322756885468266e-14
        ],
        "count": 118
    },
    "1LZ1": {
        "pearson": [
            -0.5519611472991319,
            3.313412776970921e-06
        ],
        "spearman": [
            -0.5417380043705688,
            5.438554585939497e-06
        ],
        "count": 62
    },
    "1OH0": {
        "pearson": [
            -1.0,
            1.0
        ],
        "spearman": [
            -0.9999999999999999,
            NaN
        ],
        "count": 2
    },
    "1VQB": {
        "pearson": [
            -0.0735249489586948,
            0.9064695417110799
        ],
        "spearman": [
            0.09999999999999999,
            0.8728885715695383
        ],
        "count": 5
    },
    "2LZM": {
        "pearson": [
            -0.6482790104309537,
            3.981636757072219e-09
        ],
        "spearman": [
            -0.6913349475895035,
            1.3106638666548768e-10
        ],
        "count": 66
    },
    "2RN2": {
        "pearson": [
            -0.23341491228138112,
            0.3512499593962283
        ],
        "spearman": [
            -0.20600513421693606,
            0.4121523299230109
        ],
        "count": 18
    },
    "3ZCF": {
        "pearson": [
            1.0,
            1.0
        ],
        "spearman": [
            0.9999999999999999,
            NaN
        ],
        "count": 2
    },
    "4BVM": {
        "pearson": [
            0.7062472096335708,
            0.18246447010436548
        ],
        "spearman": [
            0.49999999999999994,
            0.39100221895577053
        ],
        "count": 5
    },
    "4LYZ": {
        "pearson": [
            -0.2331778047640355,
            0.42239115543978245
        ],
        "spearman": [
            -0.32928679358545854,
            0.25029496842655863
        ],
        "count": 14
    },
    "5PTI": {
        "pearson": [
            0.23078013543888337,
            0.7087911292674846
        ],
        "spearman": [
            -0.3,
            0.6238376647810728
        ],
        "count": 5
    },
    "overall": {
        "pearson": [
            -0.5557111058674815,
            6.472160035983253e-30
        ],
        "spearman": [
            -0.5908428901387749,
            1.6649328939558582e-34
        ],
        "count": 352
    }
}