{
    "1AMQ": {
        "pearson": [
            -0.6342607228135493,
            0.3657392771864507
        ],
        "spearman": [
            -0.7999999999999999,
            0.20000000000000007
        ],
        "count": 4
    },
    "1BNI": {
        "pearson": [
            -0.6947931301835273,
            0.008394270535042209
        ],
        "spearman": [
            -0.7741076205673916,
            0.0018973128446304903
        ],
        "count": 13
    },
    "1CEY": {
        "pearson": [
            0.9552383585401273,
            0.19119721464831105
        ],
        "spearman": [
            0.5,
            0.6666666666666667
        ],
        "count": 3
    },
    "1EY0": {
        "pearson": [
            -0.1629160884789992,
            0.40748793328513033
        ],
        "spearman": [
            -0.04819938141849831,
            0.8075713511850624
        ],
        "count": 28
    },
    "1IHB": {
        "pearson": [
            -0.2845864038156922,
            0.8162874716998846
        ],
        "spearman": [
            -0.5,
            0.6666666666666667
        ],
        "count": 3
    },
    "1L63": {
        "pearson": [
            -0.6328399510529608,
            1.494436783536704e-14
        ],
        "spearman": [
            -0.6223839536720827,
            5.3322756885468266e-14
        ],
        "count": 118
    },
    "1LZ1": {
        "pearson": [
            -0.5519611472991319,
            3.313412776970921e-06
        ],
        "spearman": [
            -0.5417380043705688,
            5.438554585939497e-06
        ],
        "count": 62
    },
    "1OH0": {
        "pearson": [
            -1.0,
            1.0
        ],
        "spearman": [
            -0.9999999999999999,
            NaN
        ],
        "count": 2
    },
    "1VQB": {
        "pearson": [
            -0.0725292931412312,
            0.9077338651799547
        ],
        "spearman": [
            0.09999999999999999,
            0.8728885715695383
        ],
        "count": 5
    },
    "2LZM": {
        "pearson": [
            -0.6482790104309537,
            3.981636757072219e-09
        ],
        "spearman": [
            -0.6913349475895035,
            1.3106638666548768e-10
        ],
        "count": 66
    },
    "2RN2": {
        "pearson": [
            -0.23341491228138112,
            0.3512499593962283
        ],
        "spearman": [
            -0.20600513421693606,
            0.4121523299230109
        ],
        "count": 18
    },
    "3ZCF": {
        "pearson": [
            1.0,
            1.0
        ],
        "spearman": [
            0.9999999999999999,
            NaN
        ],
        "count": 2
    },
    "4BVM": {
        "pearson": [
            0.5389447499631816,
            0.3486366418135587
        ],
        "spearman": [
            0.6,
            0.28475697986529375
        ],
        "count": 5
    },
    "4LYZ": {
        "pearson": [
            -0.2331778047640355,
            0.42239115543978245
        ],
        "spearman": [
            -0.32928679358545854,
            0.25029496842655863
        ],
        "count": 14
    },
    "5PTI": {
        "pearson": [
            0.18409181413412645,
            0.7669377570248057
        ],
        "spearman": [
            -0.3,
            0.6238376647810728
        ],
        "count": 5
    },
    "overall": {
        "pearson": [
            -0.5528376767356881,
            1.454486957590746e-29
        ],
        "spearman": [
            -0.5878938824502209,
            4.249474959809003e-34
        ],
        "count": 352
    }
}