{
    "enrichment": {
        "pearson": [
            0.5195098070803776,
            3.018172717490441e-241
        ],
        "spearman": [
            0.5923300309857208,
            0.0
        ],
        "count": 3500
    }
}