{
    "enrichment": {
        "pearson": [
            0.526164189628546,
            1.296044829232771e-221
        ],
        "spearman": [
            0.6037989464678842,
            3.54893815503108e-309
        ],
        "count": 3118
    }
}