{
    "enrichment": {
        "pearson": [
            0.5237936131413623,
            2.750837918999232e-219
        ],
        "spearman": [
            0.5963295085168554,
            1.082329623098399e-299
        ],
        "count": 3118
    }
}