{
    "ETP_AVERAGE": {
        "pearson": [
            0.12448057535693001,
            9.265714375013881e-24
        ],
        "spearman": [
            0.127812183368142,
            5.703839009864153e-25
        ],
        "count": 6469
    },
    "DOX_Average": {
        "pearson": [
            -0.009511945664209638,
            0.444321480779704
        ],
        "spearman": [
            -0.05478420447385754,
            1.0396503933791878e-05
        ],
        "count": 6469
    },
    "SCH_Average": {
        "pearson": [
            0.1233660461096306,
            2.315637769147127e-23
        ],
        "spearman": [
            0.12489748287706978,
            6.563686291318404e-24
        ],
        "count": 6469
    },
    "VRT_AVERAGE": {
        "pearson": [
            0.13451415008212195,
            1.668090117317853e-27
        ],
        "spearman": [
            0.15152362682657805,
            1.5692546633539421e-34
        ],
        "count": 6469
    }
}