{
    "ETP_AVERAGE": {
        "pearson": [
            0.12379240796892635,
            1.1530057215800263e-24
        ],
        "spearman": [
            0.14003279967048277,
            3.6591178416604498e-31
        ],
        "count": 6809
    },
    "DOX_Average": {
        "pearson": [
            0.003457423405552471,
            0.7754575787722189
        ],
        "spearman": [
            -0.03841282144738486,
            0.001522889799921117
        ],
        "count": 6809
    },
    "SCH_Average": {
        "pearson": [
            0.11506106877415262,
            1.6606379247812806e-21
        ],
        "spearman": [
            0.11061873902626258,
            5.470185452900384e-20
        ],
        "count": 6809
    },
    "VRT_AVERAGE": {
        "pearson": [
            0.11726101136981244,
            2.795278103033619e-22
        ],
        "spearman": [
            0.13303571198856284,
            2.9054119390778056e-28
        ],
        "count": 6809
    }
}