{
    "1BVC": {
        "pearson": [
            -0.5023034906980899,
            5.114987349837242e-06
        ],
        "spearman": [
            -0.5686379062421048,
            1.2546550806391428e-07
        ],
        "count": 74
    },
    "1LZ1": {
        "pearson": [
            -0.5616831999599039,
            7.948732136771922e-11
        ],
        "spearman": [
            -0.6301305532779481,
            5.841055244287498e-14
        ],
        "count": 114
    },
    "2CI2": {
        "pearson": [
            -0.42594968467057104,
            9.08798894372523e-05
        ],
        "spearman": [
            -0.5092816916540654,
            1.6425350877904224e-06
        ],
        "count": 79
    },
    "2RN2": {
        "pearson": [
            -0.19393877146702151,
            0.09101693900322917
        ],
        "spearman": [
            -0.04352369750028454,
            0.7070282078959333
        ],
        "count": 77
    },
    "overall": {
        "pearson": [
            -0.41909474180721074,
            4.597437921841299e-16
        ],
        "spearman": [
            -0.45563956920461424,
            4.898964045046954e-19
        ],
        "count": 344
    }
}