{
    "attenuated": {
        "pearson": [
            0.11590081685966816,
            7.629549796664722e-11
        ],
        "spearman": [
            0.09898561692126082,
            2.8103728322534024e-08
        ],
        "count": 3134
    },
    "regulated": {
        "pearson": [
            0.40561686638947925,
            1.963088965278944e-124
        ],
        "spearman": [
            0.3811508815666858,
            6.478104419529397e-109
        ],
        "count": 3134
    },
    "unregulated": {
        "pearson": [
            0.41499617116761345,
            9.74022528910276e-131
        ],
        "spearman": [
            0.39661425019812474,
            1.4337864965253385e-118
        ],
        "count": 3134
    }
}