{
    "attenuated": {
        "pearson": [
            0.07391331335303732,
            4.290137313214874e-05
        ],
        "spearman": [
            0.06374630889932627,
            0.00041987551752001984
        ],
        "count": 3058
    },
    "regulated": {
        "pearson": [
            0.4119973303428516,
            1.2631956200120884e-125
        ],
        "spearman": [
            0.38808751269979297,
            1.7531470621715734e-110
        ],
        "count": 3058
    },
    "unregulated": {
        "pearson": [
            0.41633984674706065,
            1.6430597826119845e-128
        ],
        "spearman": [
            0.39385876300288636,
            5.03861467737145e-114
        ],
        "count": 3058
    }
}