{
    "attenuated": {
        "pearson": [
            0.05981609056259122,
            0.0008072497547914261
        ],
        "spearman": [
            0.05552578321698691,
            0.0018733376987479157
        ],
        "count": 3134
    },
    "regulated": {
        "pearson": [
            0.3670261482104585,
            1.531193261754132e-100
        ],
        "spearman": [
            0.33794065072676766,
            1.4085514640491292e-84
        ],
        "count": 3134
    },
    "unregulated": {
        "pearson": [
            0.3451564857397995,
            2.2108179121938912e-88
        ],
        "spearman": [
            0.32321460376824807,
            4.004823878791741e-77
        ],
        "count": 3134
    }
}