{
    "linear": {
        "pearson": [
            0.6287012145172625,
            0.0
        ],
        "spearman": [
            0.6507434243797353,
            0.0
        ],
        "count": 5468
    }
}