{
    "1A7V": {
        "pearson": [
            -0.33478006202066724,
            0.26352576389104077
        ],
        "spearman": [
            -0.22314134258348303,
            0.46368086831364286
        ],
        "count": 13
    },
    "1BA3": {
        "pearson": [
            -0.8881645734441719,
            0.11183542655582812
        ],
        "spearman": [
            -0.39999999999999997,
            0.6
        ],
        "count": 4
    },
    "1BFM": {
        "pearson": [
            -1.0,
            1.0
        ],
        "spearman": [
            -0.9999999999999999,
            NaN
        ],
        "count": 2
    },
    "1D5G": {
        "pearson": [
            1.0,
            1.0
        ],
        "spearman": [
            0.9999999999999999,
            NaN
        ],
        "count": 2
    },
    "1DIV": {
        "pearson": [
            -0.6953198309777847,
            2.1005136527712748e-08
        ],
        "spearman": [
            -0.6760631035380531,
            7.133472111128542e-08
        ],
        "count": 50
    },
    "1EKG": {
        "pearson": [
            -0.9323436119099773,
            0.06765638809002272
        ],
        "spearman": [
            -0.7999999999999999,
            0.20000000000000007
        ],
        "count": 4
    },
    "1FT8": {
        "pearson": [
            -0.8832693062681708,
            6.277895690874655e-05
        ],
        "spearman": [
            -0.9065934065934067,
            1.9296152005272254e-05
        ],
        "count": 13
    },
    "1FXA": {
        "pearson": [
            -0.5868692815776184,
            0.05769431633911604
        ],
        "spearman": [
            -0.6545454545454547,
            0.028864598957001886
        ],
        "count": 11
    },
    "1G3P": {
        "pearson": [
            -0.1351177677756379,
            0.5016076763851265
        ],
        "spearman": [
            0.0323763041471685,
            0.8726342304747796
        ],
        "count": 27
    },
    "1GUA": {
        "pearson": [
            -0.6212876351881472,
            1.9016528019012235e-06
        ],
        "spearman": [
            -0.6278571428571428,
            1.3729566170363878e-06
        ],
        "count": 49
    },
    "1H0X": {
        "pearson": [
            -1.0,
            1.0
        ],
        "spearman": [
            -0.9999999999999999,
            NaN
        ],
        "count": 2
    },
    "1HCQ": {
        "pearson": [
            1.0,
            1.0
        ],
        "spearman": [
            0.9999999999999999,
            NaN
        ],
        "count": 2
    },
    "1ITM": {
        "pearson": [
            0.7225310104458665,
            0.48595730385159347
        ],
        "spearman": [
            0.5,
            0.6666666666666667
        ],
        "count": 3
    },
    "1IV7": {
        "pearson": [
            -0.9851753986154197,
            0.10975507666653916
        ],
        "spearman": [
            -1.0,
            0.0
        ],
        "count": 3
    },
    "1J8I": {
        "pearson": [
            -0.49745137009012974,
            0.315372072007086
        ],
        "spearman": [
            -0.29424494316824984,
            0.5713704615752551
        ],
        "count": 6
    },
    "1JLV": {
        "pearson": [
            -0.20339102905991366,
            0.8696074709729051
        ],
        "spearman": [
            0.5,
            0.6666666666666667
        ],
        "count": 3
    },
    "1L6H": {
        "pearson": [
            -0.6943399342393319,
            0.5113928687557833
        ],
        "spearman": [
            -0.5,
            0.6666666666666667
        ],
        "count": 3
    },
    "1LVM": {
        "pearson": [
            -0.12887477128679722,
            0.8363668994073284
        ],
        "spearman": [
            0.20519567041703085,
            0.7405819415910722
        ],
        "count": 5
    },
    "1N18": {
        "pearson": [
            -0.8198427612191272,
            0.18015723878087275
        ],
        "spearman": [
            -0.6000000000000001,
            0.3999999999999999
        ],
        "count": 4
    },
    "1N88": {
        "pearson": [
            0.07105008042670113,
            0.7864100354980317
        ],
        "spearman": [
            0.088397939959123,
            0.7358353751513235
        ],
        "count": 17
    },
    "1NM1": {
        "pearson": [
            -1.0,
            1.0
        ],
        "spearman": [
            -0.9999999999999999,
            NaN
        ],
        "count": 2
    },
    "1O1U": {
        "pearson": [
            -0.5757158973202583,
            0.23183632406931942
        ],
        "spearman": [
            -0.5161002296110789,
            0.2945837414624608
        ],
        "count": 6
    },
    "1O6X": {
        "pearson": [
            -0.41841982838696945,
            0.06635289013306453
        ],
        "spearman": [
            -0.43942826585622463,
            0.05255213431992123
        ],
        "count": 20
    },
    "1OSI": {
        "pearson": [
            0.3871245833347611,
            0.612875416665239
        ],
        "spearman": [
            0.39999999999999997,
            0.6
        ],
        "count": 4
    },
    "1PFL": {
        "pearson": [
            -0.4427261400696102,
            0.45530164319560334
        ],
        "spearman": [
            -0.19999999999999998,
            0.747060078104662
        ],
        "count": 5
    },
    "1PRG": {
        "pearson": [
            0.5619059656779868,
            0.18924469124142737
        ],
        "spearman": [
            0.4642857142857144,
            0.2939341076002517
        ],
        "count": 7
    },
    "1R6R": {
        "pearson": [
            -0.4140004715099923,
            0.5859995284900077
        ],
        "spearman": [
            -0.6000000000000001,
            0.3999999999999999
        ],
        "count": 4
    },
    "1SPD": {
        "pearson": [
            -1.0,
            1.0
        ],
        "spearman": [
            -0.9999999999999999,
            NaN
        ],
        "count": 2
    },
    "1X0J": {
        "pearson": [
            -0.015392821206903846,
            0.9738714308069629
        ],
        "spearman": [
            -0.21428571428571433,
            0.6445115810207203
        ],
        "count": 7
    },
    "1XWS": {
        "pearson": [
            0.4839129479498018,
            0.5160870520501981
        ],
        "spearman": [
            0.19999999999999998,
            0.8
        ],
        "count": 4
    },
    "1XXN": {
        "pearson": [
            -0.049546917862786,
            0.9369407256061558
        ],
        "spearman": [
            0.10259783520851543,
            0.8695979205185651
        ],
        "count": 5
    },
    "1XZO": {
        "pearson": [
            -0.7732104183465855,
            0.22678958165341445
        ],
        "spearman": [
            -0.39999999999999997,
            0.6
        ],
        "count": 4
    },
    "2BJD": {
        "pearson": [
            -0.9989971428185299,
            0.028513528675849262
        ],
        "spearman": [
            -0.5,
            0.6666666666666667
        ],
        "count": 3
    },
    "2C9Q": {
        "pearson": [
            -1.0,
            1.0
        ],
        "spearman": [
            -0.9999999999999999,
            NaN
        ],
        "count": 2
    },
    "2CLR": {
        "pearson": [
            -0.7178667421045748,
            0.2821332578954252
        ],
        "spearman": [
            -0.7999999999999999,
            0.20000000000000007
        ],
        "count": 4
    },
    "2DVV": {
        "pearson": [
            -1.0,
            1.0
        ],
        "spearman": [
            -0.9999999999999999,
            NaN
        ],
        "count": 2
    },