{
    "1A7V": {
        "pearson": [
            -0.3347837283559586,
            0.26352020873357657
        ],
        "spearman": [
            -0.22314134258348303,
            0.46368086831364286
        ],
        "count": 13
    },
    "1BA3": {
        "pearson": [
            -0.8897464551086386,
            0.11025354489136152
        ],
        "spearman": [
            -0.39999999999999997,
            0.6
        ],
        "count": 4
    },
    "1BFM": {
        "pearson": [
            -1.0,
            1.0
        ],
        "spearman": [
            -0.9999999999999999,
            NaN
        ],
        "count": 2
    },
    "1D5G": {
        "pearson": [
            1.0,
            1.0
        ],
        "spearman": [
            0.9999999999999999,
            NaN
        ],
        "count": 2
    },
    "1DIV": {
        "pearson": [
            -0.7003797885824306,
            1.499413430307838e-08
        ],
        "spearman": [
            -0.6929190595930221,
            2.458960471091077e-08
        ],
        "count": 50
    },
    "1EKG": {
        "pearson": [
            -0.9323393733409575,
            0.06766062665904249
        ],
        "spearman": [
            -0.7999999999999999,
            0.20000000000000007
        ],
        "count": 4
    },
    "1FT8": {
        "pearson": [
            -0.883271377919354,
            6.27730885233068e-05
        ],
        "spearman": [
            -0.9065934065934067,
            1.9296152005272254e-05
        ],
        "count": 13
    },
    "1FXA": {
        "pearson": [
            -0.5920762825928039,
            0.054973488005046936
        ],
        "spearman": [
            -0.6545454545454547,
            0.028864598957001886
        ],
        "count": 11
    },
    "1G3P": {
        "pearson": [
            -0.13480503777094477,
            0.5026075116544269
        ],
        "spearman": [
            0.0323763041471685,
            0.8726342304747796
        ],
        "count": 27
    },
    "1GUA": {
        "pearson": [
            -0.6211194804672222,
            1.917387793474705e-06
        ],
        "spearman": [
            -0.6233673469387755,
            1.7167065733371263e-06
        ],
        "count": 49
    },
    "1H0X": {
        "pearson": [
            -1.0,
            1.0
        ],
        "spearman": [
            -0.9999999999999999,
            NaN
        ],
        "count": 2
    },
    "1HCQ": {
        "pearson": [
            1.0,
            1.0
        ],
        "spearman": [
            0.9999999999999999,
            NaN
        ],
        "count": 2
    },
    "1ITM": {
        "pearson": [
            0.8404984283875983,
            0.36452455654923305
        ],
        "spearman": [
            0.5,
            0.6666666666666667
        ],
        "count": 3
    },
    "1IV7": {
        "pearson": [
            -0.985180207482923,
            0.10973722959598295
        ],
        "spearman": [
            -1.0,
            0.0
        ],
        "count": 3
    },
    "1J8I": {
        "pearson": [
            -0.44781906384894693,
            0.373174650309589
        ],
        "spearman": [
            -0.08827348295047496,
            0.8679336982351336
        ],
        "count": 6
    },
    "1JLV": {
        "pearson": [
            -0.2033558218727328,
            0.8696303629787961
        ],
        "spearman": [
            0.5,
            0.6666666666666667
        ],
        "count": 3
    },
    "1L6H": {
        "pearson": [
            -0.73436075936884,
            0.4749641258408394
        ],
        "spearman": [
            -0.5,
            0.6666666666666667
        ],
        "count": 3
    },
    "1LVM": {
        "pearson": [
            -0.12889979513227715,
            0.8363353038052529
        ],
        "spearman": [
            0.20519567041703085,
            0.7405819415910722
        ],
        "count": 5
    },
    "1N18": {
        "pearson": [
            -0.8198479965178909,
            0.18015200348210914
        ],
        "spearman": [
            -0.6000000000000001,
            0.3999999999999999
        ],
        "count": 4
    },
    "1N88": {
        "pearson": [
            0.030810203699282557,
            0.9065553162043203
        ],
        "spearman": [
            0.061387458304946525,
            0.8149478887937286
        ],
        "count": 17
    },
    "1NM1": {
        "pearson": [
            -1.0,
            1.0
        ],
        "spearman": [
            -0.9999999999999999,
            NaN
        ],
        "count": 2
    },
    "1O1U": {
        "pearson": [
            -0.501373155342431,
            0.31095661570104133
        ],
        "spearman": [
            -0.3946648814672956,
            0.43873925151701676
        ],
        "count": 6
    },
    "1O6X": {
        "pearson": [
            -0.4269779759516952,
            0.06043586851778825
        ],
        "spearman": [
            -0.4740407662490094,
            0.03472435004322721
        ],
        "count": 20
    },
    "1OSI": {
        "pearson": [
            0.39492939903331437,
            0.6050706009666857
        ],
        "spearman": [
            0.39999999999999997,
            0.6
        ],
        "count": 4
    },
    "1PFL": {
        "pearson": [
            -0.3668432403491261,
            0.5436191555468793
        ],
        "spearman": [
            -0.19999999999999998,
            0.747060078104662
        ],
        "count": 5
    },
    "1PRG": {
        "pearson": [
            0.5619296943197717,
            0.18922189084616953
        ],
        "spearman": [
            0.4642857142857144,
            0.2939341076002517
        ],
        "count": 7
    },
    "1R6R": {
        "pearson": [
            -0.394872761619798,
            0.605127238380202
        ],
        "spearman": [
            -0.6000000000000001,
            0.3999999999999999
        ],
        "count": 4
    },
    "1SPD": {
        "pearson": [
            -1.0,
            1.0
        ],
        "spearman": [
            -0.9999999999999999,
            NaN
        ],
        "count": 2
    },
    "1X0J": {
        "pearson": [
            -0.007823072613850152,
            0.9867195458426392
        ],
        "spearman": [
            -0.21428571428571433,
            0.6445115810207203
        ],
        "count": 7
    },
    "1XWS": {
        "pearson": [
            0.48393485284118376,
            0.5160651471588162
        ],
        "spearman": [
            0.19999999999999998,
            0.8
        ],
        "count": 4
    },
    "1XXN": {
        "pearson": [
            -0.049514348068167485,
            0.9369821438575964
        ],
        "spearman": [
            0.10259783520851543,
            0.8695979205185651
        ],
        "count": 5
    },
    "1XZO": {
        "pearson": [
            -0.7695848745617296,
            0.23041512543827025
        ],
        "spearman": [
            -0.39999999999999997,
            0.6
        ],
        "count": 4
    },
    "2BJD": {
        "pearson": [
            -0.9989967920679992,
            0.028518515394649037
        ],
        "spearman": [
            -0.5,
            0.6666666666666667
        ],
        "count": 3
    },
    "2C9Q": {
        "pearson": [
            -1.0,
            1.0
        ],
        "spearman": [
            -0.9999999999999999,
            NaN
        ],
        "count": 2
    },
    "2CLR": {
        "pearson": [
            -0.7178540675163234,
            0.2821459324836766
        ],
        "spearman": [
            -0.7999999999999999,
            0.20000000000000007
        ],
        "count": 4
    },
    "2DVV": {
        "pearson": [
            -1.0,
            1.0
        ],
        "spearman": [
            -0.9999999999999999,
            NaN
        ],
        "count": 2
    },