{
    "SelectionTwo": {
        "pearson": [
            0.5190825814881954,
            0.0
        ],
        "spearman": [
            0.5403876939827347,
            0.0
        ],
        "count": 8329
    }
}