{
    "Ami11_avg": {
        "pearson": [
            0.1915188925614683,
            4.5353470128782816e-43
        ],
        "spearman": [
            0.14791445569224712,
            3.4720941774787537e-26
        ],
        "count": 5068
    },
    "Ami12_avg": {
        "pearson": [
            0.3054359126057622,
            1.9147354987660483e-106
        ],
        "spearman": [
            0.3806432280923471,
            6.229085703765716e-169
        ],
        "count": 4906
    },
    "Ami14_avg": {
        "pearson": [
            0.29718612372885383,
            6.623945071397471e-100
        ],
        "spearman": [
            0.35666756239606784,
            4.446512011948845e-146
        ],
        "count": 4871
    },
    "Ami18_avg": {
        "pearson": [
            0.024948667214551634,
            0.07539836872947892
        ],
        "spearman": [
            0.03388267688614977,
            0.015732746453908597
        ],
        "count": 5080
    },
    "G41811_avg": {
        "pearson": [
            0.2967026612368041,
            2.836870361251566e-100
        ],
        "spearman": [
            0.3121167584100526,
            2.6070653481886543e-111
        ],
        "count": 4906
    },
    "G41812_avg": {
        "pearson": [
            0.3811820207271744,
            1.4128205942471078e-166
        ],
        "spearman": [
            0.47154948444452516,
            1.460214601174125e-265
        ],
        "count": 4822
    },
    "G41814_avg": {
        "pearson": [
            0.3855007415125289,
            1.3874282086281544e-178
        ],
        "spearman": [
            0.4154512857707502,
            6.121811980667213e-210
        ],
        "count": 5049
    },
    "Kan11_avg": {
        "pearson": [
            0.31185714763827355,
            1.3864184291042244e-110
        ],
        "spearman": [
            0.33137536851048577,
            1.8833009880549395e-125
        ],
        "count": 4882
    },
    "Kan12_avg": {
        "pearson": [
            0.3910539347255717,
            1.0213142356221437e-172
        ],
        "spearman": [
            0.4743551442177476,
            3.7121548676793483e-264
        ],
        "count": 4732
    },
    "Kan14_avg": {
        "pearson": [
            0.3978104678662569,
            1.9328033145193045e-183
        ],
        "spearman": [
            0.4667905984756638,
            8.576943579151751e-261
        ],
        "count": 4845
    },
    "Kan18_avg": {
        "pearson": [
            0.4084958627206009,
            1.9036323547507857e-202
        ],
        "spearman": [
            0.4475341229536908,
            2.2735781060690624e-247
        ],
        "count": 5051
    },
    "Neo11_avg": {
        "pearson": [
            0.2862110327087877,
            4.5252590073069635e-94
        ],
        "spearman": [
            0.2791043005344214,
            2.3105957021472504e-89
        ],
        "count": 4956
    },
    "Neo12_avg": {
        "pearson": [
            0.3786041746261398,
            2.7454490154996143e-165
        ],
        "spearman": [
            0.4686241291506472,
            1.2134592085859925e-263
        ],
        "count": 4855
    },
    "Neo14_avg": {
        "pearson": [
            0.4181818381919919,
            1.6874781728584595e-211
        ],
        "spearman": [
            0.4573073050036903,
            1.1035766839344863e-257
        ],
        "count": 5014
    },
    "Neo18_avg": {
        "pearson": [
            0.37082361229731176,
            1.5669906727390278e-164
        ],
        "spearman": [
            0.3783145763449289,
            1.059986621739513e-171
        ],
        "count": 5054
    },
    "Paro11_avg": {
        "pearson": [
            0.21647086861394163,
            9.313451229641944e-55
        ],
        "spearman": [
            0.1875563314293445,
            2.62234654481961e-41
        ],
        "count": 5063
    },
    "Paro12_avg": {
        "pearson": [
            0.31251159550470187,
            6.2429348892854516e-111
        ],
        "spearman": [
            0.37111127084078027,
            4.55475975127212e-159
        ],
        "count": 4876
    },
    "Paro14_avg": {
        "pearson": [
            0.38061281256095936,
            1.73476439785702e-166
        ],
        "spearman": [
            0.4629365426222095,
            1.8544787753337857e-255
        ],
        "count": 4835
    },
    "Paro18_avg": {
        "pearson": [
            0.41436628161615385,
            1.5766255612017967e-204
        ],
        "spearman": [
            0.48005758975717605,
            1.3911958942351051e-283
        ],
        "count": 4946
    },
    "Ribo11_avg": {
        "pearson": [
            0.31577450565248655,
            1.1578571814899722e-113
        ],
        "spearman": [
            0.36546600191279355,
            2.0902401674360206e-154
        ],
        "count": 4890
    },
    "Ribo12_avg": {
        "pearson": [
            0.4048448197707256,
            1.2915756192666277e-191
        ],
        "spearman": [
            0.48524787017089216,
            2.4292381080921134e-286
        ],
        "count": 4873
    },
    "Ribo14_avg": {
        "pearson": [
            0.4338394365921322,
            1.2841226348711456e-229
        ],
        "spearman": [
            0.47925639298636225,
            8.051702742997792e-287
        ],
        "count": 5022
    },
    "Ribo18_avg": {
        "pearson": [
            0.4255988852799747,
            1.2824786536290638e-220
        ],
        "spearman": [
            0.44122258201469094,
            7.470901853317295e-239
        ],
        "count": 5033
    }
}