{
    "Ami11_avg": {
        "pearson": [
            0.21041032074198962,
            1.4557494330463706e-53
        ],
        "spearman": [
            0.16348293325077498,
            9.622347118091087e-33
        ],
        "count": 5245
    },
    "Ami12_avg": {
        "pearson": [
            0.30741234014313024,
            6.789421271598069e-111
        ],
        "spearman": [
            0.37731056845263067,
            1.838341727787591e-170
        ],
        "count": 5046
    },
    "Ami14_avg": {
        "pearson": [
            0.29021875693450194,
            1.426230190764222e-97
        ],
        "spearman": [
            0.3486463951266035,
            8.662527161244703e-143
        ],
        "count": 4997
    },
    "Ami18_avg": {
        "pearson": [
            0.02624324213811565,
            0.05706312189727373
        ],
        "spearman": [
            0.030914715622763923,
            0.024981237189722304
        ],
        "count": 5258
    },
    "G41811_avg": {
        "pearson": [
            0.30901898460728383,
            3.1617678799327104e-112
        ],
        "spearman": [
            0.32904314843341764,
            7.453137982368606e-128
        ],
        "count": 5052
    },
    "G41812_avg": {
        "pearson": [
            0.38059725694887375,
            1.0834053562916126e-170
        ],
        "spearman": [
            0.46928138959500554,
            4.250723942821803e-270
        ],
        "count": 4959
    },
    "G41814_avg": {
        "pearson": [
            0.38492004814852054,
            3.824030706511191e-184
        ],
        "spearman": [
            0.41566904086574236,
            1.9502643433092606e-217
        ],
        "count": 5225
    },
    "Kan11_avg": {
        "pearson": [
            0.3348705649806354,
            1.717746161518585e-131
        ],
        "spearman": [
            0.35180733108401846,
            7.592652465710191e-146
        ],
        "count": 5008
    },
    "Kan12_avg": {
        "pearson": [
            0.3804860425692695,
            1.126576803816428e-166
        ],
        "spearman": [
            0.4702219402667603,
            4.4903926110330354e-265
        ],
        "count": 4844
    },
    "Kan14_avg": {
        "pearson": [
            0.397342248310688,
            1.184219961110226e-188
        ],
        "spearman": [
            0.4644131125348724,
            7.6393907770831e-266
        ],
        "count": 4997
    },
    "Kan18_avg": {
        "pearson": [
            0.40088282654096663,
            5.9966337248998294e-201
        ],
        "spearman": [
            0.43864548532880565,
            1.1919502196827988e-244
        ],
        "count": 5224
    },
    "Neo11_avg": {
        "pearson": [
            0.29962148836838187,
            7.46765051104745e-106
        ],
        "spearman": [
            0.2952933795744607,
            9.85619524004623e-103
        ],
        "count": 5079
    },
    "Neo12_avg": {
        "pearson": [
            0.3719312851886658,
            7.348380197587109e-163
        ],
        "spearman": [
            0.4617799668210522,
            4.573637283563674e-261
        ],
        "count": 4970
    },
    "Neo14_avg": {
        "pearson": [
            0.40921479229810753,
            2.321088236579065e-208
        ],
        "spearman": [
            0.44758552496083864,
            1.0611051144884732e-253
        ],
        "count": 5180
    },
    "Neo18_avg": {
        "pearson": [
            0.3640589098196562,
            1.549671418811263e-163
        ],
        "spearman": [
            0.3705084637742592,
            9.338192949795273e-170
        ],
        "count": 5226
    },
    "Paro11_avg": {
        "pearson": [
            0.23191915481703074,
            8.623394537794936e-65
        ],
        "spearman": [
            0.20564436328226052,
            4.929755870358098e-51
        ],
        "count": 5228
    },
    "Paro12_avg": {
        "pearson": [
            0.31873952114739323,
            3.2245010109324646e-118
        ],
        "spearman": [
            0.38123289914686925,
            2.3217297866649872e-172
        ],
        "count": 4990
    },
    "Paro14_avg": {
        "pearson": [
            0.38642879938867114,
            2.6203204293035713e-176
        ],
        "spearman": [
            0.464329621847288,
            1.1184144975650973e-263
        ],
        "count": 4958
    },
    "Paro18_avg": {
        "pearson": [
            0.41265101431423845,
            9.783697715574214e-209
        ],
        "spearman": [
            0.4760243731498754,
            1.559063848276188e-286
        ],
        "count": 5095
    },
    "Ribo11_avg": {
        "pearson": [
            0.3183268977527501,
            3.7171839796028286e-118
        ],
        "spearman": [
            0.37081303175816294,
            8.123780096074223e-163
        ],
        "count": 5001
    },
    "Ribo12_avg": {
        "pearson": [
            0.39737792634412594,
            7.0803271363198e-189
        ],
        "spearman": [
            0.4792196919240147,
            1.2293982071133981e-285
        ],
        "count": 5002
    },
    "Ribo14_avg": {
        "pearson": [
            0.4253822647690202,
            6.348910858499918e-227
        ],
        "spearman": [
            0.4709704305603653,
            1.478228333900211e-284
        ],
        "count": 5184
    },
    "Ribo18_avg": {
        "pearson": [
            0.4157926284704645,
            1.5153931099351905e-216
        ],
        "spearman": [
            0.42940512992678637,
            2.267774667588047e-232
        ],
        "count": 5200
    }
}