{
    "1BVC": {
        "pearson": [
            -0.21749922502176477,
            0.06267389183782436
        ],
        "spearman": [
            -0.14280001802282524,
            0.22485065905707327
        ]
    },
    "1LZ1": {
        "pearson": [
            -0.329775680457305,
            0.0003396575990530154
        ],
        "spearman": [
            -0.3618250256010907,
            7.636069365483357e-05
        ]
    },
    "2CI2": {
        "pearson": [
            -0.27735129850010076,
            0.013337982635922995
        ],
        "spearman": [
            -0.3379751940526585,
            0.0023168643403867167
        ]
    },
    "2RN2": {
        "pearson": [
            -0.12209198547595318,
            0.2901499266731791
        ],
        "spearman": [
            -0.027657462863364145,
            0.8112844558301325
        ]
    }
}