{
    "log_proba_mt__minus__log_proba_wt vs. -EC50": {
        "Sr": 0.2715683554443681,
        "Sr_pval": 0.0003138675906160068,
        "Pr": 0.25662631603792263,
        "Pr_pval": 0.000678378695430085,
        "num": 172
    },
    "blosum vs. -EC50": {
        "Sr": 0.3279589714903336,
        "Sr_pval": 1.1238171101349226e-05,
        "Pr": 0.34282061405933184,
        "Pr_pval": 4.1535708982062115e-06,
        "num": 172
    },
    "blosum vs. log_proba_mt__minus__log_proba_wt": {
        "Sr": 0.37705439660293777,
        "Sr_pval": 3.425140813818152e-07,
        "Pr": 0.4330016166298228,
        "Pr_pval": 2.98316265587198e-09,
        "num": 172
    },
    "combined_score vs. -EC50": {
        "Sr": 0.33646710582968364,
        "Sr_pval": 6.396807006556427e-06,
        "Pr": 0.3461068714273794,
        "Pr_pval": 3.3097107092172902e-06,
        "num": 172
    }
}