{
    "log_proba_mt__minus__log_proba_wt vs. -EC50": {
        "Sr": 0.11139713506347144,
        "Sr_pval": 0.14571393750167105,
        "Pr": 0.12401906817857836,
        "Pr_pval": 0.10503940036313329,
        "num": 172
    },
    "blosum vs. -EC50": {
        "Sr": 0.34537649184108626,
        "Sr_pval": 3.481831980829148e-06,
        "Pr": 0.3719814016279285,
        "Pr_pval": 5.050107486860724e-07,
        "num": 172
    },
    "blosum vs. log_proba_mt__minus__log_proba_wt": {
        "Sr": 0.335532807348717,
        "Sr_pval": 6.810743820914632e-06,
        "Pr": 0.34092673518762107,
        "Pr_pval": 4.728868002002087e-06,
        "num": 172
    },
    "combined_score vs. -EC50": {
        "Sr": 0.23539324768813957,
        "Sr_pval": 0.0018807731761914487,
        "Pr": 0.2971312278259107,
        "Pr_pval": 7.551827252478856e-05,
        "num": 172
    }
}