{
    "log_proba_mt__minus__log_proba_wt vs. -EC50": {
        "Sr": 0.2601517194265846,
        "Sr_pval": 0.0005678627619982422,
        "Pr": 0.2631897990693829,
        "Pr_pval": 0.00048621669187659555,
        "num": 172
    },
    "blosum vs. -EC50": {
        "Sr": 0.23942600657826604,
        "Sr_pval": 0.0015599993065044267,
        "Pr": 0.2658310773308903,
        "Pr_pval": 0.00042419947926758357,
        "num": 172
    },
    "blosum vs. log_proba_mt__minus__log_proba_wt": {
        "Sr": 0.28160586949054894,
        "Sr_pval": 0.00018232969053099296,
        "Pr": 0.267170706258861,
        "Pr_pval": 0.0003956231396463532,
        "num": 172
    },
    "combined_score vs. -EC50": {
        "Sr": 0.3217191776923717,
        "Sr_pval": 1.6810891110963848e-05,
        "Pr": 0.3321680471840218,
        "Pr_pval": 8.521837762133928e-06,
        "num": 172
    }
}