{
    "log_proba_mt__minus__log_proba_wt vs. -EC50": {
        "Sr": 0.2454763809962934,
        "Sr_pval": 0.0011715172240066016,
        "Pr": 0.17682604324230028,
        "Pr_pval": 0.0203161418545531,
        "num": 172
    },
    "blosum vs. -EC50": {
        "Sr": 0.18178058344066128,
        "Sr_pval": 0.017006615584561586,
        "Pr": 0.21528862756648404,
        "Pr_pval": 0.004564932550419176,
        "num": 172
    },
    "blosum vs. log_proba_mt__minus__log_proba_wt": {
        "Sr": 0.35777551780288563,
        "Sr_pval": 1.4469431279895015e-06,
        "Pr": 0.4067205006610426,
        "Pr_pval": 3.087186204194564e-08,
        "num": 172
    },
    "combined_score vs. -EC50": {
        "Sr": 0.26015320055417973,
        "Sr_pval": 0.0005678200445119713,
        "Pr": 0.22871963655896654,
        "Pr_pval": 0.002545627501920161,
        "num": 172
    }
}