{
    "log_proba_mt__minus__log_proba_wt vs. -EC50": {
        "Sr": 0.33724872239527987,
        "Sr_pval": 6.068955796110129e-06,
        "Pr": 0.2784592646481117,
        "Pr_pval": 0.00021665716078985177,
        "num": 172
    },
    "blosum vs. -EC50": {
        "Sr": 0.20164498686541152,
        "Sr_pval": 0.007988165146114301,
        "Pr": 0.26183560923865823,
        "Pr_pval": 0.0005211675796531644,
        "num": 172
    },
    "blosum vs. log_proba_mt__minus__log_proba_wt": {
        "Sr": 0.4332525637520347,
        "Sr_pval": 2.9144825125381825e-09,
        "Pr": 0.4241772361903014,
        "Pr_pval": 6.6862940215578915e-09,
        "num": 172
    },
    "combined_score vs. -EC50": {
        "Sr": 0.3270537746247984,
        "Sr_pval": 1.1920830264165054e-05,
        "Pr": 0.3204456653140433,
        "Pr_pval": 1.823117013784763e-05,
        "num": 172
    }
}