{
    "log_proba_mt__minus__log_proba_wt vs. -EC50": {
        "Sr": -0.0627843445684094,
        "Sr_pval": 0.4132359127861738,
        "Pr": -0.05076808887465263,
        "Pr_pval": 0.5083629568160623,
        "num": 172
    },
    "blosum vs. -EC50": {
        "Sr": 0.030896021200542852,
        "Sr_pval": 0.6874345896905518,
        "Pr": 0.0696803331204638,
        "Pr_pval": 0.3637250535318197,
        "num": 172
    },
    "blosum vs. log_proba_mt__minus__log_proba_wt": {
        "Sr": 0.3402732755677324,
        "Sr_pval": 4.944354589789151e-06,
        "Pr": 0.36096270634736305,
        "Pr_pval": 1.147597084388528e-06,
        "num": 172
    },
    "combined_score vs. -EC50": {
        "Sr": -0.03512286881339545,
        "Sr_pval": 0.6473732024828696,
        "Pr": -0.002096429906188104,
        "Pr_pval": 0.9782252708333787,
        "num": 172
    }
}