{
    "log_proba_mt__minus__log_proba_wt vs. -EC50": {
        "Sr": 0.15238562309242487,
        "Sr_pval": 0.04597571809663604,
        "Pr": 0.15326966337160552,
        "Pr_pval": 0.04471434835378004,
        "num": 172
    },
    "blosum vs. -EC50": {
        "Sr": 0.2817996352455732,
        "Sr_pval": 0.00018039107294154578,
        "Pr": 0.35210964460965455,
        "Pr_pval": 2.171324280629995e-06,
        "num": 172
    },
    "blosum vs. log_proba_mt__minus__log_proba_wt": {
        "Sr": 0.26661418317563607,
        "Sr_pval": 0.00040727099628232313,
        "Pr": 0.2851275219910282,
        "Pr_pval": 0.0001499527006410151,
        "num": 172
    },
    "combined_score vs. -EC50": {
        "Sr": 0.23316642575031002,
        "Sr_pval": 0.002082601184084777,
        "Pr": 0.31572058757283605,
        "Pr_pval": 2.4553907177374965e-05,
        "num": 172
    }
}