{
    "SelectionOne": {
        "pearson": [
            0.3651000731289439,
            7.009684595964125e-253
        ],
        "spearman": [
            0.3681855893421141,
            1.8375694662603236e-257
        ],
        "count": 8067
    }
}