{
    "SelectionOne": {
        "pearson": [
            0.38249865074232187,
            1.4326404913870723e-274
        ],
        "spearman": [
            0.3670186859913889,
            2.5412624666780625e-251
        ],
        "count": 7927
    }
}