{
    "1BNI": {
        "pearson": [
            -0.0784845507327972,
            0.7988322333773886
        ],
        "spearman": [
            -0.14876089505565535,
            0.6276518893352828
        ],
        "count": 13
    },
    "1EY0": {
        "pearson": [
            -0.08523839036950201,
            0.66627811206295
        ],
        "spearman": [
            0.14897990620263113,
            0.4492754581022693
        ],
        "count": 28
    },
    "1IHB": {
        "pearson": [
            -0.8544620224767738,
            0.347773865853245
        ],
        "spearman": [
            -1.0,
            0.0
        ],
        "count": 3
    },
    "1L63": {
        "pearson": [
            -0.1442624835077457,
            0.11909716294354256
        ],
        "spearman": [
            -0.24134783975399493,
            0.008467416291573337
        ],
        "count": 118
    },
    "1LZ1": {
        "pearson": [
            -0.706297984791226,
            1.4260674362648398e-10
        ],
        "spearman": [
            -0.5172719283901867,
            1.670522500890003e-05
        ],
        "count": 62
    },
    "1OH0": {
        "pearson": [
            -1.0,
            1.0
        ],
        "spearman": [
            -0.9999999999999999,
            NaN
        ],
        "count": 2
    },
    "1VQB": {
        "pearson": [
            -0.1832832905706941,
            0.7679496848481022
        ],
        "spearman": [
            0.09999999999999999,
            0.8728885715695383
        ],
        "count": 5
    },
    "2LZM": {
        "pearson": [
            -0.4574199331434976,
            0.00011279337547958628
        ],
        "spearman": [
            -0.4460528674171807,
            0.000174281201802945
        ],
        "count": 66
    },
    "2RN2": {
        "pearson": [
            0.0037156806962752864,
            0.9883253735185125
        ],
        "spearman": [
            -0.007246411756374636,
            0.9772339126973562
        ],
        "count": 18
    },
    "3ZCF": {
        "pearson": [
            -1.0,
            1.0
        ],
        "spearman": [
            -0.9999999999999999,
            NaN
        ],
        "count": 2
    },
    "4LYZ": {
        "pearson": [
            -0.09867450026308347,
            0.7371694266263975
        ],
        "spearman": [
            -0.16795836451338828,
            0.5659992346873671
        ],
        "count": 14
    },
    "5PTI": {
        "pearson": [
            -0.9801241545252679,
            0.0033536924393963797
        ],
        "spearman": [
            -0.7,
            0.1881204043741873
        ],
        "count": 5
    },
    "overall": {
        "pearson": [
            -0.15060530498363506,
            0.0054600278293435115
        ],
        "spearman": [
            -0.16813503080402273,
            0.00189378225069753
        ],
        "count": 339
    }
}