{
    "Overall": {
        "all_types_of_mutations": {
            "Pr": -0.1028267408786078,
            "Pr_pval": 0.04749805160060231,
            "Sr": -0.10539754855044307,
            "Sr_pval": 0.04218860979399619,
            "num": 372.0,
            "num_struc": 39.0
        },
        "single_point_mutations": {
            "Pr": -0.0829462114615452,
            "Pr_pval": 0.18157927504858792,
            "Sr": -0.07220211993645069,
            "Sr_pval": 0.24508122334052623,
            "num": 261.0,
            "num_struc": 36.0
        },
        "multi_point_mutations": {
            "Pr": -0.27645625394297035,
            "Pr_pval": 0.0033124945570645508,
            "Sr": -0.27604453474726615,
            "Sr_pval": 0.0033614507177363658,
            "num": 111.0,
            "num_struc": 16.0
        }
    },
    "Per-Structure": {
        "all_types_of_mutations": {
            "Pr": -0.06330754581859668,
            "Pr_std": 0.21760211587562156,
            "Pr_pval": 0.08315538791827341,
            "Sr": -0.03937016763350575,
            "Sr_std": 0.3347932954050022,
            "Sr_pval": 0.0009887781179808014,
            "num": 266.0,
            "num_struc": 8.0
        },
        "single_point_mutations": {
            "Pr": -0.10373386602054586,
            "Pr_std": 0.1936242149221634,
            "Pr_pval": 0.32440305379851475,
            "Sr": -0.11046992411422152,
            "Sr_std": 0.2653039420456459,
            "Sr_pval": 0.10687188474518335,
            "num": 180.0,
            "num_struc": 7.0
        },
        "multi_point_mutations": {
            "Pr": 0.16464336637812066,
            "Pr_std": 0.5864900310956436,
            "Pr_pval": 1.0692702769717889e-06,
            "Sr": 0.13188234094089413,
            "Sr_std": 0.5775584742549507,
            "Sr_pval": 1.8981484244906243e-06,
            "num": 79.0,
            "num_struc": 2.0
        }
    }
}