{
    "Overall": {
        "all_types_of_mutations": {
            "Pr": -0.09120206468248107,
            "Pr_pval": 0.07895451700677994,
            "Sr": -0.059082794082057646,
            "Sr_pval": 0.2556612787545782,
            "num": 372.0,
            "num_struc": 39.0
        },
        "single_point_mutations": {
            "Pr": -0.16567763688033874,
            "Pr_pval": 0.007311367292489201,
            "Sr": -0.19012725425454105,
            "Sr_pval": 0.002035212086411451,
            "num": 261.0,
            "num_struc": 36.0
        },
        "multi_point_mutations": {
            "Pr": 0.002934628715659444,
            "Pr_pval": 0.9756138240293775,
            "Sr": 0.06796467945505219,
            "Sr_pval": 0.4784692455971252,
            "num": 111.0,
            "num_struc": 16.0
        }
    },
    "Per-Structure": {
        "all_types_of_mutations": {
            "Pr": -0.2868887790919675,
            "Pr_pval": 0.005795130263895152,
            "Sr": -0.26794263273841007,
            "Sr_pval": 0.009492096416666016,
            "num": 266.0,
            "num_struc": 8.0
        },
        "single_point_mutations": {
            "Pr": -0.36169351214372675,
            "Pr_pval": 0.001872523162738905,
            "Sr": -0.3762423992152825,
            "Sr_pval": 0.0028192803049576303,
            "num": 180.0,
            "num_struc": 7.0
        },
        "multi_point_mutations": {
            "Pr": 0.21732620486121806,
            "Pr_pval": 0.19058054788477302,
            "Sr": 0.17935544874669218,
            "Sr_pval": 0.34379303869635447,
            "num": 79.0,
            "num_struc": 2.0
        }
    }
}