{
    "Overall": {
        "all_types_of_mutations": {
            "Pr": -0.1028267408786078,
            "Pr_pval": 0.04749805160059795,
            "Sr": -0.10539754855044307,
            "Sr_pval": 0.04218860979399619,
            "num": 372.0,
            "num_struc": 39.0
        },
        "single_point_mutations": {
            "Pr": -0.08294621146154518,
            "Pr_pval": 0.18157927504858357,
            "Sr": -0.07220211993645069,
            "Sr_pval": 0.2450812233405262,
            "num": 261.0,
            "num_struc": 36.0
        },
        "multi_point_mutations": {
            "Pr": -0.2764562539429703,
            "Pr_pval": 0.0033124945570645803,
            "Sr": -0.27604453474726615,
            "Sr_pval": 0.0033614507177363658,
            "num": 111.0,
            "num_struc": 16.0
        }
    },
    "Per-Structure": {
        "all_types_of_mutations": {
            "Pr": -0.06330754581859668,
            "Pr_pval": 0.08315538791827334,
            "Sr": -0.03937016763350575,
            "Sr_pval": 0.0009887781179808014,
            "num": 266.0,
            "num_struc": 8.0
        },
        "single_point_mutations": {
            "Pr": -0.10373386602054581,
            "Pr_pval": 0.32440305379851503,
            "Sr": -0.11046992411422152,
            "Sr_pval": 0.10687188474518335,
            "num": 180.0,
            "num_struc": 7.0
        },
        "multi_point_mutations": {
            "Pr": 0.1646433663781206,
            "Pr_pval": 1.0692702769717808e-06,
            "Sr": 0.13188234094089413,
            "Sr_pval": 1.8981484244906243e-06,
            "num": 79.0,
            "num_struc": 2.0
        }
    }
}