{
    "Overall": {
        "all_types_of_mutations": {
            "Pr": -0.09120206468248107,
            "Pr_pval": 0.0789545170067857,
            "Sr": -0.059082794082057646,
            "Sr_pval": 0.2556612787545783,
            "num": 372.0,
            "num_struc": 39.0
        },
        "single_point_mutations": {
            "Pr": -0.16567763688033874,
            "Pr_pval": 0.007311367292489029,
            "Sr": -0.19012725425454105,
            "Sr_pval": 0.002035212086411451,
            "num": 261.0,
            "num_struc": 36.0
        },
        "multi_point_mutations": {
            "Pr": 0.002934628715659436,
            "Pr_pval": 0.9756138240293849,
            "Sr": 0.06796467945505219,
            "Sr_pval": 0.4784692455971252,
            "num": 111.0,
            "num_struc": 16.0
        }
    },
    "Per-Structure": {
        "all_types_of_mutations": {
            "Pr": -0.2868887790919675,
            "Pr_std": 0.20768207514321213,
            "Pr_pval": 0.005795130263895129,
            "Sr": -0.26794263273841007,
            "Sr_std": 0.2505962488279435,
            "Sr_pval": 0.009492096416666016,
            "num": 266.0,
            "num_struc": 8.0
        },
        "single_point_mutations": {
            "Pr": -0.36169351214372675,
            "Pr_std": 0.1487985466511228,
            "Pr_pval": 0.001872523162738905,
            "Sr": -0.3762423992152825,
            "Sr_std": 0.13481070703684342,
            "Sr_pval": 0.0028192803049576303,
            "num": 180.0,
            "num_struc": 7.0
        },
        "multi_point_mutations": {
            "Pr": 0.2173262048612181,
            "Pr_std": 0.20359367825371946,
            "Pr_pval": 0.19058054788477247,
            "Sr": 0.17935544874669218,
            "Sr_std": 0.1671682323011587,
            "Sr_pval": 0.3437930386963545,
            "num": 79.0,
            "num_struc": 2.0
        }
    }
}