{
    "fitness": {
        "pearson": [
            0.37539082796929407,
            5.015568199560251e-52
        ],
        "spearman": [
            0.3674714733114803,
            9.070264586151222e-50
        ],
        "count": 1519
    }
}