{
    "fitness": {
        "pearson": [
            0.38174341396182,
            6.976333888409211e-54
        ],
        "spearman": [
            0.37570350755558823,
            4.07283004766987e-52
        ],
        "count": 1519
    }
}