{
    "log_proba_mt__minus__log_proba_wt vs. -EC50": {
        "Sr": 0.3130413408995936,
        "Sr_pval": 2.900536061249765e-05,
        "Pr": 0.2891537547019045,
        "Pr_pval": 0.00011953824811867931,
        "num": 172
    },
    "blosum vs. -EC50": {
        "Sr": 0.20164498686541152,
        "Sr_pval": 0.007988165146114301,
        "Pr": 0.26183560923865823,
        "Pr_pval": 0.0005211675796531644,
        "num": 172
    },
    "blosum vs. log_proba_mt__minus__log_proba_wt": {
        "Sr": 0.42967135535215023,
        "Sr_pval": 4.0563859839232095e-09,
        "Pr": 0.42346641029226467,
        "Pr_pval": 7.128272470518101e-09,
        "num": 172
    },
    "combined_score vs. -EC50": {
        "Sr": 0.32972738843868876,
        "Sr_pval": 1.0009814360836783e-05,
        "Pr": 0.3274564907266341,
        "Pr_pval": 1.161241274429847e-05,
        "num": 172
    }
}