{
    "log_proba_mt__minus__log_proba_wt vs. -EC50": {
        "Sr": 0.07393815256919181,
        "Sr_pval": 0.33507646036204786,
        "Pr": 0.08349731263264096,
        "Pr_pval": 0.2761649992958229,
        "num": 172
    },
    "blosum vs. -EC50": {
        "Sr": 0.34537649184108626,
        "Sr_pval": 3.481831980829148e-06,
        "Pr": 0.3719814016279285,
        "Pr_pval": 5.050107486860724e-07,
        "num": 172
    },
    "blosum vs. log_proba_mt__minus__log_proba_wt": {
        "Sr": 0.3455919240443055,
        "Sr_pval": 3.430198237296116e-06,
        "Pr": 0.3357091475497649,
        "Pr_pval": 6.7307222027104705e-06,
        "num": 172
    },
    "combined_score vs. -EC50": {
        "Sr": 0.2324051845035177,
        "Sr_pval": 0.0021559885675757617,
        "Pr": 0.27438008130180636,
        "Pr_pval": 0.00027013037293491964,
        "num": 172
    }
}