{
    "log_proba_mt__minus__log_proba_wt vs. -EC50": {
        "Sr": 0.2746968396705146,
        "Sr_pval": 0.0002655750987828866,
        "Pr": 0.2618354961246933,
        "Pr_pval": 0.0005211705936051046,
        "num": 172
    },
    "blosum vs. -EC50": {
        "Sr": 0.23942600657826604,
        "Sr_pval": 0.0015599993065044267,
        "Pr": 0.2658310773308903,
        "Pr_pval": 0.00042419947926758357,
        "num": 172
    },
    "blosum vs. log_proba_mt__minus__log_proba_wt": {
        "Sr": 0.2674105750951215,
        "Sr_pval": 0.0003906985381360417,
        "Pr": 0.27473403430672366,
        "Pr_pval": 0.00026504491396780246,
        "num": 172
    },
    "combined_score vs. -EC50": {
        "Sr": 0.31194886933541466,
        "Sr_pval": 3.103013723599604e-05,
        "Pr": 0.3304348838430195,
        "Pr_pval": 9.55491943566601e-06,
        "num": 172
    }
}