{
    "log_proba_mt__minus__log_proba_wt vs. -EC50": {
        "Sr": 0.22240725841455583,
        "Sr_pval": 0.003363610092384678,
        "Pr": 0.2306142269942953,
        "Pr_pval": 0.002338000835311367,
        "num": 172
    },
    "blosum vs. -EC50": {
        "Sr": 0.3279589714903336,
        "Sr_pval": 1.1238171101349226e-05,
        "Pr": 0.34282061405933184,
        "Pr_pval": 4.1535708982062115e-06,
        "num": 172
    },
    "blosum vs. log_proba_mt__minus__log_proba_wt": {
        "Sr": 0.32583080079825216,
        "Sr_pval": 1.290562371896192e-05,
        "Pr": 0.3833877394237778,
        "Pr_pval": 2.0898209557539913e-07,
        "num": 172
    },
    "combined_score vs. -EC50": {
        "Sr": 0.3116946494784298,
        "Sr_pval": 3.152003270729236e-05,
        "Pr": 0.3297004028973902,
        "Pr_pval": 1.0027564616033536e-05,
        "num": 172
    }
}