{
    "log_proba_mt__minus__log_proba_wt vs. -EC50": {
        "Sr": 0.1978850648900849,
        "Sr_pval": 0.009265549807602568,
        "Pr": 0.10540818252791506,
        "Pr_pval": 0.16876841645287338,
        "num": 172
    },
    "blosum vs. -EC50": {
        "Sr": 0.18178058344066128,
        "Sr_pval": 0.017006615584561586,
        "Pr": 0.21528862756648404,
        "Pr_pval": 0.004564932550419176,
        "num": 172
    },
    "blosum vs. log_proba_mt__minus__log_proba_wt": {
        "Sr": 0.3779816953389834,
        "Sr_pval": 3.18819565450138e-07,
        "Pr": 0.41322434185398194,
        "Pr_pval": 1.763829713309282e-08,
        "num": 172
    },
    "combined_score vs. -EC50": {
        "Sr": 0.228075048982323,
        "Sr_pval": 0.0026199902781434254,
        "Pr": 0.18058796015255635,
        "Pr_pval": 0.017757151914573745,
        "num": 172
    }
}