{
    "log_proba_mt__minus__log_proba_wt vs. -EC50": {
        "Sr": 0.20464296599793194,
        "Sr_pval": 0.0070842736608364544,
        "Pr": 0.23453344815032734,
        "Pr_pval": 0.0019564902568089157,
        "num": 172
    },
    "blosum vs. -EC50": {
        "Sr": 0.2817996352455732,
        "Sr_pval": 0.00018039107294154578,
        "Pr": 0.35210964460965455,
        "Pr_pval": 2.171324280629995e-06,
        "num": 172
    },
    "blosum vs. log_proba_mt__minus__log_proba_wt": {
        "Sr": 0.27166482602961944,
        "Sr_pval": 0.00031226403319833924,
        "Pr": 0.2955847114438874,
        "Pr_pval": 8.263768028891047e-05,
        "num": 172
    },
    "combined_score vs. -EC50": {
        "Sr": 0.29131408477960347,
        "Sr_pval": 0.00010569947938465367,
        "Pr": 0.36402672169474465,
        "Pr_pval": 9.161922251514086e-07,
        "num": 172
    }
}