{
    "log_proba_mt__minus__log_proba_wt vs. -EC50": {
        "Sr": -0.07191908770180866,
        "Sr_pval": 0.3484772710719133,
        "Pr": -0.09660847098104904,
        "Pr_pval": 0.20740957346242872,
        "num": 172
    },
    "blosum vs. -EC50": {
        "Sr": 0.030896021200542852,
        "Sr_pval": 0.6874345896905518,
        "Pr": 0.0696803331204638,
        "Pr_pval": 0.3637250535318197,
        "num": 172
    },
    "blosum vs. log_proba_mt__minus__log_proba_wt": {
        "Sr": 0.3516713330793841,
        "Sr_pval": 2.2398535264011558e-06,
        "Pr": 0.3667326627227391,
        "Pr_pval": 7.494915890187128e-07,
        "num": 172
    },
    "combined_score vs. -EC50": {
        "Sr": -0.03966713815891013,
        "Sr_pval": 0.6054077598869573,
        "Pr": -0.034145192585082154,
        "Pr_pval": 0.6565551136716911,
        "num": 172
    }
}