{
    "screenscore": {
        "pearson": [
            0.24786370604495309,
            5.75937165224781e-45
        ],
        "spearman": [
            0.25751312385049396,
            1.6263985317933565e-48
        ],
        "count": 3125
    }
}