{
    "screenscore": {
        "pearson": [
            0.27789015662872674,
            9.332544716464487e-62
        ],
        "spearman": [
            0.2885049428793919,
            1.2491839916103268e-66
        ],
        "count": 3424
    }
}