{
    "log_proba_mt__minus__log_proba_wt vs. -EC50": {
        "Sr": 0.33683413118266353,
        "Sr_pval": 6.240819158335686e-06,
        "Pr": 0.28358813127279764,
        "Pr_pval": 0.00016338239686048873,
        "num": 172
    },
    "blosum vs. -EC50": {
        "Sr": 0.20164498686541152,
        "Sr_pval": 0.007988165146114301,
        "Pr": 0.26183560923865823,
        "Pr_pval": 0.0005211675796531644,
        "num": 172
    },
    "blosum vs. log_proba_mt__minus__log_proba_wt": {
        "Sr": 0.4061773725318699,
        "Sr_pval": 3.233186961211433e-08,
        "Pr": 0.4318337055998629,
        "Pr_pval": 3.3238865661308234e-09,
        "num": 172
    },
    "combined_score vs. -EC50": {
        "Sr": 0.3434064009176027,
        "Sr_pval": 3.989532110125656e-06,
        "Pr": 0.32274795195430994,
        "Pr_pval": 1.5740547653615123e-05,
        "num": 172
    }
}