{
    "log_proba_mt__minus__log_proba_wt vs. -EC50": {
        "Sr": 0.1946236046563828,
        "Sr_pval": 0.010516586519577485,
        "Pr": 0.1882583487163017,
        "Pr_pval": 0.013393314110637624,
        "num": 172
    },
    "blosum vs. -EC50": {
        "Sr": 0.3279589714903336,
        "Sr_pval": 1.1238171101349226e-05,
        "Pr": 0.34282061405933184,
        "Pr_pval": 4.1535708982062115e-06,
        "num": 172
    },
    "blosum vs. log_proba_mt__minus__log_proba_wt": {
        "Sr": 0.4079269244440184,
        "Sr_pval": 2.785214404380118e-08,
        "Pr": 0.4236453106073465,
        "Pr_pval": 7.014455384785765e-09,
        "num": 172
    },
    "combined_score vs. -EC50": {
        "Sr": 0.29752131741353355,
        "Sr_pval": 7.381554986829498e-05,
        "Pr": 0.30689167990517213,
        "Pr_pval": 4.2262245527381286e-05,
        "num": 172
    }
}