{
    "log_proba_mt__minus__log_proba_wt vs. -EC50": {
        "Sr": 0.0258669951148643,
        "Sr_pval": 0.7362487315419322,
        "Pr": 0.04514574983224094,
        "Pr_pval": 0.5564896464087711,
        "num": 172
    },
    "blosum vs. -EC50": {
        "Sr": 0.030896021200542852,
        "Sr_pval": 0.6874345896905518,
        "Pr": 0.0696803331204638,
        "Pr_pval": 0.3637250535318197,
        "num": 172
    },
    "blosum vs. log_proba_mt__minus__log_proba_wt": {
        "Sr": 0.22644108752508668,
        "Sr_pval": 0.0028173906599350718,
        "Pr": 0.25230731023558756,
        "Pr_pval": 0.000840687766106537,
        "num": 172
    },
    "combined_score vs. -EC50": {
        "Sr": 0.04044512106692212,
        "Sr_pval": 0.5983459755804597,
        "Pr": 0.07038001114446606,
        "Pr_pval": 0.35891584141858285,
        "num": 172
    }
}