{
    "log_proba_mt__minus__log_proba_wt vs. -EC50": {
        "Sr": 0.22646604703366474,
        "Sr_pval": 0.002814276708952471,
        "Pr": 0.25470552863830576,
        "Pr_pval": 0.0007466222059971057,
        "num": 172
    },
    "blosum vs. -EC50": {
        "Sr": 0.23942600657826604,
        "Sr_pval": 0.0015599993065044267,
        "Pr": 0.2658310773308903,
        "Pr_pval": 0.00042419947926758357,
        "num": 172
    },
    "blosum vs. log_proba_mt__minus__log_proba_wt": {
        "Sr": 0.41830094001572415,
        "Sr_pval": 1.1299819371754777e-08,
        "Pr": 0.43133343444311667,
        "Pr_pval": 3.481055053251281e-09,
        "num": 172
    },
    "combined_score vs. -EC50": {
        "Sr": 0.2751382088365372,
        "Sr_pval": 0.0002593467363924656,
        "Pr": 0.3077387307852479,
        "Pr_pval": 4.0146731717904575e-05,
        "num": 172
    }
}