{
    "log_proba_mt__minus__log_proba_wt vs. -EC50": {
        "Sr": 0.22575349167501638,
        "Sr_pval": 0.0029044109127170903,
        "Pr": 0.15956483991090412,
        "Pr_pval": 0.03654338371868261,
        "num": 172
    },
    "blosum vs. -EC50": {
        "Sr": 0.18178058344066128,
        "Sr_pval": 0.017006615584561586,
        "Pr": 0.21528862756648404,
        "Pr_pval": 0.004564932550419176,
        "num": 172
    },
    "blosum vs. log_proba_mt__minus__log_proba_wt": {
        "Sr": 0.41599490641570686,
        "Sr_pval": 1.3845669886768572e-08,
        "Pr": 0.4325635024219746,
        "Pr_pval": 3.106828103989914e-09,
        "num": 172
    },
    "combined_score vs. -EC50": {
        "Sr": 0.2666017003217746,
        "Sr_pval": 0.0004075358622442155,
        "Pr": 0.2162872010126895,
        "Pr_pval": 0.004375958524552862,
        "num": 172
    }
}