{
    "log_proba_mt__minus__log_proba_wt vs. -EC50": {
        "Sr": 0.014281434618770598,
        "Sr_pval": 0.8524894758847291,
        "Pr": -0.03827422475450757,
        "Pr_pval": 0.6181427801366404,
        "num": 172
    },
    "blosum vs. -EC50": {
        "Sr": 0.34537649184108626,
        "Sr_pval": 3.481831980829148e-06,
        "Pr": 0.3719814016279285,
        "Pr_pval": 5.050107486860724e-07,
        "num": 172
    },
    "blosum vs. log_proba_mt__minus__log_proba_wt": {
        "Sr": 0.4488578112138934,
        "Sr_pval": 6.592884896327768e-10,
        "Pr": 0.48630758158047827,
        "Pr_pval": 1.350107661492823e-11,
        "num": 172
    },
    "combined_score vs. -EC50": {
        "Sr": 0.1853985013371386,
        "Sr_pval": 0.014896069858061014,
        "Pr": 0.18979637514395012,
        "Pr_pval": 0.012641406828030626,
        "num": 172
    }
}