{
    "log_proba_mt__minus__log_proba_wt vs. -EC50": {
        "Sr": 0.11490845719684438,
        "Sr_pval": 0.13335613526596776,
        "Pr": 0.10812327330920925,
        "Pr_pval": 0.15800124386586295,
        "num": 172
    },
    "blosum vs. -EC50": {
        "Sr": 0.2817996352455732,
        "Sr_pval": 0.00018039107294154578,
        "Pr": 0.35210964460965455,
        "Pr_pval": 2.171324280629995e-06,
        "num": 172
    },
    "blosum vs. log_proba_mt__minus__log_proba_wt": {
        "Sr": 0.41319246537333637,
        "Sr_pval": 1.768727100976572e-08,
        "Pr": 0.4367679883904854,
        "Pr_pval": 2.0988810642407998e-09,
        "num": 172
    },
    "combined_score vs. -EC50": {
        "Sr": 0.22929905841973883,
        "Sr_pval": 0.0024804210386403726,
        "Pr": 0.26566043577235504,
        "Pr_pval": 0.0004279736293644611,
        "num": 172
    }
}