{
    "overall": {
        "pearson": [
            -0.36497355483917465,
            1.6849805876011647e-12
        ],
        "spearman": [
            -0.36054010398220987,
            3.2538276527155422e-12
        ],
        "count": 351
    }
}