{
    "selection_coefficient": {
        "pearson": [
            0.26247458496435516,
            1.9415068299041106e-21
        ],
        "spearman": [
            0.2738596573996856,
            2.883146263246916e-23
        ],
        "count": 1269
    }
}