{
    "selection_coefficient": {
        "pearson": [
            0.24779714669937516,
            3.286330532937418e-19
        ],
        "spearman": [
            0.2793916903985847,
            3.463528792853569e-24
        ],
        "count": 1269
    }
}