{
    "linear": {
        "pearson": [
            0.5956524428007814,
            0.0
        ],
        "spearman": [
            0.61668873924268,
            0.0
        ],
        "count": 5468
    }
}