{
    "function_score": {
        "pearson": [
            0.442515918742851,
            1.2167659205351576e-36
        ],
        "spearman": [
            0.36638563882277714,
            8.442211314913799e-25
        ],
        "count": 736
    }
}