{
    "function_score": {
        "pearson": [
            0.4350603184271078,
            2.4211051724527144e-35
        ],
        "spearman": [
            0.38661473588558454,
            1.1865561288509721e-27
        ],
        "count": 736
    }
}