{
    "selection_coefficient": {
        "pearson": [
            0.22386242466602224,
            7.063160262010996e-16
        ],
        "spearman": [
            0.240555031238353,
            3.664523180719846e-18
        ],
        "count": 1269
    }
}