{
    "selection_coefficient": {
        "pearson": [
            0.24355944967672816,
            1.3604779656344872e-18
        ],
        "spearman": [
            0.25377247866110153,
            4.2334632350282104e-20
        ],
        "count": 1269
    }
}