{
    "5BON": {
        "pearson": [
            0.6080688674408985,
            6.5252179030907e-283
        ],
        "spearman": [
            0.5955935481242823,
            1.3639052423234523e-268
        ],
        "count": 2801
    },
    "1D5R": {
        "pearson": [
            0.5639726691481662,
            5.277829093520577e-270
        ],
        "spearman": [
            0.5491558050282656,
            2.777898746721026e-253
        ],
        "count": 3222
    },
    "2H11": {
        "pearson": [
            0.5151866713664224,
            1.0397984175214738e-231
        ],
        "spearman": [
            0.48802134567391653,
            1.3574513580026615e-204
        ],
        "count": 3427
    },
    "overall": {
        "pearson": [
            0.5300378794726613,
            0.0
        ],
        "spearman": [
            0.5186220444837595,
            0.0
        ],
        "count": 9450
    }
}