{
    "1BVC": {
        "pearson": [
            -0.7126308821910226,
            1.0693578046987895e-12
        ],
        "spearman": [
            -0.707972335775266,
            1.7404534041708103e-12
        ],
        "count": 74
    },
    "1LZ1": {
        "pearson": [
            -0.5846064140068812,
            8.546521262548977e-12
        ],
        "spearman": [
            -0.6305477617103024,
            5.558924389730377e-14
        ],
        "count": 114
    },
    "2CI2": {
        "pearson": [
            -0.5602169967554338,
            7.942007563180804e-08
        ],
        "spearman": [
            -0.5478326529205797,
            1.7378871270532416e-07
        ],
        "count": 79
    },
    "2RN2": {
        "pearson": [
            -0.7985874733720278,
            3.3164045525897143e-18
        ],
        "spearman": [
            -0.7659960437138572,
            4.81761580276603e-16
        ],
        "count": 77
    },
    "overall": {
        "pearson": [
            -0.6343853694120123,
            3.899824176157785e-40
        ],
        "spearman": [
            -0.6807329846121813,
            3.722266557507319e-48
        ],
        "count": 344
    }
}