{
    "5BON": {
        "pearson": [
            0.5018540593175268,
            1.3135015991035943e-178
        ],
        "spearman": [
            0.5220457897034326,
            1.1721547809574315e-195
        ],
        "count": 2801
    },
    "1D5R": {
        "pearson": [
            0.48826335909733565,
            1.092052700251614e-192
        ],
        "spearman": [
            0.4940592341157813,
            6.115636923511806e-198
        ],
        "count": 3222
    },
    "2H11": {
        "pearson": [
            0.4106844764702837,
            1.3799902488791582e-139
        ],
        "spearman": [
            0.41798880338122796,
            4.982057089195708e-145
        ],
        "count": 3427
    },
    "overall": {
        "pearson": [
            0.44641495363501427,
            0.0
        ],
        "spearman": [
            0.4578130295330649,
            0.0
        ],
        "count": 9450
    }
}