{
    "overall": {
        "pearson": [
            -0.39225595232823696,
            2.1451172359330118e-14
        ],
        "spearman": [
            -0.4740845347713254,
            3.992926877234013e-21
        ],
        "count": 352
    }
}