{
  "Pearson R": -0.7795516332635952,
  "Pearson R - pval": 0.00013667846945630277,
  "Spearman R": -0.6708018397959773,
  "Spearman R - pval": 0.0023099148941051126
}