{
  "Pearson R": -0.6365869289870836,
  "Pearson R - pval": 6.816178266955094e-05,
  "Spearman R": -0.6424691185719159,
  "Spearman R - pval": 5.550680583606343e-05
}