{
    "2LZM": {
        "pearson": [
            -0.7993998699465849,
            2.417958655749709e-08
        ],
        "spearman": [
            -0.8088988954474837,
            1.2236415912577612e-08
        ],
        "count": 33
    }
}