{
    "2LZM": {
        "pearson": [
            -0.6365869300269339,
            6.816178022040564e-05
        ],
        "spearman": [
            -0.6424691185719159,
            5.550680583606343e-05
        ],
        "count": 33
    }
}