{
    "2LZM": {
        "pearson": [
            -0.6490028045776711,
            4.396043859061556e-05
        ],
        "spearman": [
            -0.6581921326687032,
            3.137005390648542e-05
        ],
        "count": 33
    }
}