{
    "2LZM": {
        "pearson": [
            -0.7795516332635952,
            0.00013667846945630277
        ],
        "spearman": [
            -0.6708018397959773,
            0.0023099148941051126
        ],
        "count": 18
    }
}