{
    "SelectionTwo": {
        "pearson": [
            0.497302195763407,
            0.0
        ],
        "spearman": [
            0.5232788021507789,
            0.0
        ],
        "count": 8329
    }
}