{
    "react_rel": {
        "pearson": [
            0.4006643724684208,
            1.85517511161371e-56
        ],
        "spearman": [
            0.37253592838491373,
            1.8150222253111025e-48
        ],
        "count": 1435
    }
}