{
    "react_rel": {
        "pearson": [
            0.4028961032940445,
            3.985974201692887e-57
        ],
        "spearman": [
            0.404174746793091,
            1.6428268211034704e-57
        ],
        "count": 1435
    }
}