{
    "log_proba_mt__minus__log_proba_wt vs. IFN_gamma (pg/ml)": {
        "Sr": 0.2928677133880545,
        "Sr_pval": 9.668965013954628e-05,
        "Pr": 0.343205940274282,
        "Pr_pval": 4.0449621648166446e-06,
        "num": 172
    },
    "blosum vs. IFN_gamma (pg/ml)": {
        "Sr": 0.2174733347098187,
        "Sr_pval": 0.00416064211939098,
        "Pr": 0.24663740792014044,
        "Pr_pval": 0.001107979454142637,
        "num": 172
    },
    "blosum vs. log_proba_mt__minus__log_proba_wt": {
        "Sr": 0.2794195522920465,
        "Sr_pval": 0.00020559112506929406,
        "Pr": 0.2921014669630472,
        "Pr_pval": 0.00010103945687258536,
        "num": 172
    },
    "combined_score vs. IFN_gamma (pg/ml)": {
        "Sr": 0.3041371625328601,
        "Sr_pval": 4.9889226200046645e-05,
        "Pr": 0.37439063969907493,
        "Pr_pval": 4.2031697086313273e-07,
        "num": 172
    }
}