{
    "react_rel": {
        "pearson": [
            0.40455278897141983,
            1.2631567911276252e-57
        ],
        "spearman": [
            0.43212044091224966,
            2.3483589387579784e-66
        ],
        "count": 1435
    }
}