{
    "react_rel": {
        "pearson": [
            0.34043539234492953,
            2.8773429652640185e-40
        ],
        "spearman": [
            0.36000650768486053,
            3.735301462028857e-45
        ],
        "count": 1435
    }
}