{
    "react_rel": {
        "pearson": [
            0.3320844408361552,
            2.754770137820664e-38
        ],
        "spearman": [
            0.34155320474042994,
            1.545805571324896e-40
        ],
        "count": 1435
    }
}