{
    "ETP_AVERAGE": {
        "pearson": [
            0.1366378366796671,
            9.757721494010633e-30
        ],
        "spearman": [
            0.140708793151893,
            1.8843410104406887e-31
        ],
        "count": 6809
    },
    "DOX_Average": {
        "pearson": [
            -0.03931923105255815,
            0.0011738836923920928
        ],
        "spearman": [
            -0.058764400635480614,
            1.2200984512984205e-06
        ],
        "count": 6809
    },
    "SCH_Average": {
        "pearson": [
            0.1427437777000246,
            2.50565640100224e-32
        ],
        "spearman": [
            0.13252000210440446,
            4.687363563818046e-28
        ],
        "count": 6809
    },
    "VRT_AVERAGE": {
        "pearson": [
            0.14636642213774456,
            6.412677322164856e-34
        ],
        "spearman": [
            0.14985528499840445,
            1.7181849520870155e-35
        ],
        "count": 6809
    }
}