{
    "ETP_AVERAGE": {
        "pearson": [
            0.14385305559036798,
            2.419657329843297e-31
        ],
        "spearman": [
            0.1438421740843785,
            2.4450544683332024e-31
        ],
        "count": 6488
    },
    "DOX_Average": {
        "pearson": [
            -0.04808358643348623,
            0.0001068274397619128
        ],
        "spearman": [
            -0.07947480471245463,
            1.450867605408351e-10
        ],
        "count": 6488
    },
    "SCH_Average": {
        "pearson": [
            0.15634739758157495,
            8.777620391330983e-37
        ],
        "spearman": [
            0.15316366416980287,
            2.3665339740524833e-35
        ],
        "count": 6488
    },
    "VRT_AVERAGE": {
        "pearson": [
            0.16223381234572895,
            1.650149782423769e-39
        ],
        "spearman": [
            0.17325578916344173,
            6.766052015925573e-45
        ],
        "count": 6488
    }
}