{
    "NONSEL_24h": {
        "pearson": [
            -0.34398039243212697,
            1.810643103486342e-31
        ],
        "spearman": [
            -0.35898957850956953,
            2.5758180432189416e-34
        ],
        "count": 1084
    },
    "SEL_A_24h": {
        "pearson": [
            0.42381117925758266,
            1.7340518546616863e-48
        ],
        "spearman": [
            0.43481720714675515,
            3.205362504749233e-51
        ],
        "count": 1084
    },
    "SEL_A_40h": {
        "pearson": [
            0.391975556552181,
            3.9379480154162786e-41
        ],
        "spearman": [
            0.4334416862483876,
            7.12876718079159e-51
        ],
        "count": 1084
    },
    "SEL_B_40h": {
        "pearson": [
            0.3930514810397675,
            2.2882423162426196e-41
        ],
        "spearman": [
            0.41687776546671557,
            8.120780655995152e-47
        ],
        "count": 1084
    },
    "SEL_C_40h": {
        "pearson": [
            0.3934820553768774,
            1.8403689546893407e-41
        ],
        "spearman": [
            0.41251953716239914,
            8.705601791020844e-46
        ],
        "count": 1084
    },
    "SEL_C_64h": {
        "pearson": [
            0.368188350275912,
            3.8812425442082206e-36
        ],
        "spearman": [
            0.3944714811052118,
            1.1142847583065619e-41
        ],
        "count": 1084
    }
}