{
    "fitness": {
        "pearson": [
            0.15316122009691158,
            1.974663648906396e-09
        ],
        "spearman": [
            0.15508227302983343,
            1.2317916887756954e-09
        ],
        "count": 1519
    }
}