{
    "fitness": {
        "pearson": [
            0.2055972155687209,
            5.819914970954438e-16
        ],
        "spearman": [
            0.20319708516332308,
            1.2798672929558018e-15
        ],
        "count": 1519
    }
}