{
    "1A7V": {
        "pearson": [
            -0.44333151102530455,
            0.1291820699213248
        ],
        "spearman": [
            -0.3636377434693797,
            0.22194616721494154
        ],
        "count": 13
    },
    "1BA3": {
        "pearson": [
            -0.7543294476646323,
            0.24567055233536772
        ],
        "spearman": [
            -0.39999999999999997,
            0.6
        ],
        "count": 4
    },
    "1BFM": {
        "pearson": [
            -1.0,
            1.0
        ],
        "spearman": [
            -0.9999999999999999,
            NaN
        ],
        "count": 2
    },
    "1D5G": {
        "pearson": [
            1.0,
            1.0
        ],
        "spearman": [
            0.9999999999999999,
            NaN
        ],
        "count": 2
    },
    "1DIV": {
        "pearson": [
            -0.7045478252606913,
            1.1298989300616517e-08
        ],
        "spearman": [
            -0.700266527616983,
            1.5108851107921012e-08
        ],
        "count": 50
    },
    "1EKG": {
        "pearson": [
            -0.36993534695868374,
            0.6300646530413163
        ],
        "spearman": [
            -0.6000000000000001,
            0.3999999999999999
        ],
        "count": 4
    },
    "1FT8": {
        "pearson": [
            -0.7390812310715933,
            0.0038952301236629488
        ],
        "spearman": [
            -0.8241758241758241,
            0.0005302228375973583
        ],
        "count": 13
    },
    "1FXA": {
        "pearson": [
            -0.7531361088734025,
            0.007455527141503618
        ],
        "spearman": [
            -0.7545454545454545,
            0.00728204100842914
        ],
        "count": 11
    },
    "1G3P": {
        "pearson": [
            -0.37422008433637033,
            0.05447656512524822
        ],
        "spearman": [
            -0.45784981053401497,
            0.01632880912202459
        ],
        "count": 27
    },
    "1GUA": {
        "pearson": [
            -0.7978265863857641,
            6.727187805207248e-12
        ],
        "spearman": [
            -0.8416326530612244,
            3.624874504730328e-14
        ],
        "count": 49
    },
    "1H0X": {
        "pearson": [
            -1.0,
            1.0
        ],
        "spearman": [
            -0.9999999999999999,
            NaN
        ],
        "count": 2
    },
    "1HCQ": {
        "pearson": [
            1.0,
            1.0
        ],
        "spearman": [
            0.9999999999999999,
            NaN
        ],
        "count": 2
    },
    "1ITM": {
        "pearson": [
            -0.9998048917540143,
            0.012575926619121512
        ],
        "spearman": [
            -1.0,
            0.0
        ],
        "count": 3
    },
    "1IV7": {
        "pearson": [
            -0.9491007436992053,
            0.20399070533742036
        ],
        "spearman": [
            -0.5,
            0.6666666666666667
        ],
        "count": 3
    },
    "1J8I": {
        "pearson": [
            -0.4038018751319712,
            0.42721833736306314
        ],
        "spearman": [
            -0.14712247158412492,
            0.7809085271647663
        ],
        "count": 6
    },
    "1JLV": {
        "pearson": [
            -0.9498761207063149,
            0.20241766293025446
        ],
        "spearman": [
            -1.0,
            0.0
        ],
        "count": 3
    },
    "1L6H": {
        "pearson": [
            -0.7778593398758072,
            0.43261117459506504
        ],
        "spearman": [
            -0.5,
            0.6666666666666667
        ],
        "count": 3
    },
    "1LVM": {
        "pearson": [
            0.04576014182404034,
            0.9417567181612287
        ],
        "spearman": [
            0.30779350562554625,
            0.614384002810333
        ],
        "count": 5
    },
    "1N18": {
        "pearson": [
            -0.0703313295083905,
            0.9296686704916095
        ],
        "spearman": [
            0.39999999999999997,
            0.6
        ],
        "count": 4
    },
    "1N88": {
        "pearson": [
            -0.14761298110228416,
            0.5718170259740815
        ],
        "spearman": [
            -0.2455498332197861,
            0.34212943597515766
        ],
        "count": 17
    },
    "1NM1": {
        "pearson": [
            -1.0,
            1.0
        ],
        "spearman": [
            -0.9999999999999999,
            NaN
        ],
        "count": 2
    },
    "1O1U": {
        "pearson": [
            -0.3119547744405107,
            0.5472468996411177
        ],
        "spearman": [
            -0.27322953332351235,
            0.6003545904291114
        ],
        "count": 6
    },
    "1O6X": {
        "pearson": [
            -0.6203192660193162,
            0.003522750716546814
        ],
        "spearman": [
            -0.5711062564809495,
            0.008534723108192317
        ],
        "count": 20
    },
    "1OSI": {
        "pearson": [
            -0.7507520911738329,
            0.2492479088261672
        ],
        "spearman": [
            -0.39999999999999997,
            0.6
        ],
        "count": 4
    },
    "1PFL": {
        "pearson": [
            -0.1593110605747376,
            0.7980201727254844
        ],
        "spearman": [
            -0.09999999999999999,
            0.8728885715695383
        ],
        "count": 5
    },
    "1PRG": {
        "pearson": [
            -0.08183860545952948,
            0.861531258184725
        ],
        "spearman": [
            -0.21428571428571433,
            0.6445115810207203
        ],
        "count": 7
    },
    "1R6R": {
        "pearson": [
            -0.5388575910654753,
            0.46114240893452463
        ],
        "spearman": [
            -0.39999999999999997,
            0.6
        ],
        "count": 4
    },
    "1X0J": {
        "pearson": [
            0.30261321893253035,
            0.5094635637455236
        ],
        "spearman": [
            0.3214285714285715,
            0.4820720382996776
        ],
        "count": 7
    },
    "1XWS": {
        "pearson": [
            0.12714747620440608,
            0.872852523795594
        ],
        "spearman": [
            0.0,
            1.0
        ],
        "count": 4
    },
    "1XXN": {
        "pearson": [
            -0.10972948104866193,
            0.8605689623229869
        ],
        "spearman": [
            0.05129891760425771,
            0.934712848108234
        ],
        "count": 5
    },
    "1XZO": {
        "pearson": [
            -0.6167036407222992,
            0.3832963592777008
        ],
        "spearman": [
            -0.39999999999999997,
            0.6
        ],
        "count": 4
    },
    "2BJD": {
        "pearson": [
            -0.9708572756410874,
            0.15407088823145063
        ],
        "spearman": [
            -1.0,
            0.0
        ],
        "count": 3
    },
    "2C9Q": {
        "pearson": [
            -1.0,
            1.0
        ],
        "spearman": [
            -0.9999999999999999,
            NaN
        ],
        "count": 2
    },
    "2CLR": {
        "pearson": [
            -0.9781968890648141,
            0.021803110935185943
        ],
        "spearman": [
            -1.0,
            0.0
        ],
        "count": 4
    },
    "2DVV": {
        "pearson": [
            -1.0,
            1.0
        ],
        "spearman": [
            -0.9999999999999999,
            NaN
        ],
        "count": 2
    },
    "2HBB": {
        "pearson": [
            -0.6504649507511181,
            9.921746998238327e-07
        ],
        "spearman": [
            -0.686073764719183,
            1.4217009836159553e-07
        ],
        "count": 46
    },
    "2JIE": {
        "pearson": [
            -0.19825360145075221,
            0.1631361843263052
        ],