{
    "Overall": {
        "all_types_of_mutations": {
            "Pr": -0.13579517275559477,
            "Pr_pval": 0.008820989159012065,
            "Sr": -0.1849309492117714,
            "Sr_pval": 0.00034236527143003895,
            "num": 371.0,
            "num_struc": 39.0
        },
        "single_point_mutations": {
            "Pr": -0.19631287819213905,
            "Pr_pval": 0.0014356772264742135,
            "Sr": -0.21746663205767872,
            "Sr_pval": 0.0004018539105105941,
            "num": 261.0,
            "num_struc": 36.0
        },
        "multi_point_mutations": {
            "Pr": -0.12022002934334729,
            "Pr_pval": 0.21092811155319433,
            "Sr": -0.13087023663520897,
            "Sr_pval": 0.1729556926840768,
            "num": 110.0,
            "num_struc": 16.0
        }
    },
    "Per-Structure": {
        "all_types_of_mutations": {
            "Pr": -0.29383640507070374,
            "Pr_pval": 0.00145526833615551,
            "Sr": -0.29680493363225013,
            "Sr_pval": 8.937988831812757e-05,
            "num": 265.0,
            "num_struc": 8.0
        },
        "single_point_mutations": {
            "Pr": -0.37048764761119973,
            "Pr_pval": 9.224062641606215e-05,
            "Sr": -0.3931329236688743,
            "Sr_pval": 8.775909771894548e-06,
            "num": 180.0,
            "num_struc": 7.0
        },
        "multi_point_mutations": {
            "Pr": 0.04968186183740222,
            "Pr_pval": 0.44338848375525075,
            "Sr": -0.021106401687855,
            "Sr_pval": 0.4318141147113229,
            "num": 78.0,
            "num_struc": 2.0
        }
    }
}