{
    "Overall": {
        "all_types_of_mutations": {
            "Pr": -0.18321086679421594,
            "Pr_pval": 0.00038251744631400054,
            "Sr": -0.22019416364468097,
            "Sr_pval": 1.8243602575175735e-05,
            "num": 372.0,
            "num_struc": 39.0
        },
        "single_point_mutations": {
            "Pr": -0.16311680265894882,
            "Pr_pval": 0.008283500967786383,
            "Sr": -0.1567244589490743,
            "Sr_pval": 0.011228830763115353,
            "num": 261.0,
            "num_struc": 36.0
        },
        "multi_point_mutations": {
            "Pr": -0.33559825988662884,
            "Pr_pval": 0.00031732029660722186,
            "Sr": -0.33921351409616135,
            "Sr_pval": 0.00027054886841670726,
            "num": 111.0,
            "num_struc": 16.0
        }
    },
    "Per-Structure": {
        "all_types_of_mutations": {
            "Pr": -0.206735446983226,
            "Pr_pval": 0.007248187824554682,
            "Sr": -0.18356384398166423,
            "Sr_pval": 7.325461082042035e-06,
            "num": 266.0,
            "num_struc": 8.0
        },
        "single_point_mutations": {
            "Pr": -0.25354493146815643,
            "Pr_pval": 0.014348376255116204,
            "Sr": -0.2575826836795051,
            "Sr_pval": 0.002833018594402397,
            "num": 180.0,
            "num_struc": 7.0
        },
        "multi_point_mutations": {
            "Pr": -0.03717618153889768,
            "Pr_pval": 0.0006348489956214063,
            "Sr": -0.06663977843546523,
            "Sr_pval": 2.629876815296497e-05,
            "num": 79.0,
            "num_struc": 2.0
        }
    }
}