{
    "fitness": {
        "pearson": [
            0.26893997573700534,
            2.8774760500710233e-26
        ],
        "spearman": [
            0.2644395660204568,
            2.0268785688157399e-25
        ],
        "count": 1500
    }
}