{
    "1A7V": {
        "pearson": [
            -0.42444853755799605,
            0.1482924551787979
        ],
        "spearman": [
            -0.5013793129653569,
            0.08089054399848099
        ],
        "count": 13
    },
    "1BA3": {
        "pearson": [
            -0.7814270446110351,
            0.21857295538896482
        ],
        "spearman": [
            -0.39999999999999997,
            0.6
        ],
        "count": 4
    },
    "1BFM": {
        "pearson": [
            -1.0,
            1.0
        ],
        "spearman": [
            -0.9999999999999999,
            NaN
        ],
        "count": 2
    },
    "1D5G": {
        "pearson": [
            -1.0,
            1.0
        ],
        "spearman": [
            -0.9999999999999999,
            NaN
        ],
        "count": 2
    },
    "1DIV": {
        "pearson": [
            -0.5054190427634124,
            0.00018129823259138114
        ],
        "spearman": [
            -0.5405911604295968,
            5.063505118092429e-05
        ],
        "count": 50
    },
    "1FXA": {
        "pearson": [
            -0.6975777118255699,
            0.01701147158518451
        ],
        "spearman": [
            -0.7000000000000001,
            0.01647097883651441
        ],
        "count": 11
    },
    "1G3P": {
        "pearson": [
            0.17953347034483474,
            0.3702249717613724
        ],
        "spearman": [
            0.011301162768351268,
            0.9553852135120922
        ],
        "count": 27
    },
    "1HCQ": {
        "pearson": [
            -1.0,
            1.0
        ],
        "spearman": [
            -0.9999999999999999,
            NaN
        ],
        "count": 2
    },
    "1J8I": {
        "pearson": [
            0.5465069047729739,
            0.2618521959846699
        ],
        "spearman": [
            0.26482044885142486,
            0.6120552385657049
        ],
        "count": 6
    },
    "1JLV": {
        "pearson": [
            -0.9327360596795855,
            0.23482872779569455
        ],
        "spearman": [
            -1.0,
            0.0
        ],
        "count": 3
    },
    "1L6H": {
        "pearson": [
            -0.7453092859526769,
            0.4646036541181337
        ],
        "spearman": [
            -0.5,
            0.6666666666666667
        ],
        "count": 3
    },
    "1N88": {
        "pearson": [
            -0.5670111170564326,
            0.017618062741840853
        ],
        "spearman": [
            -0.44567294729391177,
            0.07298360109075508
        ],
        "count": 17
    },
    "1NM1": {
        "pearson": [
            -1.0,
            1.0
        ],
        "spearman": [
            -0.9999999999999999,
            NaN
        ],
        "count": 2
    },
    "1O1U": {
        "pearson": [
            -0.39703338474525574,
            0.43574320265031696
        ],
        "spearman": [
            -0.21251185925162072,
            0.6860308660088958
        ],
        "count": 6
    },
    "1O6X": {
        "pearson": [
            -0.21296829723437086,
            0.3673217170102046
        ],
        "spearman": [
            -0.1354402189282884,
            0.5691253789404817
        ],
        "count": 20
    },
    "1OSI": {
        "pearson": [
            -0.9976952439985224,
            0.0023047560014775037
        ],
        "spearman": [
            -1.0,
            0.0
        ],
        "count": 4
    },
    "1PFL": {
        "pearson": [
            -0.17866640750851837,
            0.7737310117185571
        ],
        "spearman": [
            -0.39999999999999997,
            0.5046315754686911
        ],
        "count": 5
    },
    "1R6R": {
        "pearson": [
            -0.857521815857389,
            0.14247818414261104
        ],
        "spearman": [
            -0.19999999999999998,
            0.8
        ],
        "count": 4
    },
    "1XWS": {
        "pearson": [
            -0.540624936786898,
            0.45937506321310195
        ],
        "spearman": [
            -0.7999999999999999,
            0.20000000000000007
        ],
        "count": 4
    },
    "1XXN": {
        "pearson": [
            -0.2836124320704422,
            0.6437945866621125
        ],
        "spearman": [
            -0.20519567041703085,
            0.7405819415910722
        ],
        "count": 5
    },
    "1XZO": {
        "pearson": [
            0.608347012642665,
            0.3916529873573351
        ],
        "spearman": [
            0.39999999999999997,
            0.6
        ],
        "count": 4
    },
    "2BJD": {
        "pearson": [
            -0.9990150622177564,
            0.028257593415280564
        ],
        "spearman": [
            -1.0,
            0.0
        ],
        "count": 3
    },
    "2C9Q": {
        "pearson": [
            -1.0,
            1.0
        ],
        "spearman": [
            -0.9999999999999999,
            NaN
        ],
        "count": 2
    },
    "2HBB": {
        "pearson": [
            -0.1760175640330711,
            0.24195353371788147
        ],
        "spearman": [
            -0.24213642577198063,
            0.10495718519460359
        ],
        "count": 46
    },
    "2JUC": {
        "pearson": [
            -0.07309165022694109,
            0.9534268787030966
        ],
        "spearman": [
            0.5,
            0.6666666666666667
        ],
        "count": 3
    },
    "2KS4": {
        "pearson": [
            1.0,
            1.0
        ],
        "spearman": [
            0.9999999999999999,
            NaN
        ],
        "count": 2
    },
    "2MPC": {
        "pearson": [
            -0.21570747004625046,
            0.8615884853699302
        ],
        "spearman": [
            -0.5,
            0.6666666666666667
        ],
        "count": 3
    },
    "2PTL": {
        "pearson": [
            0.09749407977075622,
            0.42897994772097525
        ],
        "spearman": [
            0.09910572031290558,
            0.4213522758556677
        ],
        "count": 68
    },
    "2RPN": {
        "pearson": [
            -1.0,
            1.0
        ],
        "spearman": [
            -0.9999999999999999,
            NaN
        ],
        "count": 2
    },
    "2WQG": {
        "pearson": [
            -0.323103024763971,
            0.08733503601192269
        ],
        "spearman": [
            -0.5324468757952195,
            0.0029459082825329494
        ],
        "count": 29
    },
    "3D2A": {
        "pearson": [
            -0.6870749701019533,
            0.5177887657660979
        ],
        "spearman": [
            -0.5,
            0.6666666666666667
        ],
        "count": 3
    },
    "3DV0": {
        "pearson": [
            -0.6552813001006172,
            6.315528756134555e-05
        ],
        "spearman": [
            -0.6334725329279968,
            0.0001306128524633115
        ],
        "count": 31
    },
    "3MON": {
        "pearson": [
            1.0,
            1.0
        ],
        "spearman": [
            0.9999999999999999,
            NaN
        ],
        "count": 2
    },
    "4BUQ": {
        "pearson": [
            -1.0,
            1.0
        ],
        "spearman": [
            -0.9999999999999999,
            NaN
        ],
        "count": 2
    },
    "4HE7": {
        "pearson": [
            0.8098818998602401,
            0.3990622853441403
        ],
        "spearman": [
            0.5,
            0.6666666666666667
        ],
        "count": 3
    },
    "5VP3": {
        "pearson": [
            0.8510123322478271,
            0.35197836097989577
        ],
        "spearman": [
            0.5,
            0.6666666666666667
        ],
        "count": 3
    },
    "overall": {
        "pearson": [
            -0.3472761776774787,
            4.594340323645903e-13
        ],