{
    "Ami11_avg": {
        "pearson": [
            0.17804996298442427,
            2.278188191501344e-37
        ],
        "spearman": [
            0.15111943811486298,
            2.838082581226185e-27
        ],
        "count": 5068
    },
    "Ami12_avg": {
        "pearson": [
            0.32225403804450004,
            6.137014386174194e-119
        ],
        "spearman": [
            0.3900525382917855,
            5.183240849940164e-178
        ],
        "count": 4906
    },
    "Ami14_avg": {
        "pearson": [
            0.32006253173691346,
            1.92851463467599e-116
        ],
        "spearman": [
            0.3699465267161981,
            7.564067304546882e-158
        ],
        "count": 4871
    },
    "Ami18_avg": {
        "pearson": [
            0.03277398884750798,
            0.01949177220480945
        ],
        "spearman": [
            0.04156218087356269,
            0.0030479614750380684
        ],
        "count": 5080
    },
    "G41811_avg": {
        "pearson": [
            0.2993636254683899,
            3.9381317425275746e-102
        ],
        "spearman": [
            0.32045526234330945,
            1.4563468611923521e-117
        ],
        "count": 4906
    },
    "G41812_avg": {
        "pearson": [
            0.4118202172834168,
            8.568714433333729e-197
        ],
        "spearman": [
            0.49192186442009966,
            2.4478536298728756e-292
        ],
        "count": 4822
    },
    "G41814_avg": {
        "pearson": [
            0.41741413441806985,
            4.143029691085575e-212
        ],
        "spearman": [
            0.4413279097422636,
            9.858945388249205e-240
        ],
        "count": 5049
    },
    "Kan11_avg": {
        "pearson": [
            0.323626908461447,
            2.0396901430032365e-119
        ],
        "spearman": [
            0.34045523213032913,
            9.47677419042701e-133
        ],
        "count": 4882
    },
    "Kan12_avg": {
        "pearson": [
            0.4138736574752773,
            2.9345112307941387e-195
        ],
        "spearman": [
            0.4878101462715734,
            1.7991373856671146e-281
        ],
        "count": 4732
    },
    "Kan14_avg": {
        "pearson": [
            0.42417999113784344,
            6.654707657924581e-211
        ],
        "spearman": [
            0.48720689991791927,
            2.4754607428440995e-287
        ],
        "count": 4845
    },
    "Kan18_avg": {
        "pearson": [
            0.4382328204811878,
            4.009501210838864e-236
        ],
        "spearman": [
            0.47159288818129214,
            3.897758231948469e-278
        ],
        "count": 5051
    },
    "Neo11_avg": {
        "pearson": [
            0.2884185188189705,
            1.4620716201216932e-95
        ],
        "spearman": [
            0.2850574379076224,
            2.6871853890698826e-93
        ],
        "count": 4956
    },
    "Neo12_avg": {
        "pearson": [
            0.4124433487369539,
            8.852118499792878e-199
        ],
        "spearman": [
            0.4951642507682332,
            8.714369416185799e-299
        ],
        "count": 4855
    },
    "Neo14_avg": {
        "pearson": [
            0.4522882023095921,
            2.051415414228092e-251
        ],
        "spearman": [
            0.4871014888297462,
            3.87583049398622e-297
        ],
        "count": 5014
    },
    "Neo18_avg": {
        "pearson": [
            0.3979182955383028,
            2.2210243493826344e-191
        ],
        "spearman": [
            0.3980035605367266,
            1.81134878348173e-191
        ],
        "count": 5054
    },
    "Paro11_avg": {
        "pearson": [
            0.20642727276398534,
            7.516373399117594e-50
        ],
        "spearman": [
            0.1870184528949878,
            4.460575109350552e-41
        ],
        "count": 5063
    },
    "Paro12_avg": {
        "pearson": [
            0.33262272159849965,
            2.753799311588437e-126
        ],
        "spearman": [
            0.3835371909677704,
            1.1786733144434152e-170
        ],
        "count": 4876
    },
    "Paro14_avg": {
        "pearson": [
            0.4086088045177996,
            5.440499206396518e-194
        ],
        "spearman": [
            0.48079823334034544,
            3.095244033700613e-278
        ],
        "count": 4835
    },
    "Paro18_avg": {
        "pearson": [
            0.4454641901335022,
            8.665859347389573e-240
        ],
        "spearman": [
            0.5025373042433028,
            0.0
        ],
        "count": 4946
    },
    "Ribo11_avg": {
        "pearson": [
            0.3260929657889978,
            1.6309027341605534e-121
        ],
        "spearman": [
            0.37409040961913553,
            2.9350167082288156e-162
        ],
        "count": 4890
    },
    "Ribo12_avg": {
        "pearson": [
            0.4401442725971747,
            4.480886282131464e-230
        ],
        "spearman": [
            0.511925526647005,
            0.0
        ],
        "count": 4873
    },
    "Ribo14_avg": {
        "pearson": [
            0.4693409284635194,
            1.3950070793326377e-273
        ],
        "spearman": [
            0.5092408219943272,
            0.0
        ],
        "count": 5022
    },
    "Ribo18_avg": {
        "pearson": [
            0.45729920211456887,
            1.214019241759119e-258
        ],
        "spearman": [
            0.467714345790859,
            4.8388523598923504e-272
        ],
        "count": 5033
    }
}