{
    "Ami11_avg": {
        "pearson": [
            0.18351796530419123,
            5.916807819918337e-41
        ],
        "spearman": [
            0.15526477853574552,
            1.1626927157141182e-29
        ],
        "count": 5245
    },
    "Ami12_avg": {
        "pearson": [
            0.3261219021033941,
            2.3660791720156743e-125
        ],
        "spearman": [
            0.3937703591032144,
            8.241811991639084e-187
        ],
        "count": 5046
    },
    "Ami14_avg": {
        "pearson": [
            0.3163225222097458,
            1.5855203096855725e-116
        ],
        "spearman": [
            0.36354736404887766,
            5.447837309586146e-156
        ],
        "count": 4997
    },
    "Ami18_avg": {
        "pearson": [
            0.03500893138621335,
            0.01112509978173012
        ],
        "spearman": [
            0.035859544374222264,
            0.009309675468401146
        ],
        "count": 5258
    },
    "G41811_avg": {
        "pearson": [
            0.3052676523907633,
            1.9743621494758176e-109
        ],
        "spearman": [
            0.33777513372171886,
            4.755584304636892e-135
        ],
        "count": 5052
    },
    "G41812_avg": {
        "pearson": [
            0.4177917919591294,
            8.933834728342302e-209
        ],
        "spearman": [
            0.49032409165539365,
            2.3348528126881668e-298
        ],
        "count": 4959
    },
    "G41814_avg": {
        "pearson": [
            0.41523385305548477,
            6.112369537337568e-217
        ],
        "spearman": [
            0.4309212154862087,
            2.7000253156163196e-235
        ],
        "count": 5225
    },
    "Kan11_avg": {
        "pearson": [
            0.3377326851243472,
            7.443669817743539e-134
        ],
        "spearman": [
            0.3636902096053331,
            1.848618350765522e-156
        ],
        "count": 5008
    },
    "Kan12_avg": {
        "pearson": [
            0.41482489050051297,
            7.786771271433585e-201
        ],
        "spearman": [
            0.4897113750674999,
            1.179535385984825e-290
        ],
        "count": 4844
    },
    "Kan14_avg": {
        "pearson": [
            0.4327881793958954,
            2.879636913949139e-227
        ],
        "spearman": [
            0.48567244009281973,
            3.675169447056391e-294
        ],
        "count": 4997
    },
    "Kan18_avg": {
        "pearson": [
            0.43428121814089493,
            2.6134854719834504e-239
        ],
        "spearman": [
            0.45902438814984137,
            1.1888196047453182e-270
        ],
        "count": 5224
    },
    "Neo11_avg": {
        "pearson": [
            0.29628002248806806,
            1.936864479153038e-103
        ],
        "spearman": [
            0.2985645349642559,
            4.367430081673598e-105
        ],
        "count": 5079
    },
    "Neo12_avg": {
        "pearson": [
            0.40272962279429086,
            3.47060157428945e-193
        ],
        "spearman": [
            0.4809739642942011,
            3.4757565872577476e-286
        ],
        "count": 4970
    },
    "Neo14_avg": {
        "pearson": [
            0.43791066788665367,
            1.0400080206957004e-241
        ],
        "spearman": [
            0.46395939602382397,
            6.691587760069216e-275
        ],
        "count": 5180
    },
    "Neo18_avg": {
        "pearson": [
            0.39099527459577116,
            1.7622482903879278e-190
        ],
        "spearman": [
            0.38511666372164366,
            2.217176776943903e-184
        ],
        "count": 5226
    },
    "Paro11_avg": {
        "pearson": [
            0.2170361775934102,
            8.906419559088775e-57
        ],
        "spearman": [
            0.20314826520494397,
            8.063352582886379e-50
        ],
        "count": 5228
    },
    "Paro12_avg": {
        "pearson": [
            0.3291077066622341,
            2.3231315870194844e-126
        ],
        "spearman": [
            0.3913429090817853,
            2.5718099743025585e-182
        ],
        "count": 4990
    },
    "Paro14_avg": {
        "pearson": [
            0.4141991516113077,
            7.698578625835443e-205
        ],
        "spearman": [
            0.4801183602032035,
            2.3911503930324406e-284
        ],
        "count": 4958
    },
    "Paro18_avg": {
        "pearson": [
            0.44461665684727447,
            6.54389716950123e-246
        ],
        "spearman": [
            0.4934159298820695,
            0.0
        ],
        "count": 5095
    },
    "Ribo11_avg": {
        "pearson": [
            0.32368905325944664,
            2.4924667699412873e-122
        ],
        "spearman": [
            0.3770689506456774,
            9.953989564786763e-169
        ],
        "count": 5001
    },
    "Ribo12_avg": {
        "pearson": [
            0.42925272603848996,
            2.002278398713068e-223
        ],
        "spearman": [
            0.49895526077045566,
            0.0
        ],
        "count": 5002
    },
    "Ribo14_avg": {
        "pearson": [
            0.4574706695346986,
            1.451118955638612e-266
        ],
        "spearman": [
            0.49048778320232833,
            0.0
        ],
        "count": 5184
    },
    "Ribo18_avg": {
        "pearson": [
            0.4411771216769931,
            1.1777363654901235e-246
        ],
        "spearman": [
            0.44226326558059426,
            5.301051593022177e-248
        ],
        "count": 5200
    }
}