{
    "function_score": {
        "pearson": [
            0.3076177799613156,
            1.3516585330201776e-17
        ],
        "spearman": [
            0.33322254317082706,
            1.5201016513639177e-20
        ],
        "count": 736
    }
}