{
    "linear": {
        "pearson": [
            0.4719345381709285,
            2.0129983766242955e-301
        ],
        "spearman": [
            0.49182811555885986,
            0.0
        ],
        "count": 5468
    }
}