{
    "screenscore": {
        "pearson": [
            0.5607263563646716,
            8.58811629726499e-119
        ],
        "spearman": [
            0.5793711743498496,
            1.5394931271251484e-128
        ],
        "count": 1425
    }
}