{
    "screenscore": {
        "pearson": [
            0.395803417705601,
            2.0003249979411694e-29
        ],
        "spearman": [
            0.3869925469600601,
            4.249906235673832e-28
        ],
        "count": 747
    }
}