{
    "screenscore": {
        "pearson": [
            0.4994365169806026,
            3.0618938865423574e-114
        ],
        "spearman": [
            0.49721644351336763,
            4.343532965190457e-113
        ],
        "count": 1801
    }
}