{
    "linear": {
        "pearson": [
            0.5312043624416649,
            0.0
        ],
        "spearman": [
            0.5520328636815148,
            0.0
        ],
        "count": 5468
    }
}