{
    "linear": {
        "pearson": [
            0.6146130848080773,
            0.0
        ],
        "spearman": [
            0.630231487226375,
            0.0
        ],
        "count": 5468
    }
}