{
    "SelectionTwo": {
        "pearson": [
            0.46418244652590446,
            0.0
        ],
        "spearman": [
            0.5063640276985417,
            0.0
        ],
        "count": 8329
    }
}