{
    "react_rel": {
        "pearson": [
            0.4665948908435811,
            1.7840983844208869e-78
        ],
        "spearman": [
            0.4593180852913895,
            8.448572450659178e-76
        ],
        "count": 1435
    }
}