{
    "react_rel": {
        "pearson": [
            0.3779816193316916,
            5.920972857224618e-50
        ],
        "spearman": [
            0.3789101703811037,
            3.281589379438725e-50
        ],
        "count": 1435
    }
}