{
    "react_rel": {
        "pearson": [
            0.37684175721584373,
            1.2186884399257992e-49
        ],
        "spearman": [
            0.36219805489565804,
            1.0077679693954722e-45
        ],
        "count": 1435
    }
}