{
    "fitness": {
        "pearson": [
            0.23226105431734673,
            8.026066780845727e-20
        ],
        "spearman": [
            0.22645194842796906,
            6.763516301088082e-19
        ],
        "count": 1500
    }
}