{
    "fitness": {
        "pearson": [
            0.26060361336254,
            1.039183614772662e-24
        ],
        "spearman": [
            0.2783731173621282,
            4.2548351924205285e-28
        ],
        "count": 1500
    }
}