{
    "1BVC": {
        "pearson": [
            -0.2749384805403435,
            0.017753049662232345
        ],
        "spearman": [
            -0.2781653120208155,
            0.016408596011471883
        ],
        "count": 74,
        "pearson - filtered rosetta [-1;7]": [
            -0.2593702708828983,
            0.027798962036368453
        ],
        "spearman - filtered rosetta [-1;7]": [
            -0.2688127095860952,
            0.02241667411167275
        ],
        "count - filtered rosetta [-1;7]": 72
    },
    "1LZ1": {
        "pearson": [
            -0.3861416978449224,
            2.2034400315036165e-05
        ],
        "spearman": [
            -0.4201653464865173,
            3.256042454286151e-06
        ],
        "count": 114,
        "pearson - filtered rosetta [-1;7]": [
            -0.3915009529799565,
            1.80379033628024e-05
        ],
        "spearman - filtered rosetta [-1;7]": [
            -0.4279639100173226,
            2.2644749251590233e-06
        ],
        "count - filtered rosetta [-1;7]": 113
    },
    "2CI2": {
        "pearson": [
            -0.4406043381062552,
            4.829951713180238e-05
        ],
        "spearman": [
            -0.5188859570280092,
            9.63030311067351e-07
        ],
        "count": 79,
        "pearson - filtered rosetta [-1;7]": [
            -0.4406043381062552,
            4.829951713180238e-05
        ],
        "spearman - filtered rosetta [-1;7]": [
            -0.5188859570280092,
            9.63030311067351e-07
        ],
        "count - filtered rosetta [-1;7]": 79
    },
    "2RN2": {
        "pearson": [
            -0.3185979495866438,
            0.0047436368504556155
        ],
        "spearman": [
            -0.2711719588442676,
            0.017056550446984856
        ],
        "count": 77,
        "pearson - filtered rosetta [-1;7]": [
            -0.35582959398321556,
            0.0026943564152500216
        ],
        "spearman - filtered rosetta [-1;7]": [
            -0.33603712251594914,
            0.004758701995792609
        ],
        "count - filtered rosetta [-1;7]": 69
    },
    "overall": {
        "pearson": [
            -0.3636617515751618,
            3.4000068457692135e-12
        ],
        "spearman": [
            -0.4050395306735931,
            5.1654501385005446e-15
        ],
        "count": 344,
        "pearson - filtered rosetta [-1;7]": [
            -0.36679982529693217,
            4.824491703220315e-12
        ],
        "spearman - filtered rosetta [-1;7]": [
            -0.4135011930599358,
            3.4780825629003815e-15
        ],
        "count - filtered rosetta [-1;7]": 333
    }
}