{
    "1BVC": {
        "pearson": [
            -0.2749384805403435,
            0.017753049662232345
        ],
        "spearman": [
            -0.2781653120208155,
            0.016408596011471883
        ],
        "count": 74
    },
    "1LZ1": {
        "pearson": [
            -0.3861416978449224,
            2.2034400315036165e-05
        ],
        "spearman": [
            -0.4201653464865173,
            3.256042454286151e-06
        ],
        "count": 114
    },
    "2CI2": {
        "pearson": [
            -0.4406043381062552,
            4.829951713180238e-05
        ],
        "spearman": [
            -0.5188859570280092,
            9.63030311067351e-07
        ],
        "count": 79
    },
    "2RN2": {
        "pearson": [
            -0.3185979495866438,
            0.0047436368504556155
        ],
        "spearman": [
            -0.2711719588442676,
            0.017056550446984856
        ],
        "count": 77
    },
    "overall": {
        "pearson": [
            -0.3636617515751618,
            3.4000068457692135e-12
        ],
        "spearman": [
            -0.4050395306735931,
            5.1654501385005446e-15
        ],
        "count": 344
    }
}