{
    "Overall": {
        "all_types_of_mutations": {
            "Pr": 0.12823418665175657,
            "Pr_pval": 2.0027962524499738e-22,
            "Sr": 0.1286921602974239,
            "Sr_pval": 1.4171413889715825e-22,
            "num": 5726.0
        },
        "single_point_mutations": {
            "Pr": 0.14828363843466524,
            "Pr_pval": 1.1150842576707536e-21,
            "Sr": 0.1361617697304922,
            "Sr_pval": 1.694343648164872e-18,
            "num": 4118.0
        },
        "multi_point_mutations": {
            "Pr": 0.17290696093510644,
            "Pr_pval": 2.9351059673404377e-12,
            "Sr": 0.18534466768313868,
            "Sr_pval": 6.808211329703942e-14,
            "num": 1608.0
        }
    },
    "Per-Structure": {
        "all_types_of_mutations": {
            "Pr": 0.17987308146850933,
            "Pr_pval": 4.8617122985689666e-20,
            "Sr": 0.16191099513900917,
            "Sr_pval": 1.6274194175411005e-18,
            "num": 5025.0
        },
        "single_point_mutations": {
            "Pr": 0.21131860157023946,
            "Pr_pval": 6.955418205793635e-12,
            "Sr": 0.1991409505566935,
            "Sr_pval": 2.3421543570961997e-11,
            "num": 3485.0
        },
        "multi_point_mutations": {
            "Pr": 0.1450369147283756,
            "Pr_pval": 5.174042397859618e-12,
            "Sr": 0.1675991439409096,
            "Sr_pval": 6.917297110120179e-14,
            "num": 1304.0
        }
    }
}