{
    "1A7V": {
        "pearson": [
            -0.3985086712638803,
            0.17741759680631602
        ],
        "spearman": [
            -0.2754831389919543,
            0.36229914589983747
        ],
        "count": 13
    },
    "1BA3": {
        "pearson": [
            -0.9075297043868097,
            0.09247029561319042
        ],
        "spearman": [
            -0.39999999999999997,
            0.6
        ],
        "count": 4
    },
    "1BFM": {
        "pearson": [
            -1.0,
            1.0
        ],
        "spearman": [
            -0.9999999999999999,
            NaN
        ],
        "count": 2
    },
    "1D5G": {
        "pearson": [
            1.0,
            1.0
        ],
        "spearman": [
            0.9999999999999999,
            NaN
        ],
        "count": 2
    },
    "1DIV": {
        "pearson": [
            -0.6798995382436135,
            5.632334386077954e-08
        ],
        "spearman": [
            -0.652772110128765,
            2.786970744604303e-07
        ],
        "count": 50
    },
    "1EKG": {
        "pearson": [
            -0.941964413132633,
            0.058035586867366984
        ],
        "spearman": [
            -0.7999999999999999,
            0.20000000000000007
        ],
        "count": 4
    },
    "1FT8": {
        "pearson": [
            -0.8829588635557002,
            6.366333375501633e-05
        ],
        "spearman": [
            -0.8571428571428571,
            0.0001809340887252406
        ],
        "count": 13
    },
    "1FXA": {
        "pearson": [
            -0.6404489844073834,
            0.03376465261772078
        ],
        "spearman": [
            -0.6818181818181819,
            0.020842853610945056
        ],
        "count": 11
    },
    "1G3P": {
        "pearson": [
            -0.1907514096971623,
            0.34055832741002867
        ],
        "spearman": [
            0.017409899399892494,
            0.9313152819201267
        ],
        "count": 27
    },
    "1GUA": {
        "pearson": [
            -0.7284001324388577,
            2.9899725753272076e-09
        ],
        "spearman": [
            -0.7198979591836734,
            5.554700366876842e-09
        ],
        "count": 49
    },
    "1H0X": {
        "pearson": [
            -1.0,
            1.0
        ],
        "spearman": [
            -0.9999999999999999,
            NaN
        ],
        "count": 2
    },
    "1HCQ": {
        "pearson": [
            1.0,
            1.0
        ],
        "spearman": [
            0.9999999999999999,
            NaN
        ],
        "count": 2
    },
    "1ITM": {
        "pearson": [
            -0.9670827858787843,
            0.16379672951047958
        ],
        "spearman": [
            -1.0,
            0.0
        ],
        "count": 3
    },
    "1IV7": {
        "pearson": [
            -0.994921049979552,
            0.06418980777155808
        ],
        "spearman": [
            -1.0,
            0.0
        ],
        "count": 3
    },
    "1J8I": {
        "pearson": [
            -0.1867617609464439,
            0.7231144795219535
        ],
        "spearman": [
            -0.17654696590094993,
            0.7379309324353431
        ],
        "count": 6
    },
    "1JLV": {
        "pearson": [
            -0.842165566719061,
            0.3625610043266531
        ],
        "spearman": [
            -0.5,
            0.6666666666666667
        ],
        "count": 3
    },
    "1L6H": {
        "pearson": [
            -0.9627673977002275,
            0.17426637721553412
        ],
        "spearman": [
            -0.5,
            0.6666666666666667
        ],
        "count": 3
    },
    "1LVM": {
        "pearson": [
            0.07663786891669794,
            0.9025172378599048
        ],
        "spearman": [
            0.5642880936468347,
            0.32172333582430024
        ],
        "count": 5
    },
    "1N18": {
        "pearson": [
            -0.7686750258626347,
            0.2313249741373653
        ],
        "spearman": [
            -0.6000000000000001,
            0.3999999999999999
        ],
        "count": 4
    },
    "1N88": {
        "pearson": [
            -0.25686378341309735,
            0.31962075083626007
        ],
        "spearman": [
            -0.2701048165417647,
            0.29441185716180296
        ],
        "count": 17
    },
    "1NM1": {
        "pearson": [
            -1.0,
            1.0
        ],
        "spearman": [
            -0.9999999999999999,
            NaN
        ],
        "count": 2
    },
    "1O1U": {
        "pearson": [
            -0.5324595969089874,
            0.27679027267940937
        ],
        "spearman": [
            -0.5161002296110789,
            0.2945837414624608
        ],
        "count": 6
    },
    "1O6X": {
        "pearson": [
            -0.5291477434846421,
            0.016436371985547146
        ],
        "spearman": [
            -0.509405712302507,
            0.021780036211349472
        ],
        "count": 20
    },
    "1OSI": {
        "pearson": [
            0.3446718640272256,
            0.6553281359727743
        ],
        "spearman": [
            0.39999999999999997,
            0.6
        ],
        "count": 4
    },
    "1PFL": {
        "pearson": [
            -0.35927243550850124,
            0.5526008429276359
        ],
        "spearman": [
            -0.19999999999999998,
            0.747060078104662
        ],
        "count": 5
    },
    "1PRG": {
        "pearson": [
            0.344479798313714,
            0.4492647124061852
        ],
        "spearman": [
            0.3214285714285715,
            0.4820720382996776
        ],
        "count": 7
    },
    "1R6R": {
        "pearson": [
            -0.46851145878542505,
            0.5314885412145749
        ],
        "spearman": [
            -0.6000000000000001,
            0.3999999999999999
        ],
        "count": 4
    },
    "1SPD": {
        "pearson": [
            -1.0,
            1.0
        ],
        "spearman": [
            -0.9999999999999999,
            NaN
        ],
        "count": 2
    },
    "1X0J": {
        "pearson": [
            0.26127796144455717,
            0.5714244837831743
        ],
        "spearman": [
            0.3214285714285715,
            0.4820720382996776
        ],
        "count": 7
    },
    "1XWS": {
        "pearson": [
            0.3676516155276577,
            0.6323483844723423
        ],
        "spearman": [
            0.19999999999999998,
            0.8
        ],
        "count": 4
    },
    "1XXN": {
        "pearson": [
            -0.08721533046035644,
            0.8890949322469772
        ],
        "spearman": [
            0.10259783520851543,
            0.8695979205185651
        ],
        "count": 5
    },
    "1XZO": {
        "pearson": [
            -0.811349963932227,
            0.18865003606777297
        ],
        "spearman": [
            -0.7999999999999999,
            0.20000000000000007
        ],
        "count": 4
    },
    "2BJD": {
        "pearson": [
            -0.9998762698257131,
            0.010014687710832445
        ],
        "spearman": [
            -1.0,
            0.0
        ],
        "count": 3
    },
    "2C9Q": {
        "pearson": [
            -1.0,
            1.0
        ],
        "spearman": [
            -0.9999999999999999,
            NaN
        ],
        "count": 2
    },
    "2CLR": {
        "pearson": [
            -0.7158553552269031,
            0.28414464477309687
        ],
        "spearman": [
            -1.0,
            0.0
        ],
        "count": 4
    },
    "2DVV": {
        "pearson": [
            -1.0,
            1.0
        ],
        "spearman": [
            -0.9999999999999999,
            NaN
        ],
        "count": 2
    },
    "2HBB": {
        "pearson": [
            -0.5748457746369251,
            2.9377320640603624e-05
        ],