{
    "selection_coefficient": {
        "pearson": [
            0.23859752223285932,
            6.938101644099183e-18
        ],
        "spearman": [
            0.2467812508729301,
            4.631162369062134e-19
        ],
        "count": 1269
    }
}