{
    "selection_coefficient": {
        "pearson": [
            0.2452910323633761,
            7.638423582319145e-19
        ],
        "spearman": [
            0.24653352101747114,
            5.034037038730548e-19
        ],
        "count": 1269
    }
}