{
    "selection_coefficient": {
        "pearson": [
            0.29426632199196767,
            9.102149997968095e-27
        ],
        "spearman": [
            0.26628437615163736,
            4.854366117219637e-22
        ],
        "count": 1269
    }
}