{
    "screenscore": {
        "pearson": [
            0.4312135088860198,
            3.76092144610689e-123
        ],
        "spearman": [
            0.46883175638443525,
            3.617584986422078e-148
        ],
        "count": 2710
    }
}