{
    "screenscore": {
        "pearson": [
            0.4356320439266779,
            1.771269334028937e-126
        ],
        "spearman": [
            0.46177761829261194,
            7.347846002017682e-144
        ],
        "count": 2722
    }
}