{
    "1PGA": {
        "pearson": [
            -0.56926571257695,
            5.007499498804623e-79
        ],
        "spearman": [
            -0.5584019282100054,
            1.7288425019995058e-75
        ],
        "count": 907,
        "pearson - filtered rosetta [-1;7]": [
            -0.546185238429034,
            2.0490264510999054e-66
        ],
        "spearman - filtered rosetta [-1;7]": [
            -0.55514294290026,
            5.38316367416381e-69
        ],
        "count - filtered rosetta [-1;7]": 839
    },
    "overall": {
        "pearson": [
            -0.56926571257695,
            5.007499498804623e-79
        ],
        "spearman": [
            -0.5584019282100054,
            1.7288425019995058e-75
        ],
        "count": 907,
        "pearson - filtered rosetta [-1;7]": [
            -0.546185238429034,
            2.0490264510999054e-66
        ],
        "spearman - filtered rosetta [-1;7]": [
            -0.55514294290026,
            5.38316367416381e-69
        ],
        "count - filtered rosetta [-1;7]": 839
    }
}