{
    "1PGA": {
        "pearson": [
            -0.5692542753391923,
            5.051441810721166e-79
        ],
        "spearman": [
            -0.5583769087307112,
            1.7609761235734324e-75
        ],
        "count": 907,
        "pearson - filtered rosetta [-1;7]": [
            -0.5461713722049142,
            2.067673009022724e-66
        ],
        "spearman - filtered rosetta [-1;7]": [
            -0.5551130406295697,
            5.492658448485451e-69
        ],
        "count - filtered rosetta [-1;7]": 839
    },
    "overall": {
        "pearson - filtered rosetta [-1;7]": [
            -0.5461713722049142,
            2.067673009022724e-66
        ],
        "spearman - filtered rosetta [-1;7]": [
            -0.5551130406295697,
            5.492658448485451e-69
        ],
        "count - filtered rosetta [-1;7]": 839
    }
}