{
    "1PGA": {
        "pearson": [
            -0.5692657125769498,
            5.0074994988051546e-79
        ],
        "spearman": [
            -0.5584019282100054,
            1.7288425019995058e-75
        ],
        "count": 907,
        "pearson - filtered rosetta [-1;7]": [
            -0.5461852384290341,
            2.0490264510996058e-66
        ],
        "spearman - filtered rosetta [-1;7]": [
            -0.55514294290026,
            5.38316367416381e-69
        ],
        "count - filtered rosetta [-1;7]": 839
    },
    "overall": {
        "pearson": [
            -0.5692657125769498,
            5.0074994988051546e-79
        ],
        "spearman": [
            -0.5584019282100054,
            1.7288425019995058e-75
        ],
        "count": 907,
        "pearson - filtered rosetta [-1;7]": [
            -0.5461852384290341,
            2.0490264510996058e-66
        ],
        "spearman - filtered rosetta [-1;7]": [
            -0.55514294290026,
            5.38316367416381e-69
        ],
        "count - filtered rosetta [-1;7]": 839
    }
}