{
    "Caffeine": {
        "pearson": [
            0.29305252077457644,
            6.3372913397381514e-27
        ],
        "spearman": [
            0.2957980873620188,
            2.0118591524664503e-27
        ],
        "count": 1288
    },
    "DMSO": {
        "pearson": [
            0.2518886983621694,
            1.3119829234074768e-20
        ],
        "spearman": [
            0.23445907542683828,
            5.4315687239657234e-18
        ],
        "count": 1324
    },
    "DTT": {
        "pearson": [
            0.2718906995675154,
            3.3861143296193205e-23
        ],
        "spearman": [
            0.2813527891982375,
            8.65070474886427e-25
        ],
        "count": 1284
    },
    "HU": {
        "pearson": [
            0.22986752383292616,
            9.993022934415533e-17
        ],
        "spearman": [
            0.17676492818893394,
            2.1434613754941838e-10
        ],
        "count": 1273
    },
    "MG132": {
        "pearson": [
            0.27002297264339914,
            3.293586278957295e-22
        ],
        "spearman": [
            0.2364976718920543,
            2.9188139714711845e-17
        ],
        "count": 1243
    }
}