{
    "Caffeine": {
        "pearson": [
            0.2886879230623083,
            3.827187787551913e-26
        ],
        "spearman": [
            0.27243768546866387,
            2.353312416534684e-23
        ],
        "count": 1288
    },
    "DMSO": {
        "pearson": [
            0.2490962919595447,
            3.5574724239073146e-20
        ],
        "spearman": [
            0.21595532884209265,
            1.9508965605126058e-15
        ],
        "count": 1324
    },
    "DTT": {
        "pearson": [
            0.2705531452525155,
            5.621056926292444e-23
        ],
        "spearman": [
            0.2653904445682494,
            3.87143026554514e-22
        ],
        "count": 1284
    },
    "HU": {
        "pearson": [
            0.22506312647899296,
            4.4132630180950304e-16
        ],
        "spearman": [
            0.14683054692553957,
            1.4235458772789855e-07
        ],
        "count": 1273
    },
    "MG132": {
        "pearson": [
            0.265470497967056,
            1.7083440591979005e-21
        ],
        "spearman": [
            0.21212667475980193,
            4.111327011766748e-14
        ],
        "count": 1243
    }
}