{
    "screenscore": {
        "pearson": [
            0.3282200770087883,
            2.203645608314677e-69
        ],
        "spearman": [
            0.3762539963700147,
            2.8108295337415287e-92
        ],
        "count": 2722
    }
}