{
    "screenscore": {
        "pearson": [
            0.35997348757284325,
            3.667607128159444e-83
        ],
        "spearman": [
            0.4043055756789885,
            2.0990655693528186e-106
        ],
        "count": 2692
    }
}