{
    "5BON": {
        "pearson": [
            0.4088823398829215,
            2.3652763050768488e-113
        ],
        "spearman": [
            0.42983015396000357,
            2.4714581305826797e-126
        ],
        "count": 2801
    },
    "1D5R": {
        "pearson": [
            0.400480907310685,
            2.0598399329707236e-124
        ],
        "spearman": [
            0.41217110276228786,
            2.2122320020881834e-132
        ],
        "count": 3222
    },
    "2H11": {
        "pearson": [
            0.3276769399296119,
            1.3841352187832817e-86
        ],
        "spearman": [
            0.35144634715345535,
            3.4526677856936905e-100
        ],
        "count": 3427
    },
    "overall": {
        "pearson": [
            0.3632012890064831,
            1.3227285353709349e-292
        ],
        "spearman": [
            0.3754798212025436,
            0.0
        ],
        "count": 9450
    }
}