{
    "linear": {
        "pearson": [
            0.5415172711327589,
            0.0
        ],
        "spearman": [
            0.5558406247074783,
            0.0
        ],
        "count": 5468
    }
}