{
    "2LZM": {
        "pearson": [
            -0.8193183238921975,
            5.5440002460292146e-09
        ],
        "spearman": [
            -0.7859834387319533,
            5.964379897624337e-08
        ],
        "count": 33
    }
}