{
    "2LZM": {
        "pearson": [
            -0.7545806170833318,
            3.92516080547197e-07
        ],
        "spearman": [
            -0.7615625870497091,
            2.6466121032872606e-07
        ],
        "count": 33
    }
}