{
    "2LZM": {
        "pearson": [
            -0.7545913016544736,
            3.9228329819766436e-07
        ],
        "spearman": [
            -0.7615625870497091,
            2.6466121032872606e-07
        ],
        "count": 33
    }
}