{
    "screenscore": {
        "pearson": [
            0.41684141145357845,
            1.1924459964878139e-113
        ],
        "spearman": [
            0.45482607156307825,
            1.409739698395582e-137
        ],
        "count": 2692
    }
}