{
    "screenscore": {
        "pearson": [
            0.40458643586285453,
            9.912361325841192e-108
        ],
        "spearman": [
            0.4302106160346131,
            4.631822817501099e-123
        ],
        "count": 2722
    }
}