{
    "1PGA": {
        "pearson": [
            -0.7598991491774966,
            1.793742182174921e-171
        ],
        "spearman": [
            -0.7132259586693543,
            8.085574422972864e-142
        ],
        "count": 907,
        "pearson - filtered rosetta [-1;7]": [
            -0.7560204131960521,
            3.195832754135083e-156
        ],
        "spearman - filtered rosetta [-1;7]": [
            -0.7163265491255775,
            5.8821494110711344e-133
        ],
        "count - filtered rosetta [-1;7]": 839
    },
    "overall": {
        "pearson": [
            -0.7598991491774966,
            1.793742182174921e-171
        ],
        "spearman": [
            -0.7132259586693543,
            8.085574422972864e-142
        ],
        "count": 907,
        "pearson - filtered rosetta [-1;7]": [
            -0.7560204131960521,
            3.195832754135083e-156
        ],
        "spearman - filtered rosetta [-1;7]": [
            -0.7163265491255775,
            5.8821494110711344e-133
        ],
        "count - filtered rosetta [-1;7]": 839
    }
}