{
    "attenuated": {
        "pearson": [
            0.04003139630778608,
            0.025022998577406665
        ],
        "spearman": [
            0.038686112025138046,
            0.03033579759306169
        ],
        "count": 3134
    },
    "regulated": {
        "pearson": [
            0.42073664783582887,
            1.0703181135076534e-134
        ],
        "spearman": [
            0.38484345821445526,
            3.571993819829883e-111
        ],
        "count": 3134
    },
    "unregulated": {
        "pearson": [
            0.4143170725328481,
            2.830318318504208e-130
        ],
        "spearman": [
            0.38758608058362093,
            7.185496022142138e-113
        ],
        "count": 3134
    }
}