{
    "attenuated": {
        "pearson": [
            0.06463079260273308,
            0.00029402030967838404
        ],
        "spearman": [
            0.07099993213990231,
            6.944960463041115e-05
        ],
        "count": 3134
    },
    "regulated": {
        "pearson": [
            0.383887406009025,
            1.381889524653821e-110
        ],
        "spearman": [
            0.3609333301573748,
            4.6714707121738155e-97
        ],
        "count": 3134
    },
    "unregulated": {
        "pearson": [
            0.36412472063679413,
            7.14152364258175e-99
        ],
        "spearman": [
            0.3474791105214281,
            1.2544113520478035e-89
        ],
        "count": 3134
    }
}