{
    "attenuated": {
        "pearson": [
            0.08770270631711796,
            8.774433065534108e-07
        ],
        "spearman": [
            0.07711364266512606,
            1.548311232106661e-05
        ],
        "count": 3134
    },
    "regulated": {
        "pearson": [
            0.417986498392175,
            8.626869253785798e-133
        ],
        "spearman": [
            0.39201633898102883,
            1.2069354365487068e-115
        ],
        "count": 3134
    },
    "unregulated": {
        "pearson": [
            0.40800979395501524,
            5.054312486276628e-126
        ],
        "spearman": [
            0.3932062041892261,
            2.1337718526440354e-116
        ],
        "count": 3134
    }
}