{
    "5BON": {
        "pearson": [
            0.6069444969709833,
            1.3533773571747493e-281
        ],
        "spearman": [
            0.5979131682748011,
            3.309660180845022e-271
        ],
        "count": 2801
    },
    "1D5R": {
        "pearson": [
            0.5676329271689498,
            2.882577336423341e-274
        ],
        "spearman": [
            0.5557954313491186,
            1.1348487944921908e-260
        ],
        "count": 3222
    },
    "2H11": {
        "pearson": [
            0.5277046585916707,
            4.679860297058657e-245
        ],
        "spearman": [
            0.4973424342209913,
            1.2695810293215862e-213
        ],
        "count": 3427
    },
    "overall": {
        "pearson": [
            0.5334080546040603,
            0.0
        ],
        "spearman": [
            0.522900304026882,
            0.0
        ],
        "count": 9450
    }
}