{
    "2LZM": {
        "pearson": [
            -0.7586818034116696,
            3.11892229839379e-07
        ],
        "spearman": [
            -0.7690895618832776,
            1.7044966878158775e-07
        ],
        "count": 33
    }
}