{
    "2LZM": {
        "pearson": [
            -0.7524282482691793,
            4.4207381011231566e-07
        ],
        "spearman": [
            -0.7684204974536271,
            1.7736540899303514e-07
        ],
        "count": 33
    }
}