{
    "2LZM": {
        "pearson": [
            -0.7524174469843654,
            4.423363298006999e-07
        ],
        "spearman": [
            -0.7684204974536271,
            1.7736540899303514e-07
        ]
    }
}