{
    "2LZM": {
        "pearson": [
            -0.7524271194505415,
            4.4210123879776063e-07
        ],
        "spearman": [
            -0.7684204974536271,
            1.7736540899303514e-07
        ],
        "count": 33
    }
}