{
    "2LZM": {
        "pearson": [
            -0.7944801294901258,
            3.3928383450512907e-08
        ],
        "spearman": [
            -0.7455050407380966,
            6.428816773398926e-07
        ],
        "count": 33
    }
}