{
    "1PGA": {
        "pearson": [
            -0.5885489408089579,
            1.214965952888291e-85
        ],
        "spearman": [
            -0.5792036656923403,
            2.215835182830631e-82
        ],
        "count": 907,
        "pearson - filtered rosetta [-1;7]": [
            -0.5665013714665597,
            2.2082763955403955e-72
        ],
        "spearman - filtered rosetta [-1;7]": [
            -0.581843993578876,
            3.586889252678459e-77
        ],
        "count - filtered rosetta [-1;7]": 839
    },
    "overall": {
        "pearson": [
            -0.5885489408089579,
            1.214965952888291e-85
        ],
        "spearman": [
            -0.5792036656923403,
            2.215835182830631e-82
        ],
        "count": 907,
        "pearson - filtered rosetta [-1;7]": [
            -0.5665013714665597,
            2.2082763955403955e-72
        ],
        "spearman - filtered rosetta [-1;7]": [
            -0.581843993578876,
            3.586889252678459e-77
        ],
        "count - filtered rosetta [-1;7]": 839
    }
}