{
    "Overall": {
        "all_types_of_mutations": {
            "Pr": -0.2040507446809008,
            "Pr_pval": 7.095043250687167e-55,
            "Sr": -0.19973547390907392,
            "Sr_pval": 1.312131622770194e-52,
            "num": 5726.0,
            "num_struc": 333.0
        },
        "single_point_mutations": {
            "Pr": -0.2414617674362826,
            "Pr_pval": 1.0438017616176774e-55,
            "Sr": -0.20947388498501365,
            "Sr_pval": 4.6392643759033735e-42,
            "num": 4118.0,
            "num_struc": 310.0
        },
        "multi_point_mutations": {
            "Pr": -0.2491752890641974,
            "Pr_pval": 3.5038525960353236e-24,
            "Sr": -0.26083662386584505,
            "Sr_pval": 2.0258601847549328e-26,
            "num": 1608.0,
            "num_struc": 143.0
        }
    },
    "Per-Structure": {
        "all_types_of_mutations": {
            "Pr": -0.2089819725064822,
            "Pr_pval": 2.8220797642226342e-42,
            "Sr": -0.2101351974055631,
            "Sr_pval": 7.971168689588522e-35,
            "num": 5025.0,
            "num_struc": 116.0
        },
        "single_point_mutations": {
            "Pr": -0.23147016442573415,
            "Pr_pval": 1.8404169765744372e-33,
            "Sr": -0.22044662201119117,
            "Sr_pval": 1.4040665435608492e-25,
            "num": 3485.0,
            "num_struc": 93.0
        },
        "multi_point_mutations": {
            "Pr": -0.24319112329308537,
            "Pr_pval": 1.2150316433549919e-20,
            "Sr": -0.26472662466028907,
            "Sr_pval": 1.8675616811219622e-21,
            "num": 1304.0,
            "num_struc": 41.0
        }
    }
}