{
    "Overall": {
        "all_types_of_mutations": {
            "Pr": -0.20465565881976974,
            "Pr_pval": 3.380573219354073e-55,
            "Sr": -0.20056565483001393,
            "Sr_pval": 4.851691172847652e-53,
            "num": 5726.0,
            "num_struc": 333.0
        },
        "single_point_mutations": {
            "Pr": -0.24163925174859452,
            "Pr_pval": 8.648045943311982e-56,
            "Sr": -0.21012366149509457,
            "Sr_pval": 2.571668528737574e-42,
            "num": 4118.0,
            "num_struc": 310.0
        },
        "multi_point_mutations": {
            "Pr": -0.250160557455589,
            "Pr_pval": 2.290269311559489e-24,
            "Sr": -0.26183437914375646,
            "Sr_pval": 1.287605179260877e-26,
            "num": 1608.0,
            "num_struc": 143.0
        }
    },
    "Per-Structure": {
        "all_types_of_mutations": {
            "Pr": -0.20986296478300726,
            "Pr_pval": 7.558474767821421e-43,
            "Sr": -0.2103497454336965,
            "Sr_pval": 3.0704849181196226e-35,
            "num": 5025.0,
            "num_struc": 116.0
        },
        "single_point_mutations": {
            "Pr": -0.23156082274453882,
            "Pr_pval": 2.626055299574534e-33,
            "Sr": -0.2206724023270342,
            "Sr_pval": 2.4404753004500843e-25,
            "num": 3485.0,
            "num_struc": 93.0
        },
        "multi_point_mutations": {
            "Pr": -0.24263381577490004,
            "Pr_pval": 7.788526932395682e-21,
            "Sr": -0.2632461048254319,
            "Sr_pval": 2.0561166946977304e-21,
            "num": 1304.0,
            "num_struc": 41.0
        }
    }
}