{
    "Overall": {
        "all_types_of_mutations": {
            "Pr": -0.20270763695588434,
            "Pr_pval": 3.648787033977019e-54,
            "Sr": -0.19791327245502102,
            "Sr_pval": 1.1471758822581001e-51,
            "num": 5726.0,
            "num_struc": 333.0
        },
        "single_point_mutations": {
            "Pr": -0.24020605808560866,
            "Pr_pval": 3.933121582910141e-55,
            "Sr": -0.20848974895561975,
            "Sr_pval": 1.1295411819766037e-41,
            "num": 4118.0,
            "num_struc": 310.0
        },
        "multi_point_mutations": {
            "Pr": -0.2454459891417636,
            "Pr_pval": 1.7224953810409022e-23,
            "Sr": -0.25660969218146196,
            "Sr_pval": 1.3522832397572092e-25,
            "num": 1608.0,
            "num_struc": 143.0
        }
    },
    "Per-Structure": {
        "all_types_of_mutations": {
            "Pr": -0.21183284879715203,
            "Pr_pval": 4.4661961564242966e-42,
            "Sr": -0.21561543328153326,
            "Sr_pval": 3.3893761663443943e-35,
            "num": 5025.0,
            "num_struc": 116.0
        },
        "single_point_mutations": {
            "Pr": -0.23119268621575387,
            "Pr_pval": 2.888604186544918e-33,
            "Sr": -0.22136785285217228,
            "Sr_pval": 1.3329937965247394e-25,
            "num": 3485.0,
            "num_struc": 93.0
        },
        "multi_point_mutations": {
            "Pr": -0.25131648759170616,
            "Pr_pval": 3.559764655797594e-20,
            "Sr": -0.2766869621099423,
            "Sr_pval": 2.8045148228024465e-21,
            "num": 1304.0,
            "num_struc": 41.0
        }
    }
}