{
    "overall": {
        "pearson": [
            -0.40044958810900055,
            5.459065608902161e-15
        ],
        "spearman": [
            -0.4914489867352084,
            8.40112388171446e-23
        ],
        "count": 352
    }
}