{
    "Overall": {
        "all_types_of_mutations": {
            "Pr": -0.2990550342533602,
            "Pr_pval": 1.247331776207091e-118,
            "Sr": -0.29698632325008334,
            "Sr_pval": 6.039212524753065e-117,
            "num": 5726.0,
            "num_struc": 333.0
        },
        "single_point_mutations": {
            "Pr": -0.3561935663120063,
            "Pr_pval": 1.899839868166901e-123,
            "Sr": -0.3140572242935867,
            "Sr_pval": 6.100475374768992e-95,
            "num": 4118.0,
            "num_struc": 310.0
        },
        "multi_point_mutations": {
            "Pr": -0.32698965689361636,
            "Pr_pval": 2.2198689365500002e-41,
            "Sr": -0.33888037147537836,
            "Sr_pval": 1.6804371357475432e-44,
            "num": 1608.0,
            "num_struc": 143.0
        }
    },
    "Per-Structure": {
        "all_types_of_mutations": {
            "Pr": -0.29770934640655683,
            "Pr_std": 0.24942656022697102,
            "Pr_pval": 3.415262771503522e-85,
            "Sr": -0.28211514974136526,
            "Sr_std": 0.23579023288847883,
            "Sr_pval": 2.8393117718048806e-67,
            "num": 5025.0,
            "num_struc": 116.0
        },
        "single_point_mutations": {
            "Pr": -0.3309672391009598,
            "Pr_std": 0.2630751828547671,
            "Pr_pval": 1.7095111181461714e-84,
            "Sr": -0.3039123779347902,
            "Sr_std": 0.24823730136167055,
            "Sr_pval": 3.895647779515015e-56,
            "num": 3485.0,
            "num_struc": 93.0
        },
        "multi_point_mutations": {
            "Pr": -0.2738362511680568,
            "Pr_std": 0.2797816511730625,
            "Pr_pval": 2.671464222521988e-20,
            "Sr": -0.28283172461605716,
            "Sr_std": 0.2838519442954269,
            "Sr_pval": 3.3368903748685336e-21,
            "num": 1304.0,
            "num_struc": 41.0
        }
    }
}