{
    "1A7V": {
        "pearson": [
            -0.4404976148033533,
            0.13193976089898576
        ],
        "spearman": [
            -0.31405077845082796,
            0.29603582766730907
        ],
        "count": 13
    },
    "1BA3": {
        "pearson": [
            -0.9085629963378983,
            0.09143700366210172
        ],
        "spearman": [
            -0.39999999999999997,
            0.6
        ],
        "count": 4
    },
    "1BFM": {
        "pearson": [
            -1.0,
            1.0
        ],
        "spearman": [
            -0.9999999999999999,
            NaN
        ],
        "count": 2
    },
    "1D5G": {
        "pearson": [
            1.0,
            1.0
        ],
        "spearman": [
            0.9999999999999999,
            NaN
        ],
        "count": 2
    },
    "1DIV": {
        "pearson": [
            -0.6951276676467253,
            2.1272904884966537e-08
        ],
        "spearman": [
            -0.6768314662072253,
            6.805677559261767e-08
        ],
        "count": 50
    },
    "1EKG": {
        "pearson": [
            -0.9427946024665799,
            0.05720539753342013
        ],
        "spearman": [
            -1.0,
            0.0
        ],
        "count": 4
    },
    "1FT8": {
        "pearson": [
            -0.8757320492229128,
            8.724420795839162e-05
        ],
        "spearman": [
            -0.9285714285714285,
            4.607427269933694e-06
        ],
        "count": 13
    },
    "1FXA": {
        "pearson": [
            -0.6899656515608164,
            0.018792728352833122
        ],
        "spearman": [
            -0.7272727272727273,
            0.011204967253592057
        ],
        "count": 11
    },
    "1G3P": {
        "pearson": [
            -0.1341277223304816,
            0.504776355133541
        ],
        "spearman": [
            0.0378741671155556,
            0.8512258344717887
        ],
        "count": 27
    },
    "1GUA": {
        "pearson": [
            -0.6559444831713097,
            3.1188914477970467e-07
        ],
        "spearman": [
            -0.6529591836734694,
            3.677650225150568e-07
        ],
        "count": 49
    },
    "1H0X": {
        "pearson": [
            -1.0,
            1.0
        ],
        "spearman": [
            -0.9999999999999999,
            NaN
        ],
        "count": 2
    },
    "1HCQ": {
        "pearson": [
            1.0,
            1.0
        ],
        "spearman": [
            0.9999999999999999,
            NaN
        ],
        "count": 2
    },
    "1ITM": {
        "pearson": [
            0.9982595961434835,
            0.03756497868128736
        ],
        "spearman": [
            1.0,
            0.0
        ],
        "count": 3
    },
    "1IV7": {
        "pearson": [
            -0.9837798886207851,
            0.11481822155985627
        ],
        "spearman": [
            -1.0,
            0.0
        ],
        "count": 3
    },
    "1J8I": {
        "pearson": [
            -0.5131329599386097,
            0.2978559085978735
        ],
        "spearman": [
            -0.29424494316824984,
            0.5713704615752551
        ],
        "count": 6
    },
    "1JLV": {
        "pearson": [
            -0.6742631881279624,
            0.5289226817839567
        ],
        "spearman": [
            -0.5,
            0.6666666666666667
        ],
        "count": 3
    },
    "1L6H": {
        "pearson": [
            -0.8388917864846883,
            0.36640800696638925
        ],
        "spearman": [
            -0.5,
            0.6666666666666667
        ],
        "count": 3
    },
    "1LVM": {
        "pearson": [
            -0.12783871983549916,
            0.8376751291647845
        ],
        "spearman": [
            0.20519567041703085,
            0.7405819415910722
        ],
        "count": 5
    },
    "1N18": {
        "pearson": [
            -0.8864898586971984,
            0.11351014130280168
        ],
        "spearman": [
            -0.6000000000000001,
            0.3999999999999999
        ],
        "count": 4
    },
    "1N88": {
        "pearson": [
            -0.12657457239746508,
            0.6283264867240392
        ],
        "spearman": [
            -0.11909166911159626,
            0.6489278116843578
        ],
        "count": 17
    },
    "1NM1": {
        "pearson": [
            -1.0,
            1.0
        ],
        "spearman": [
            -0.9999999999999999,
            NaN
        ],
        "count": 2
    },
    "1O1U": {
        "pearson": [
            -0.4058084560514197,
            0.4247016862555468
        ],
        "spearman": [
            -0.3946648814672956,
            0.43873925151701676
        ],
        "count": 6
    },
    "1O6X": {
        "pearson": [
            -0.4062827916812728,
            0.07547804527640882
        ],
        "spearman": [
            -0.34386766694570997,
            0.13767336323818855
        ],
        "count": 20
    },
    "1OSI": {
        "pearson": [
            0.42207088070307175,
            0.5779291192969283
        ],
        "spearman": [
            0.39999999999999997,
            0.6
        ],
        "count": 4
    },
    "1PFL": {
        "pearson": [
            -0.5617606024146815,
            0.3243829033394026
        ],
        "spearman": [
            -0.49999999999999994,
            0.39100221895577053
        ],
        "count": 5
    },
    "1PRG": {
        "pearson": [
            0.5397887064951828,
            0.21107215067979146
        ],
        "spearman": [
            0.5357142857142858,
            0.21521745567801273
        ],
        "count": 7
    },
    "1R6R": {
        "pearson": [
            -0.4184602026161992,
            0.5815397973838008
        ],
        "spearman": [
            -0.6000000000000001,
            0.3999999999999999
        ],
        "count": 4
    },
    "1SPD": {
        "pearson": [
            -1.0,
            1.0
        ],
        "spearman": [
            -0.9999999999999999,
            NaN
        ],
        "count": 2
    },
    "1X0J": {
        "pearson": [
            -0.02520414890834284,
            0.9572256970816914
        ],
        "spearman": [
            0.07142857142857144,
            0.8790481931481541
        ],
        "count": 7
    },
    "1XWS": {
        "pearson": [
            0.34113566311743043,
            0.6588643368825695
        ],
        "spearman": [
            0.19999999999999998,
            0.8
        ],
        "count": 4
    },
    "1XXN": {
        "pearson": [
            -0.08169380300250215,
            0.8961000336529644
        ],
        "spearman": [
            0.10259783520851543,
            0.8695979205185651
        ],
        "count": 5
    },
    "1XZO": {
        "pearson": [
            -0.7692427934278699,
            0.23075720657213017
        ],
        "spearman": [
            -0.39999999999999997,
            0.6
        ],
        "count": 4
    },
    "2BJD": {
        "pearson": [
            -0.9999999491510433,
            0.00020301874816763482
        ],
        "spearman": [
            -1.0,
            0.0
        ],
        "count": 3
    },
    "2C9Q": {
        "pearson": [
            -1.0,
            1.0
        ],
        "spearman": [
            -0.9999999999999999,
            NaN
        ],
        "count": 2
    },
    "2CLR": {
        "pearson": [
            -0.6394484755485645,
            0.36055152445143546
        ],
        "spearman": [
            -0.7999999999999999,
            0.20000000000000007
        ],
        "count": 4
    },
    "2DVV": {
        "pearson": [
            -1.0,
            1.0
        ],
        "spearman": [
            -0.9999999999999999,
            NaN
        ],
        "count": 2
    },
    "2HBB": {
        "pearson": [
            -0.5489118498116915,
            7.813630354990324e-05
        ],