{
    "1A7V": {
        "pearson": [
            -0.44204458827061643,
            0.13042959938327978
        ],
        "spearman": [
            -0.31405077845082796,
            0.29603582766730907
        ],
        "count": 13
    },
    "1BA3": {
        "pearson": [
            -0.9047723827845291,
            0.0952276172154709
        ],
        "spearman": [
            -0.39999999999999997,
            0.6
        ],
        "count": 4
    },
    "1BFM": {
        "pearson": [
            -1.0,
            1.0
        ],
        "spearman": [
            -0.9999999999999999,
            NaN
        ],
        "count": 2
    },
    "1D5G": {
        "pearson": [
            1.0,
            1.0
        ],
        "spearman": [
            0.9999999999999999,
            NaN
        ],
        "count": 2
    },
    "1DIV": {
        "pearson": [
            -0.6897484206819637,
            3.0207840112341745e-08
        ],
        "spearman": [
            -0.6806252568862641,
            5.384006094403448e-08
        ],
        "count": 50
    },
    "1EKG": {
        "pearson": [
            -0.9427920964334033,
            0.05720790356659666
        ],
        "spearman": [
            -1.0,
            0.0
        ],
        "count": 4
    },
    "1FT8": {
        "pearson": [
            -0.8757274657295953,
            8.726110826196191e-05
        ],
        "spearman": [
            -0.9285714285714285,
            4.607427269933694e-06
        ],
        "count": 13
    },
    "1FXA": {
        "pearson": [
            -0.6913423425809313,
            0.01846113370067809
        ],
        "spearman": [
            -0.7272727272727273,
            0.011204967253592057
        ],
        "count": 11
    },
    "1G3P": {
        "pearson": [
            -0.13416116196899946,
            0.5046691689627448
        ],
        "spearman": [
            0.0378741671155556,
            0.8512258344717887
        ],
        "count": 27
    },
    "1GUA": {
        "pearson": [
            -0.6562958902246376,
            3.058606051443824e-07
        ],
        "spearman": [
            -0.6542857142857141,
            3.4187328039959194e-07
        ],
        "count": 49
    },
    "1H0X": {
        "pearson": [
            -1.0,
            1.0
        ],
        "spearman": [
            -0.9999999999999999,
            NaN
        ],
        "count": 2
    },
    "1HCQ": {
        "pearson": [
            1.0,
            1.0
        ],
        "spearman": [
            0.9999999999999999,
            NaN
        ],
        "count": 2
    },
    "1ITM": {
        "pearson": [
            0.9961572106890297,
            0.055828708468099876
        ],
        "spearman": [
            1.0,
            0.0
        ],
        "count": 3
    },
    "1IV7": {
        "pearson": [
            -0.9837746145399499,
            0.1148369377839627
        ],
        "spearman": [
            -1.0,
            0.0
        ],
        "count": 3
    },
    "1J8I": {
        "pearson": [
            -0.5370629823129398,
            0.27185984944585
        ],
        "spearman": [
            -0.17654696590094993,
            0.7379309324353431
        ],
        "count": 6
    },
    "1JLV": {
        "pearson": [
            -0.6742751737880975,
            0.5289123494124167
        ],
        "spearman": [
            -0.5,
            0.6666666666666667
        ],
        "count": 3
    },
    "1L6H": {
        "pearson": [
            -0.7819419434761374,
            0.42845862885117997
        ],
        "spearman": [
            -0.5,
            0.6666666666666667
        ],
        "count": 3
    },
    "1LVM": {
        "pearson": [
            -0.12783691724510257,
            0.8376774054628207
        ],
        "spearman": [
            0.20519567041703085,
            0.7405819415910722
        ],
        "count": 5
    },
    "1N18": {
        "pearson": [
            -0.886501910592538,
            0.11349808940746198
        ],
        "spearman": [
            -0.6000000000000001,
            0.3999999999999999
        ],
        "count": 4
    },
    "1N88": {
        "pearson": [
            -0.08773160756092123,
            0.7377605289950343
        ],
        "spearman": [
            -0.07734819746423262,
            0.767944148636251
        ],
        "count": 17
    },
    "1NM1": {
        "pearson": [
            -1.0,
            1.0
        ],
        "spearman": [
            -0.9999999999999999,
            NaN
        ],
        "count": 2
    },
    "1O1U": {
        "pearson": [
            -0.5002525065317546,
            0.3122159779794875
        ],
        "spearman": [
            -0.5161002296110789,
            0.2945837414624608
        ],
        "count": 6
    },
    "1O6X": {
        "pearson": [
            -0.3974634810864245,
            0.08267326248395543
        ],
        "spearman": [
            -0.3717081563920804,
            0.10658634901614167
        ],
        "count": 20
    },
    "1OSI": {
        "pearson": [
            0.4116476446021412,
            0.5883523553978587
        ],
        "spearman": [
            0.39999999999999997,
            0.6
        ],
        "count": 4
    },
    "1PFL": {
        "pearson": [
            -0.6837611502607812,
            0.20304808076872344
        ],
        "spearman": [
            -0.49999999999999994,
            0.39100221895577053
        ],
        "count": 5
    },
    "1PRG": {
        "pearson": [
            0.5397907014088,
            0.21107013045561998
        ],
        "spearman": [
            0.5357142857142858,
            0.21521745567801273
        ],
        "count": 7
    },
    "1R6R": {
        "pearson": [
            -0.45556827259065447,
            0.5444317274093455
        ],
        "spearman": [
            -0.6000000000000001,
            0.3999999999999999
        ],
        "count": 4
    },
    "1SPD": {
        "pearson": [
            -1.0,
            1.0
        ],
        "spearman": [
            -0.9999999999999999,
            NaN
        ],
        "count": 2
    },
    "1X0J": {
        "pearson": [
            -0.04199840037028922,
            0.9287641651324682
        ],
        "spearman": [
            0.07142857142857144,
            0.8790481931481541
        ],
        "count": 7
    },
    "1XWS": {
        "pearson": [
            0.34110485007339897,
            0.6588951499266011
        ],
        "spearman": [
            0.19999999999999998,
            0.8
        ],
        "count": 4
    },
    "1XXN": {
        "pearson": [
            -0.08168839811310688,
            0.8961068923710849
        ],
        "spearman": [
            0.10259783520851543,
            0.8695979205185651
        ],
        "count": 5
    },
    "1XZO": {
        "pearson": [
            -0.768105036924393,
            0.23189496307560686
        ],
        "spearman": [
            -0.39999999999999997,
            0.6
        ],
        "count": 4
    },
    "2BJD": {
        "pearson": [
            -0.9999999568435425,
            0.00018703290382304
        ],
        "spearman": [
            -1.0,
            0.0
        ],
        "count": 3
    },
    "2C9Q": {
        "pearson": [
            -1.0,
            1.0
        ],
        "spearman": [
            -0.9999999999999999,
            NaN
        ],
        "count": 2
    },
    "2CLR": {
        "pearson": [
            -0.6394376366641236,
            0.3605623633358763
        ],
        "spearman": [
            -0.7999999999999999,
            0.20000000000000007
        ],
        "count": 4
    },
    "2DVV": {
        "pearson": [
            -1.0,
            1.0
        ],
        "spearman": [
            -0.9999999999999999,
            NaN
        ],
        "count": 2
    },
    "2HBB": {
        "pearson": [
            -0.5489007141578311,
            7.816778430062402e-05
        ],