{
    "NONSEL_24h": {
        "pearson": [
            -0.337748286319838,
            2.483816451979701e-30
        ],
        "spearman": [
            -0.3077074431514387,
            3.3248938723146237e-25
        ],
        "count": 1084
    },
    "SEL_A_24h": {
        "pearson": [
            0.35013967274716323,
            1.2828408700840136e-32
        ],
        "spearman": [
            0.34759852383852213,
            3.851278530564883e-32
        ],
        "count": 1084
    },
    "SEL_A_40h": {
        "pearson": [
            0.32774631018984013,
            1.4677418076199627e-28
        ],
        "spearman": [
            0.3515685604118942,
            6.883041989945441e-33
        ],
        "count": 1084
    },
    "SEL_B_40h": {
        "pearson": [
            0.32147420928138487,
            1.7551874685225217e-27
        ],
        "spearman": [
            0.32966385639575857,
            6.793497005748767e-29
        ],
        "count": 1084
    },
    "SEL_C_40h": {
        "pearson": [
            0.3303578093083809,
            5.133675971166752e-29
        ],
        "spearman": [
            0.3246871171332733,
            4.959652836562536e-28
        ],
        "count": 1084
    },
    "SEL_C_64h": {
        "pearson": [
            0.29888840026164776,
            8.287787682192321e-24
        ],
        "spearman": [
            0.3069685120368104,
            4.371701568389014e-25
        ],
        "count": 1084
    }
}