{
    "Ami11_avg": {
        "pearson": [
            0.16194191342156775,
            4.004792022836471e-31
        ],
        "spearman": [
            0.14078597729906017,
            7.478182653772294e-24
        ],
        "count": 5068
    },
    "Ami12_avg": {
        "pearson": [
            0.32148473525361954,
            2.383999333475725e-118
        ],
        "spearman": [
            0.38910684679274227,
            4.372293934913047e-177
        ],
        "count": 4906
    },
    "Ami14_avg": {
        "pearson": [
            0.316274435712293,
            1.336738269904341e-113
        ],
        "spearman": [
            0.3661117574298089,
            2.163438071730472e-154
        ],
        "count": 4871
    },
    "Ami18_avg": {
        "pearson": [
            0.027478157209880623,
            0.05018670278586955
        ],
        "spearman": [
            0.036432982712361624,
            0.009405511422255307
        ],
        "count": 5080
    },
    "G41811_avg": {
        "pearson": [
            0.28832633551864284,
            1.4859736002925536e-94
        ],
        "spearman": [
            0.3146264952503672,
            3.591293377344662e-113
        ],
        "count": 4906
    },
    "G41812_avg": {
        "pearson": [
            0.4120282190911926,
            5.208207412320904e-197
        ],
        "spearman": [
            0.49109555074826733,
            3.2396308420233926e-291
        ],
        "count": 4822
    },
    "G41814_avg": {
        "pearson": [
            0.4249660955272833,
            1.360875452546718e-220
        ],
        "spearman": [
            0.44237527474355215,
            5.399623521203866e-241
        ],
        "count": 5049
    },
    "Kan11_avg": {
        "pearson": [
            0.3134095627844403,
            9.993511241478305e-112
        ],
        "spearman": [
            0.33942024791528,
            6.623024751936531e-132
        ],
        "count": 4882
    },
    "Kan12_avg": {
        "pearson": [
            0.4129609241777214,
            2.5317503910307152e-194
        ],
        "spearman": [
            0.49142945067049887,
            2.909126896607451e-286
        ],
        "count": 4732
    },
    "Kan14_avg": {
        "pearson": [
            0.43168151605843097,
            3.547364504124606e-219
        ],
        "spearman": [
            0.4898393323055101,
            6.896047698176438e-291
        ],
        "count": 4845
    },
    "Kan18_avg": {
        "pearson": [
            0.44533155002565594,
            1.1263541239764231e-244
        ],
        "spearman": [
            0.47295779288070156,
            5.892734534597276e-280
        ],
        "count": 5051
    },
    "Neo11_avg": {
        "pearson": [
            0.28527562674646534,
            1.9197779959960045e-93
        ],
        "spearman": [
            0.28958038704912675,
            2.371193174219377e-96
        ],
        "count": 4956
    },
    "Neo12_avg": {
        "pearson": [
            0.42348377521324265,
            1.4149728233397142e-210
        ],
        "spearman": [
            0.5040930240911408,
            0.0
        ],
        "count": 4855
    },
    "Neo14_avg": {
        "pearson": [
            0.46728136819714516,
            1.8548802453403965e-270
        ],
        "spearman": [
            0.4964275933526192,
            2.5857098930296e-310
        ],
        "count": 5014
    },
    "Neo18_avg": {
        "pearson": [
            0.40435652581415593,
            3.8588125686875425e-198
        ],
        "spearman": [
            0.39962593934296514,
            3.699310898081577e-193
        ],
        "count": 5054
    },
    "Paro11_avg": {
        "pearson": [
            0.19849592945936417,
            3.743357421760031e-46
        ],
        "spearman": [
            0.18489039094271303,
            3.591239693299267e-40
        ],
        "count": 5063
    },
    "Paro12_avg": {
        "pearson": [
            0.3293459977716635,
            1.052866635880546e-123
        ],
        "spearman": [
            0.38565624305609036,
            1.1077163780848441e-172
        ],
        "count": 4876
    },
    "Paro14_avg": {
        "pearson": [
            0.4157590942872015,
            1.887125283517077e-201
        ],
        "spearman": [
            0.484812070933831,
            1.5246192708079006e-283
        ],
        "count": 4835
    },
    "Paro18_avg": {
        "pearson": [
            0.4531401440374951,
            4.4877521128627115e-249
        ],
        "spearman": [
            0.5060808500900469,
            0.0
        ],
        "count": 4946
    },
    "Ribo11_avg": {
        "pearson": [
            0.3302818502126374,
            8.635359891283791e-125
        ],
        "spearman": [
            0.3838892388305568,
            1.7798502376099854e-171
        ],
        "count": 4890
    },
    "Ribo12_avg": {
        "pearson": [
            0.45212474835993866,
            3.328955534065263e-244
        ],
        "spearman": [
            0.5233243578577609,
            0.0
        ],
        "count": 4873
    },
    "Ribo14_avg": {
        "pearson": [
            0.48150715574663794,
            6.909463255052445e-290
        ],
        "spearman": [
            0.5173102326889494,
            0.0
        ],
        "count": 5022
    },
    "Ribo18_avg": {
        "pearson": [
            0.46906007763670654,
            8.302729066780137e-274
        ],
        "spearman": [
            0.47401522607167046,
            2.237287878435978e-280
        ],
        "count": 5033
    }
}