{
    "Ami11_avg": {
        "pearson": [
            0.16531158712788574,
            1.8835396018313634e-33
        ],
        "spearman": [
            0.14080357976830174,
            1.2336867048946333e-24
        ],
        "count": 5245
    },
    "Ami12_avg": {
        "pearson": [
            0.31803955670938827,
            5.590983300837507e-119
        ],
        "spearman": [
            0.38202430476745786,
            4.768066369217843e-175
        ],
        "count": 5046
    },
    "Ami14_avg": {
        "pearson": [
            0.31142937381415,
            7.993733809861972e-113
        ],
        "spearman": [
            0.3535062403382577,
            5.129612254243629e-147
        ],
        "count": 4997
    },
    "Ami18_avg": {
        "pearson": [
            0.02659929344531403,
            0.053774028121807906
        ],
        "spearman": [
            0.02834398529448695,
            0.039859188300326615
        ],
        "count": 5258
    },
    "G41811_avg": {
        "pearson": [
            0.29014868303379815,
            1.4118562912583819e-98
        ],
        "spearman": [
            0.3217118914530765,
            5.411789599579906e-122
        ],
        "count": 5052
    },
    "G41812_avg": {
        "pearson": [
            0.4026023171818155,
            1.2457659976483223e-192
        ],
        "spearman": [
            0.47539233025005156,
            4.2110809820146026e-278
        ],
        "count": 4959
    },
    "G41814_avg": {
        "pearson": [
            0.41208359603902317,
            2.268066144980391e-213
        ],
        "spearman": [
            0.4256197086340546,
            5.543351330541699e-229
        ],
        "count": 5225
    },
    "Kan11_avg": {
        "pearson": [
            0.3223930361713231,
            1.7623555145786998e-121
        ],
        "spearman": [
            0.3526800679639399,
            1.30707998743887e-146
        ],
        "count": 5008
    },
    "Kan12_avg": {
        "pearson": [
            0.40327470649055736,
            6.850930659442328e-189
        ],
        "spearman": [
            0.47872697621545657,
            4.929755653277733e-276
        ],
        "count": 4844
    },
    "Kan14_avg": {
        "pearson": [
            0.4202318197245768,
            4.7180223680409707e-213
        ],
        "spearman": [
            0.471646727173356,
            2.96372425755645e-275
        ],
        "count": 4997
    },
    "Kan18_avg": {
        "pearson": [
            0.4315456100672339,
            5.311748918528116e-236
        ],
        "spearman": [
            0.45385883893193063,
            6.830459929780741e-264
        ],
        "count": 5224
    },
    "Neo11_avg": {
        "pearson": [
            0.2845261751063184,
            3.343966313540825e-95
        ],
        "spearman": [
            0.2943719901849971,
            4.477767904666707e-102
        ],
        "count": 5079
    },
    "Neo12_avg": {
        "pearson": [
            0.40689182019090436,
            1.5422004567238636e-197
        ],
        "spearman": [
            0.4817367549658533,
            3.230316556653753e-287
        ],
        "count": 4970
    },
    "Neo14_avg": {
        "pearson": [
            0.4439128913006134,
            4.2035114844549323e-249
        ],
        "spearman": [
            0.46961671445523284,
            1.6874731446816406e-282
        ],
        "count": 5180
    },
    "Neo18_avg": {
        "pearson": [
            0.3951925496173767,
            6.5163850075376345e-195
        ],
        "spearman": [
            0.388203924197582,
            1.4387735980150692e-187
        ],
        "count": 5226
    },
    "Paro11_avg": {
        "pearson": [
            0.20549361785844455,
            5.842204515069428e-51
        ],
        "spearman": [
            0.1948659474418064,
            6.60148494272578e-46
        ],
        "count": 5228
    },
    "Paro12_avg": {
        "pearson": [
            0.3231930190162915,
            1.122789398409192e-121
        ],
        "spearman": [
            0.3839011171499692,
            5.92111906767244e-175
        ],
        "count": 4990
    },
    "Paro14_avg": {
        "pearson": [
            0.4102380544320684,
            1.3319952020082295e-200
        ],
        "spearman": [
            0.4717971270988671,
            2.557377770277378e-273
        ],
        "count": 4958
    },
    "Paro18_avg": {
        "pearson": [
            0.43925387378108416,
            2.1657321755582762e-239
        ],
        "spearman": [
            0.4876125341010369,
            1.253162049560314e-302
        ],
        "count": 5095
    },
    "Ribo11_avg": {
        "pearson": [
            0.32414312736549794,
            1.0946404226377018e-122
        ],
        "spearman": [
            0.3793761702476547,
            6.089068568302238e-171
        ],
        "count": 5001
    },
    "Ribo12_avg": {
        "pearson": [
            0.43214938293755156,
            9.385941144479655e-227
        ],
        "spearman": [
            0.4999999816802106,
            0.0
        ],
        "count": 5002
    },
    "Ribo14_avg": {
        "pearson": [
            0.46018139763166527,
            4.108169602708316e-270
        ],
        "spearman": [
            0.4921366853242096,
            0.0
        ],
        "count": 5184
    },
    "Ribo18_avg": {
        "pearson": [
            0.4488153704193725,
            3.1308663011123736e-256
        ],
        "spearman": [
            0.44838871566981015,
            1.088956898229904e-255
        ],
        "count": 5200
    }
}