{
    "fitness": {
        "pearson": [
            0.409244411079073,
            2.074692054232575e-62
        ],
        "spearman": [
            0.40744160769328097,
            7.960000082295039e-62
        ],
        "count": 1519
    }
}