{
    "fitness": {
        "pearson": [
            0.3829928924357863,
            2.975497659821699e-54
        ],
        "spearman": [
            0.3758602370417713,
            3.668886596612744e-52
        ],
        "count": 1519
    }
}