{
    "NONSEL_24h": {
        "pearson": [
            -0.27970237060210557,
            6.213988331572843e-21
        ],
        "spearman": [
            -0.3162459333148596,
            1.328512177875846e-26
        ],
        "count": 1084
    },
    "SEL_A_24h": {
        "pearson": [
            0.38574323973156127,
            8.78745824029352e-40
        ],
        "spearman": [
            0.36072798784378196,
            1.1780119007323903e-34
        ],
        "count": 1084
    },
    "SEL_A_40h": {
        "pearson": [
            0.36350956187381445,
            3.335080223518869e-35
        ],
        "spearman": [
            0.35728779186820364,
            5.514245467940896e-34
        ],
        "count": 1084
    },
    "SEL_B_40h": {
        "pearson": [
            0.3388973703335926,
            1.5394757415391828e-30
        ],
        "spearman": [
            0.34101475968579736,
            6.34251734470451e-31
        ],
        "count": 1084
    },
    "SEL_C_40h": {
        "pearson": [
            0.33417896857204277,
            1.0835569700401741e-29
        ],
        "spearman": [
            0.33569292277356216,
            5.8147656970607255e-30
        ],
        "count": 1084
    },
    "SEL_C_64h": {
        "pearson": [
            0.31570999197460653,
            1.6311431341553935e-26
        ],
        "spearman": [
            0.3220469914169132,
            1.4026812347928646e-27
        ],
        "count": 1084
    }
}