{
    "Ami11_avg": {
        "pearson": [
            0.20463064676650483,
            1.0691819516675708e-50
        ],
        "spearman": [
            0.17131172207599274,
            7.818013496723923e-36
        ],
        "count": 5245
    },
    "Ami12_avg": {
        "pearson": [
            0.3148517350513157,
            1.6127275934833467e-116
        ],
        "spearman": [
            0.3821043329586384,
            3.9794610165644804e-175
        ],
        "count": 5046
    },
    "Ami14_avg": {
        "pearson": [
            0.3041702298048083,
            1.850598214558473e-107
        ],
        "spearman": [
            0.35554769231562044,
            8.163062534230013e-149
        ],
        "count": 4997
    },
    "Ami18_avg": {
        "pearson": [
            0.03939404699968861,
            0.004277014209069938
        ],
        "spearman": [
            0.038140555468726724,
            0.005674864596233855
        ],
        "count": 5258
    },
    "G41811_avg": {
        "pearson": [
            0.30797224486164143,
            1.923531508431621e-111
        ],
        "spearman": [
            0.3363104181273714,
            7.95347119028287e-134
        ],
        "count": 5052
    },
    "G41812_avg": {
        "pearson": [
            0.38990509663722384,
            9.099111832653246e-180
        ],
        "spearman": [
            0.47095124864119764,
            2.8670682162051412e-272
        ],
        "count": 4959
    },
    "G41814_avg": {
        "pearson": [
            0.4000655306404395,
            4.2165521608915454e-200
        ],
        "spearman": [
            0.41841037264922704,
            1.4060847816485823e-220
        ],
        "count": 5225
    },
    "Kan11_avg": {
        "pearson": [
            0.33009307285800416,
            1.329751319094092e-127
        ],
        "spearman": [
            0.3557469915169329,
            2.5816786211290515e-149
        ],
        "count": 5008
    },
    "Kan12_avg": {
        "pearson": [
            0.38740885375827516,
            3.0763355711072684e-173
        ],
        "spearman": [
            0.47272633130070313,
            2.8663599118594604e-268
        ],
        "count": 4844
    },
    "Kan14_avg": {
        "pearson": [
            0.4081183587695756,
            6.672997753855244e-200
        ],
        "spearman": [
            0.46857814565730205,
            3.103829551676021e-271
        ],
        "count": 4997
    },
    "Kan18_avg": {
        "pearson": [
            0.41431278163516205,
            7.49460029782759e-216
        ],
        "spearman": [
            0.440886761333217,
            2.0080998438779802e-247
        ],
        "count": 5224
    },
    "Neo11_avg": {
        "pearson": [
            0.29727548545155075,
            3.7267797834384716e-104
        ],
        "spearman": [
            0.2990830525362084,
            1.8379606006240553e-105
        ],
        "count": 5079
    },
    "Neo12_avg": {
        "pearson": [
            0.3840643946645109,
            2.027077659405571e-174
        ],
        "spearman": [
            0.46900083101133594,
            2.5014829725892334e-270
        ],
        "count": 4970
    },
    "Neo14_avg": {
        "pearson": [
            0.4237491775773224,
            7.585199801046667e-225
        ],
        "spearman": [
            0.45333506028674175,
            5.1673238364669785e-261
        ],
        "count": 5180
    },
    "Neo18_avg": {
        "pearson": [
            0.38331786019261127,
            1.5395736037713627e-182
        ],
        "spearman": [
            0.37737676421219585,
            1.5416271951475311e-176
        ],
        "count": 5226
    },
    "Paro11_avg": {
        "pearson": [
            0.22467029539093483,
            8.163785248375932e-61
        ],
        "spearman": [
            0.2070537977313742,
            1.0010167491702805e-51
        ],
        "count": 5228
    },
    "Paro12_avg": {
        "pearson": [
            0.3209655262494163,
            6.12788280324276e-120
        ],
        "spearman": [
            0.3845389871188449,
            1.4087114323150434e-175
        ],
        "count": 4990
    },
    "Paro14_avg": {
        "pearson": [
            0.39584690423742563,
            1.1134531578531988e-185
        ],
        "spearman": [
            0.46791144568192433,
            2.846219073198949e-268
        ],
        "count": 4958
    },
    "Paro18_avg": {
        "pearson": [
            0.4235729801797268,
            5.47078643550429e-221
        ],
        "spearman": [
            0.47917725602796474,
            7.500273807183611e-291
        ],
        "count": 5095
    },
    "Ribo11_avg": {
        "pearson": [
            0.31914137791410313,
            8.745183608276672e-119
        ],
        "spearman": [
            0.3742612143228061,
            4.649977736966461e-166
        ],
        "count": 5001
    },
    "Ribo12_avg": {
        "pearson": [
            0.4091305981502902,
            3.52375400271266e-201
        ],
        "spearman": [
            0.4849576735394308,
            1.8152548048728696e-293
        ],
        "count": 5002
    },
    "Ribo14_avg": {
        "pearson": [
            0.4381083063934794,
            3.896517312864864e-242
        ],
        "spearman": [
            0.4753371765353233,
            1.4946564288064065e-290
        ],
        "count": 5184
    },
    "Ribo18_avg": {
        "pearson": [
            0.42981574659627875,
            7.359065786210201e-233
        ],
        "spearman": [
            0.4318859449626299,
            2.4672912095173618e-235
        ],
        "count": 5200
    }
}