{
    "Ami11_avg": {
        "pearson": [
            0.1835028772860079,
            1.2663419205668107e-39
        ],
        "spearman": [
            0.15116729987280525,
            2.7327628453799628e-27
        ],
        "count": 5068
    },
    "Ami12_avg": {
        "pearson": [
            0.3068609624322025,
            1.7981521919904143e-107
        ],
        "spearman": [
            0.37904153184109574,
            2.0439215403523793e-167
        ],
        "count": 4906
    },
    "Ami14_avg": {
        "pearson": [
            0.30418631581295563,
            8.273018578148053e-105
        ],
        "spearman": [
            0.35639817902369514,
            7.603528025035841e-146
        ],
        "count": 4871
    },
    "Ami18_avg": {
        "pearson": [
            0.03405502787905319,
            0.015209625011313352
        ],
        "spearman": [
            0.041372591361564244,
            0.003184616068673384
        ],
        "count": 5080
    },
    "G41811_avg": {
        "pearson": [
            0.2932682005751889,
            6.625928286239642e-98
        ],
        "spearman": [
            0.31140811706121835,
            8.67600021994709e-111
        ],
        "count": 4906
    },
    "G41812_avg": {
        "pearson": [
            0.39198424366155626,
            7.2458621520653465e-177
        ],
        "spearman": [
            0.4757229747605689,
            6.69862504404291e-271
        ],
        "count": 4822
    },
    "G41814_avg": {
        "pearson": [
            0.40322857864152856,
            9.429976609421797e-197
        ],
        "spearman": [
            0.42355828095325265,
            5.392724494782167e-219
        ],
        "count": 5049
    },
    "Kan11_avg": {
        "pearson": [
            0.30960614528333097,
            6.107441516271607e-109
        ],
        "spearman": [
            0.3284308875789055,
            3.881022779914826e-123
        ],
        "count": 4882
    },
    "Kan12_avg": {
        "pearson": [
            0.39225923656947204,
            7.284556846803411e-174
        ],
        "spearman": [
            0.4722583743537952,
            1.5802307011559525e-261
        ],
        "count": 4732
    },
    "Kan14_avg": {
        "pearson": [
            0.4084878989477249,
            2.906392633852447e-194
        ],
        "spearman": [
            0.4722792295321764,
            9.436789484114895e-268
        ],
        "count": 4845
    },
    "Kan18_avg": {
        "pearson": [
            0.42278881590677997,
            3.2839037327143396e-218
        ],
        "spearman": [
            0.4531027631585583,
            2.843686769994812e-254
        ],
        "count": 5051
    },
    "Neo11_avg": {
        "pearson": [
            0.2809752238004295,
            1.3730103903694e-90
        ],
        "spearman": [
            0.2750157369450176,
            1.0230928949627469e-86
        ],
        "count": 4956
    },
    "Neo12_avg": {
        "pearson": [
            0.3899155650625746,
            4.759302531063454e-176
        ],
        "spearman": [
            0.47547898797580157,
            2.005047031029041e-272
        ],
        "count": 4855
    },
    "Neo14_avg": {
        "pearson": [
            0.4352092142219645,
            7.459397357933792e-231
        ],
        "spearman": [
            0.4672574353230409,
            1.9928729773889924e-270
        ],
        "count": 5014
    },
    "Neo18_avg": {
        "pearson": [
            0.3912386258816168,
            1.596342984914008e-184
        ],
        "spearman": [
            0.3879752274300196,
            3.1304599152838203e-181
        ],
        "count": 5054
    },
    "Paro11_avg": {
        "pearson": [
            0.20696366751431355,
            4.1718299195421456e-50
        ],
        "spearman": [
            0.18303815580003546,
            2.1614641367151847e-39
        ],
        "count": 5063
    },
    "Paro12_avg": {
        "pearson": [
            0.31443517810957533,
            2.383727234761866e-112
        ],
        "spearman": [
            0.3693365600668555,
            1.8717283928669373e-157
        ],
        "count": 4876
    },
    "Paro14_avg": {
        "pearson": [
            0.39036908744170723,
            9.03835119995182e-176
        ],
        "spearman": [
            0.46633689305192577,
            1.0859575678185417e-259
        ],
        "count": 4835
    },
    "Paro18_avg": {
        "pearson": [
            0.42767010150751594,
            3.676585552902374e-219
        ],
        "spearman": [
            0.4857546730471241,
            2.7197943610169502e-291
        ],
        "count": 4946
    },
    "Ribo11_avg": {
        "pearson": [
            0.3125796270460077,
            2.7053883912348458e-111
        ],
        "spearman": [
            0.3624490025051513,
            1.0249716348562578e-151
        ],
        "count": 4890
    },
    "Ribo12_avg": {
        "pearson": [
            0.4183991543426767,
            7.682739499042514e-206
        ],
        "spearman": [
            0.4936248441160554,
            9.379603683481736e-298
        ],
        "count": 4873
    },
    "Ribo14_avg": {
        "pearson": [
            0.45074041301765144,
            6.750925440691288e-250
        ],
        "spearman": [
            0.49008595753624584,
            8.686390375699588e-302
        ],
        "count": 5022
    },
    "Ribo18_avg": {
        "pearson": [
            0.4435351960301835,
            1.2357060214595089e-241
        ],
        "spearman": [
            0.4496760212024744,
            3.9867295499241013e-249
        ],
        "count": 5033
    }
}