{
    "1BVC": {
        "pearson": [
            -0.6409252046095291,
            7.704727778272687e-10
        ],
        "spearman": [
            -0.6907776851919326,
            9.706827365577139e-12
        ],
        "count": 74
    },
    "1LZ1": {
        "pearson": [
            -0.5958668115887117,
            2.6774968102608165e-12
        ],
        "spearman": [
            -0.6385314298672958,
            2.124350410006144e-14
        ],
        "count": 114
    },
    "2CI2": {
        "pearson": [
            -0.5524211842968106,
            1.3050218541237645e-07
        ],
        "spearman": [
            -0.5638641072900143,
            6.267760168224624e-08
        ],
        "count": 79
    },
    "2RN2": {
        "pearson": [
            -0.703616893633156,
            9.571924563622418e-13
        ],
        "spearman": [
            -0.6307847019778479,
            7.812336611145585e-10
        ],
        "count": 77
    },
    "overall": {
        "pearson": [
            -0.5991100688024324,
            6.84504068404193e-35
        ],
        "spearman": [
            -0.6394018938462696,
            6.155257400290181e-41
        ],
        "count": 344
    }
}