{
    "1PGA": {
        "pearson": [
            -0.7274380264966462,
            3.419223296526807e-150
        ],
        "spearman": [
            -0.6846527637179916,
            1.9296368746766886e-126
        ],
        "count": 907,
        "pearson - filtered rosetta [-1;7]": [
            -0.7202095367725923,
            4.708438226352746e-135
        ],
        "spearman - filtered rosetta [-1;7]": [
            -0.68191817293065,
            8.27882764104818e-116
        ],
        "count - filtered rosetta [-1;7]": 839
    },
    "overall": {
        "pearson": [
            -0.7274380264966462,
            3.419223296526807e-150
        ],
        "spearman": [
            -0.6846527637179916,
            1.9296368746766886e-126
        ],
        "count": 907,
        "pearson - filtered rosetta [-1;7]": [
            -0.7202095367725923,
            4.708438226352746e-135
        ],
        "spearman - filtered rosetta [-1;7]": [
            -0.68191817293065,
            8.27882764104818e-116
        ],
        "count - filtered rosetta [-1;7]": 839
    }
}