{
    "SelectionTwo": {
        "pearson": [
            0.5097565080958774,
            0.0
        ],
        "spearman": [
            0.5319362875927925,
            0.0
        ],
        "count": 8329
    }
}