{
    "1PGA": {
        "pearson": [
            -0.5487624053150444,
            1.8600110778049576e-72
        ],
        "spearman": [
            -0.5567284316525498,
            5.905134413300031e-75
        ],
        "count": 907,
        "pearson - filtered rosetta [-1;7]": [
            -0.5230880851393567,
            4.142912451350119e-60
        ],
        "spearman - filtered rosetta [-1;7]": [
            -0.5540722545933067,
            1.1056345705661212e-68
        ],
        "count - filtered rosetta [-1;7]": 839
    },
    "overall": {
        "pearson": [
            -0.5487624053150444,
            1.8600110778049576e-72
        ],
        "spearman": [
            -0.5567284316525498,
            5.905134413300031e-75
        ],
        "count": 907,
        "pearson - filtered rosetta [-1;7]": [
            -0.5230880851393567,
            4.142912451350119e-60
        ],
        "spearman - filtered rosetta [-1;7]": [
            -0.5540722545933067,
            1.1056345705661212e-68
        ],
        "count - filtered rosetta [-1;7]": 839
    }
}