{
    "1PGA": {
        "pearson": [
            -0.5487453919597447,
            1.8826927308903058e-72
        ],
        "spearman": [
            -0.5567152016673586,
            5.962592690284734e-75
        ],
        "count": 907,
        "pearson - filtered rosetta [-1;7]": [
            -0.5230675489509227,
            4.1946743661451867e-60
        ],
        "spearman - filtered rosetta [-1;7]": [
            -0.5540696932839206,
            1.107536357784484e-68
        ],
        "count - filtered rosetta [-1;7]": 839
    },
    "overall": {
        "pearson": [
            -0.5487453919597447,
            1.8826927308903058e-72
        ],
        "spearman": [
            -0.5567152016673586,
            5.962592690284734e-75
        ],
        "count": 907,
        "pearson - filtered rosetta [-1;7]": [
            -0.5230675489509227,
            4.1946743661451867e-60
        ],
        "spearman - filtered rosetta [-1;7]": [
            -0.5540696932839206,
            1.107536357784484e-68
        ],
        "count - filtered rosetta [-1;7]": 839
    }
}