{
    "Ami11_avg": {
        "pearson": [
            0.16648733652196623,
            7.997788179360158e-33
        ],
        "spearman": [
            0.14375216965729645,
            8.265618137351599e-25
        ],
        "count": 5068
    },
    "Ami12_avg": {
        "pearson": [
            0.3110781164344568,
            1.5170245204236623e-110
        ],
        "spearman": [
            0.3835884887087009,
            9.645797723709211e-172
        ],
        "count": 4906
    },
    "Ami14_avg": {
        "pearson": [
            0.3087320776347894,
            4.571824904106451e-108
        ],
        "spearman": [
            0.3622280951520109,
            6.133704719908607e-151
        ],
        "count": 4871
    },
    "Ami18_avg": {
        "pearson": [
            0.03226112306047452,
            0.021481342654587055
        ],
        "spearman": [
            0.03893397261261416,
            0.0055141663333515565
        ],
        "count": 5080
    },
    "G41811_avg": {
        "pearson": [
            0.2884726437598364,
            1.1851480762705269e-94
        ],
        "spearman": [
            0.3146241691042155,
            3.605653921562887e-113
        ],
        "count": 4906
    },
    "G41812_avg": {
        "pearson": [
            0.40229903693668656,
            4.652057350084368e-187
        ],
        "spearman": [
            0.4839571562944661,
            1.1842893832614917e-281
        ],
        "count": 4822
    },
    "G41814_avg": {
        "pearson": [
            0.4165517164910859,
            3.735467761777993e-211
        ],
        "spearman": [
            0.43498319966864063,
            3.478152493811986e-232
        ],
        "count": 5049
    },
    "Kan11_avg": {
        "pearson": [
            0.3129487196558936,
            2.185231075163968e-111
        ],
        "spearman": [
            0.33606346371995427,
            3.4475613376314686e-129
        ],
        "count": 4882
    },
    "Kan12_avg": {
        "pearson": [
            0.4052722691590354,
            1.4870224831439086e-186
        ],
        "spearman": [
            0.483855121036234,
            2.6622967417636103e-276
        ],
        "count": 4732
    },
    "Kan14_avg": {
        "pearson": [
            0.42340455501584273,
            4.639020894675518e-210
        ],
        "spearman": [
            0.48171069822643525,
            5.206923715408989e-280
        ],
        "count": 4845
    },
    "Kan18_avg": {
        "pearson": [
            0.4350486956745947,
            2.3607382624939005e-232
        ],
        "spearman": [
            0.46307760255353353,
            5.800121270646476e-267
        ],
        "count": 5051
    },
    "Neo11_avg": {
        "pearson": [
            0.2840404004058245,
            1.2833159971202991e-92
        ],
        "spearman": [
            0.28920973188265636,
            4.240302214473512e-96
        ],
        "count": 4956
    },
    "Neo12_avg": {
        "pearson": [
            0.41005501558965896,
            2.760957729838944e-196
        ],
        "spearman": [
            0.4940996004238443,
            2.5738045154751246e-297
        ],
        "count": 4855
    },
    "Neo14_avg": {
        "pearson": [
            0.45314614317909707,
            1.769521993933512e-252
        ],
        "spearman": [
            0.4836767644875631,
            2.1137447244496363e-292
        ],
        "count": 5014
    },
    "Neo18_avg": {
        "pearson": [
            0.3994324332307633,
            5.890812395255376e-193
        ],
        "spearman": [
            0.39591821400623894,
            2.6076969044435074e-189
        ],
        "count": 5054
    },
    "Paro11_avg": {
        "pearson": [
            0.19942203190491448,
            1.4111665130470058e-46
        ],
        "spearman": [
            0.18684196946531714,
            5.30802410269846e-41
        ],
        "count": 5063
    },
    "Paro12_avg": {
        "pearson": [
            0.3187660878831792,
            1.3981696126519393e-115
        ],
        "spearman": [
            0.3797640469621913,
            4.4009544932045734e-167
        ],
        "count": 4876
    },
    "Paro14_avg": {
        "pearson": [
            0.40312262893862505,
            2.1720791237817236e-188
        ],
        "spearman": [
            0.47778404520210566,
            2.691820265228221e-274
        ],
        "count": 4835
    },
    "Paro18_avg": {
        "pearson": [
            0.4430463611989915,
            6.510495341294429e-237
        ],
        "spearman": [
            0.4982376078244874,
            1.0567543654864393e-308
        ],
        "count": 4946
    },
    "Ribo11_avg": {
        "pearson": [
            0.3237518869769958,
            1.0493539733340052e-119
        ],
        "spearman": [
            0.37863399852884766,
            1.7107214131210476e-166
        ],
        "count": 4890
    },
    "Ribo12_avg": {
        "pearson": [
            0.44217331878138655,
            1.9868699802688404e-232
        ],
        "spearman": [
            0.5133320300331851,
            0.0
        ],
        "count": 4873
    },
    "Ribo14_avg": {
        "pearson": [
            0.47079248490480896,
            1.712854169634676e-275
        ],
        "spearman": [
            0.506570618746368,
            0.0
        ],
        "count": 5022
    },
    "Ribo18_avg": {
        "pearson": [
            0.4597581627084406,
            9.173335765724825e-262
        ],
        "spearman": [
            0.4640359780088966,
            2.9535725341391905e-267
        ],
        "count": 5033
    }
}