{
    "Ami11_avg": {
        "pearson": [
            0.18064615510196175,
            1.0241180410745322e-39
        ],
        "spearman": [
            0.15473664672031864,
            1.8109569924581818e-29
        ],
        "count": 5245
    },
    "Ami12_avg": {
        "pearson": [
            0.3116495483243262,
            4.450518441333331e-114
        ],
        "spearman": [
            0.37865934605053925,
            9.118566251770379e-172
        ],
        "count": 5046
    },
    "Ami14_avg": {
        "pearson": [
            0.30528579620418894,
            2.8366072218921933e-108
        ],
        "spearman": [
            0.35093584639985065,
            9.023521524260716e-145
        ],
        "count": 4997
    },
    "Ami18_avg": {
        "pearson": [
            0.02787020938114016,
            0.04329648187086254
        ],
        "spearman": [
            0.027368237165541615,
            0.047208223448397105
        ],
        "count": 5258
    },
    "G41811_avg": {
        "pearson": [
            0.2961979181710934,
            7.682720492123811e-103
        ],
        "spearman": [
            0.32478962694202856,
            1.961809282718548e-124
        ],
        "count": 5052
    },
    "G41812_avg": {
        "pearson": [
            0.3905448587443206,
            2.110081519396642e-180
        ],
        "spearman": [
            0.4643978365815819,
            8.106313196284856e-264
        ],
        "count": 4959
    },
    "G41814_avg": {
        "pearson": [
            0.3989748811690108,
            6.34246733310413e-199
        ],
        "spearman": [
            0.4114633125276199,
            1.1323161393234707e-212
        ],
        "count": 5225
    },
    "Kan11_avg": {
        "pearson": [
            0.32598058887436476,
            2.605011703355622e-124
        ],
        "spearman": [
            0.35214239615011494,
            3.86657745885545e-146
        ],
        "count": 5008
    },
    "Kan12_avg": {
        "pearson": [
            0.389069886495911,
            7.752007306564647e-175
        ],
        "spearman": [
            0.4663371146581902,
            3.596547699976082e-260
        ],
        "count": 4844
    },
    "Kan14_avg": {
        "pearson": [
            0.40676971523547234,
            1.7991172513769714e-198
        ],
        "spearman": [
            0.4587459665259672,
            1.257001536545727e-258
        ],
        "count": 4997
    },
    "Kan18_avg": {
        "pearson": [
            0.4151286092817559,
            8.855048798920834e-217
        ],
        "spearman": [
            0.4354660320787102,
            9.44063672842908e-241
        ],
        "count": 5224
    },
    "Neo11_avg": {
        "pearson": [
            0.2919960815431334,
            2.162215753997068e-100
        ],
        "spearman": [
            0.29835319584160536,
            6.211685506343468e-105
        ],
        "count": 5079
    },
    "Neo12_avg": {
        "pearson": [
            0.39710546810249825,
            2.1050910014743667e-187
        ],
        "spearman": [
            0.4719545400735705,
            3.506287083706169e-274
        ],
        "count": 4970
    },
    "Neo14_avg": {
        "pearson": [
            0.43182653631951123,
            2.2940216081221796e-234
        ],
        "spearman": [
            0.4549624241328868,
            4.148183605066474e-263
        ],
        "count": 5180
    },
    "Neo18_avg": {
        "pearson": [
            0.38627086898678725,
            1.4388712819426055e-185
        ],
        "spearman": [
            0.37594176735919727,
            4.1556603094607427e-175
        ],
        "count": 5226
    },
    "Paro11_avg": {
        "pearson": [
            0.21011563868508426,
            3.010801961130124e-53
        ],
        "spearman": [
            0.19977243716647086,
            3.331110653010099e-48
        ],
        "count": 5228
    },
    "Paro12_avg": {
        "pearson": [
            0.31865249309553456,
            3.762315577703675e-118
        ],
        "spearman": [
            0.3796853873936975,
            7.225280273032422e-171
        ],
        "count": 4990
    },
    "Paro14_avg": {
        "pearson": [
            0.3975963394815101,
            1.8702977305543304e-187
        ],
        "spearman": [
            0.46191502286024183,
            1.3030239412839427e-260
        ],
        "count": 4958
    },
    "Paro18_avg": {
        "pearson": [
            0.4280907085223188,
            3.433513265440034e-226
        ],
        "spearman": [
            0.4757211222748189,
            4.034357719463198e-286
        ],
        "count": 5095
    },
    "Ribo11_avg": {
        "pearson": [
            0.3246158327740343,
            4.640827291299482e-123
        ],
        "spearman": [
            0.3777329122842347,
            2.3060161405288655e-169
        ],
        "count": 5001
    },
    "Ribo12_avg": {
        "pearson": [
            0.4237639234562498,
            3.3188380360483833e-217
        ],
        "spearman": [
            0.4906096649135336,
            2.500387762729702e-301
        ],
        "count": 5002
    },
    "Ribo14_avg": {
        "pearson": [
            0.4478993774664482,
            2.7261803378980746e-254
        ],
        "spearman": [
            0.47786869609441335,
            4.558812048225783e-294
        ],
        "count": 5184
    },
    "Ribo18_avg": {
        "pearson": [
            0.4360938392059215,
            2.0360504456908091e-240
        ],
        "spearman": [
            0.43172917953269085,
            3.80377401613593e-235
        ],
        "count": 5200
    }
}