{
    "SelectionOne": {
        "pearson": [
            0.33784419610865,
            7.244144717519615e-211
        ],
        "spearman": [
            0.3362097961109638,
            1.0020573075868525e-208
        ],
        "count": 7927
    }
}