{
    "SelectionOne": {
        "pearson": [
            0.3382517881299243,
            4.230567202141343e-215
        ],
        "spearman": [
            0.3463284910599822,
            4.443310353996976e-226
        ],
        "count": 8067
    }
}