{
    "react_rel": {
        "pearson": [
            0.3523693573584189,
            3.3151733169557664e-43
        ],
        "spearman": [
            0.4444345367401012,
            1.5886615156319986e-70
        ],
        "count": 1435
    }
}