{
    "react_rel": {
        "pearson": [
            0.2207825337301373,
            2.6536821918287717e-17
        ],
        "spearman": [
            0.30570386469792954,
            2.0187584769142707e-32
        ],
        "count": 1435
    }
}