{
    "react_rel": {
        "pearson": [
            0.19636807720169494,
            6.124024209860905e-14
        ],
        "spearman": [
            0.2882324131008375,
            7.445696874776371e-29
        ],
        "count": 1435
    }
}