{
    "acetamide_normalized_fitness": {
        "pearson": [
            0.29127176030184077,
            8.86887013685433e-130
        ],
        "spearman": [
            0.39337979690403274,
            2.9205461739463586e-244
        ],
        "count": 6629
    },
    "isobutyramide_normalized_fitness": {
        "pearson": [
            0.49299801313591635,
            0.0
        ],
        "spearman": [
            0.5046767353016289,
            0.0
        ],
        "count": 6568
    },
    "propionamide_normalized_fitness": {
        "pearson": [
            0.36700133007358837,
            1.51994056779377e-210
        ],
        "spearman": [
            0.39758002469319,
            5.234683062923666e-250
        ],
        "count": 6631
    }
}