{
    "acetamide_normalized_fitness": {
        "pearson": [
            0.3033280999967387,
            1.0290389472527334e-140
        ],
        "spearman": [
            0.4144431596562798,
            9.05249637312938e-273
        ],
        "count": 6610
    },
    "isobutyramide_normalized_fitness": {
        "pearson": [
            0.512357085857717,
            0.0
        ],
        "spearman": [
            0.5220142789407061,
            0.0
        ],
        "count": 6548
    },
    "propionamide_normalized_fitness": {
        "pearson": [
            0.3858071224201927,
            1.3034942225531489e-233
        ],
        "spearman": [
            0.4205535344111908,
            1.100005712867895e-281
        ],
        "count": 6611
    }
}