{
    "screenscore": {
        "pearson": [
            0.26039516230655557,
            3.4912445326436035e-54
        ],
        "spearman": [
            0.2676349324796729,
            3.003518773208973e-57
        ],
        "count": 3424
    }
}