{
    "screenscore": {
        "pearson": [
            0.2097682140782741,
            2.0558524324209257e-32
        ],
        "spearman": [
            0.2144654293936404,
            7.735142146019258e-34
        ],
        "count": 3125
    }
}