{
    "ETP_AVERAGE": {
        "pearson": [
            0.1320781237966242,
            1.2169449263030679e-26
        ],
        "spearman": [
            0.1348184315847978,
            1.0659471350019827e-27
        ],
        "count": 6488
    },
    "DOX_Average": {
        "pearson": [
            -0.056716058390744506,
            4.850055845138074e-06
        ],
        "spearman": [
            -0.08113983307633879,
            5.941754405671709e-11
        ],
        "count": 6488
    },
    "SCH_Average": {
        "pearson": [
            0.1474382079080157,
            7.421441561415404e-33
        ],
        "spearman": [
            0.1416990090999644,
            1.881678297570153e-30
        ],
        "count": 6488
    },
    "VRT_AVERAGE": {
        "pearson": [
            0.16056568110924269,
            1.0014710489431383e-38
        ],
        "spearman": [
            0.1681251917522674,
            2.4217420085852617e-42
        ],
        "count": 6488
    }
}