{
    "ETP_AVERAGE": {
        "pearson": [
            0.11768989940190369,
            1.9671635861431509e-22
        ],
        "spearman": [
            0.12136777897581325,
            9.168433251487752e-24
        ],
        "count": 6809
    },
    "DOX_Average": {
        "pearson": [
            -0.05627450189158398,
            3.3775531295595853e-06
        ],
        "spearman": [
            -0.0714378067378539,
            3.6071904325207e-09
        ],
        "count": 6809
    },
    "SCH_Average": {
        "pearson": [
            0.12554149032991774,
            2.5179915747781203e-25
        ],
        "spearman": [
            0.11572766565576027,
            9.712949435525417e-22
        ],
        "count": 6809
    },
    "VRT_AVERAGE": {
        "pearson": [
            0.1336005875039512,
            1.7168765889985384e-28
        ],
        "spearman": [
            0.134979124936851,
            4.710094288045733e-29
        ],
        "count": 6809
    }
}