{
    "SelectionTwo": {
        "pearson": [
            0.49225561082858277,
            0.0
        ],
        "spearman": [
            0.5137456118570889,
            0.0
        ],
        "count": 8329
    }
}