{
    "Ami11_avg": {
        "pearson": [
            0.2261250428887272,
            9.022647786012635e-60
        ],
        "spearman": [
            0.1701174688808061,
            3.2384965741177956e-34
        ],
        "count": 5068
    },
    "Ami12_avg": {
        "pearson": [
            0.39183108176944537,
            9.217644883300341e-180
        ],
        "spearman": [
            0.4169338924666501,
            1.2172684837905125e-205
        ],
        "count": 4906
    },
    "Ami14_avg": {
        "pearson": [
            0.3584567800842115,
            1.2437188446217953e-147
        ],
        "spearman": [
            0.3736222523655711,
            3.3206661926706713e-161
        ],
        "count": 4871
    },
    "Ami18_avg": {
        "pearson": [
            0.038817688225054214,
            0.005656460461827154
        ],
        "spearman": [
            0.05274348524834004,
            0.00016927732159935661
        ],
        "count": 5080
    },
    "G41811_avg": {
        "pearson": [
            0.35702441783799943,
            2.0005739170472332e-147
        ],
        "spearman": [
            0.33543126328490885,
            2.6436830694929054e-129
        ],
        "count": 4906
    },
    "G41812_avg": {
        "pearson": [
            0.40779350249278296,
            1.2266574492520848e-192
        ],
        "spearman": [
            0.46841512081160774,
            1.334070286791584e-261
        ],
        "count": 4822
    },
    "G41814_avg": {
        "pearson": [
            0.3589120187827499,
            2.289981382333132e-153
        ],
        "spearman": [
            0.4052090796589175,
            7.498146061730038e-199
        ],
        "count": 5049
    },
    "Kan11_avg": {
        "pearson": [
            0.39620590896386587,
            3.1976891401927563e-183
        ],
        "spearman": [
            0.34994588876349786,
            1.2072421948003616e-140
        ],
        "count": 4882
    },
    "Kan12_avg": {
        "pearson": [
            0.4433249952154028,
            4.588124591971882e-227
        ],
        "spearman": [
            0.47820912151682204,
            4.8875666975391496e-269
        ],
        "count": 4732
    },
    "Kan14_avg": {
        "pearson": [
            0.4074433353707262,
            3.465259235212295e-193
        ],
        "spearman": [
            0.4556694305645722,
            4.4507687649440576e-247
        ],
        "count": 4845
    },
    "Kan18_avg": {
        "pearson": [
            0.3794723422692911,
            1.0036787071136102e-172
        ],
        "spearman": [
            0.4268407156899451,
            8.066286338962349e-223
        ],
        "count": 5051
    },
    "Neo11_avg": {
        "pearson": [
            0.3883553680006564,
            3.95597965700409e-178
        ],
        "spearman": [
            0.31754399660965893,
            1.633073294759311e-116
        ],
        "count": 4956
    },
    "Neo12_avg": {
        "pearson": [
            0.4468598641045828,
            4.707134386442356e-237
        ],
        "spearman": [
            0.4892524979184305,
            1.09454779427555e-290
        ],
        "count": 4855
    },
    "Neo14_avg": {
        "pearson": [
            0.41291367596481343,
            9.829245287246677e-206
        ],
        "spearman": [
            0.45445698851508026,
            4.1301509077788596e-254
        ],
        "count": 5014
    },
    "Neo18_avg": {
        "pearson": [
            0.3240061048661829,
            7.386855783048193e-124
        ],
        "spearman": [
            0.36447032587923495,
            1.3439566185202412e-158
        ],
        "count": 5054
    },
    "Paro11_avg": {
        "pearson": [
            0.27237447955272603,
            7.937785491628163e-87
        ],
        "spearman": [
            0.2146977125271563,
            7.14185186899921e-54
        ],
        "count": 5063
    },
    "Paro12_avg": {
        "pearson": [
            0.4069319221801906,
            7.0031759472797e-194
        ],
        "spearman": [
            0.4072214750679812,
            3.5150160719288103e-194
        ],
        "count": 4876
    },
    "Paro14_avg": {
        "pearson": [
            0.4329950270037349,
            3.395324990427022e-220
        ],
        "spearman": [
            0.4698546939091607,
            4.040647221616421e-264
        ],
        "count": 4835
    },
    "Paro18_avg": {
        "pearson": [
            0.4388162722549942,
            6.154082122174941e-232
        ],
        "spearman": [
            0.4750672280361738,
            5.983318550273933e-277
        ],
        "count": 4946
    },
    "Ribo11_avg": {
        "pearson": [
            0.4113697417055785,
            4.571713530901854e-199
        ],
        "spearman": [
            0.39574570884479676,
            4.64635094723305e-183
        ],
        "count": 4890
    },
    "Ribo12_avg": {
        "pearson": [
            0.4699686377164644,
            2.5176571314004504e-266
        ],
        "spearman": [
            0.5006134216128885,
            1.5997575874857369e-307
        ],
        "count": 4873
    },
    "Ribo14_avg": {
        "pearson": [
            0.4374395037397366,
            7.671712620527966e-234
        ],
        "spearman": [
            0.47413998486497894,
            6.189286986263059e-280
        ],
        "count": 5022
    },
    "Ribo18_avg": {
        "pearson": [
            0.3938187830548125,
            2.2020760366545526e-186
        ],
        "spearman": [
            0.4239330906780388,
            9.910583241097183e-219
        ],
        "count": 5033
    }
}