{
    "Ami11_avg": {
        "pearson": [
            0.24600942569110218,
            3.748114860854832e-73
        ],
        "spearman": [
            0.19295886671323859,
            3.5910171580828025e-45
        ],
        "count": 5245
    },
    "Ami12_avg": {
        "pearson": [
            0.4057292888952689,
            2.744109352704367e-199
        ],
        "spearman": [
            0.4248458073590975,
            2.51451484138452e-220
        ],
        "count": 5046
    },
    "Ami14_avg": {
        "pearson": [
            0.3714902734255707,
            2.542363284886075e-163
        ],
        "spearman": [
            0.37976592812518634,
            3.50193962620624e-171
        ],
        "count": 4997
    },
    "Ami18_avg": {
        "pearson": [
            0.04757291697595205,
            0.0005590432612718148
        ],
        "spearman": [
            0.05442904471680358,
            7.855989928959821e-05
        ],
        "count": 5258
    },
    "G41811_avg": {
        "pearson": [
            0.37454601979514135,
            5.268919313271622e-168
        ],
        "spearman": [
            0.3576464653617459,
            2.583948286535054e-152
        ],
        "count": 5052
    },
    "G41812_avg": {
        "pearson": [
            0.4161606576976501,
            5.3101750917094355e-207
        ],
        "spearman": [
            0.47660800262765635,
            1.0294496285343419e-279
        ],
        "count": 4959
    },
    "G41814_avg": {
        "pearson": [
            0.35909898376551885,
            8.072232692625164e-159
        ],
        "spearman": [
            0.40198195244897633,
            3.511806177732605e-202
        ],
        "count": 5225
    },
    "Kan11_avg": {
        "pearson": [
            0.4157258739989376,
            1.49726541849853e-208
        ],
        "spearman": [
            0.37416149685116507,
            3.4057948916435096e-166
        ],
        "count": 5008
    },
    "Kan12_avg": {
        "pearson": [
            0.4466446501209205,
            2.871559144647334e-236
        ],
        "spearman": [
            0.48600211317543746,
            1.171922422695266e-285
        ],
        "count": 4844
    },
    "Kan14_avg": {
        "pearson": [
            0.4085369958476889,
            2.3925162353521526e-200
        ],
        "spearman": [
            0.4605572490567135,
            6.423175330738838e-261
        ],
        "count": 4997
    },
    "Kan18_avg": {
        "pearson": [
            0.37278704159629417,
            6.361060159982447e-172
        ],
        "spearman": [
            0.42145143363824206,
            4.682344031448304e-224
        ],
        "count": 5224
    },
    "Neo11_avg": {
        "pearson": [
            0.4011252998472963,
            1.108006590929791e-195
        ],
        "spearman": [
            0.34102674750101003,
            1.6274165686030034e-138
        ],
        "count": 5079
    },
    "Neo12_avg": {
        "pearson": [
            0.44248086826595745,
            2.2194720464695116e-237
        ],
        "spearman": [
            0.4920155954056538,
            2.223057353857393e-301
        ],
        "count": 4970
    },
    "Neo14_avg": {
        "pearson": [
            0.3993061514557476,
            1.3940503341356813e-197
        ],
        "spearman": [
            0.4434917308940315,
            1.4036647341357496e-248
        ],
        "count": 5180
    },
    "Neo18_avg": {
        "pearson": [
            0.31729346426079935,
            1.4820751507366886e-122
        ],
        "spearman": [
            0.35544440589474663,
            1.8928503616036375e-155
        ],
        "count": 5226
    },
    "Paro11_avg": {
        "pearson": [
            0.2931664271863029,
            3.92289529497686e-104
        ],
        "spearman": [
            0.23478321500925148,
            2.1191693562619117e-66
        ],
        "count": 5228
    },
    "Paro12_avg": {
        "pearson": [
            0.41604709241892124,
            3.693764024028581e-208
        ],
        "spearman": [
            0.427869569737557,
            2.553399347225613e-221
        ],
        "count": 4990
    },
    "Paro14_avg": {
        "pearson": [
            0.4480073301717323,
            2.010976706909639e-243
        ],
        "spearman": [
            0.48372186488623076,
            3.212527453490587e-289
        ],
        "count": 4958
    },
    "Paro18_avg": {
        "pearson": [
            0.44020965473533463,
            1.5212488884732672e-240
        ],
        "spearman": [
            0.47995527042550046,
            6.347771055016481e-292
        ],
        "count": 5095
    },
    "Ribo11_avg": {
        "pearson": [
            0.4209446531528538,
            5.167691484257474e-214
        ],
        "spearman": [
            0.41278040199566235,
            4.622811744962938e-205
        ],
        "count": 5001
    },
    "Ribo12_avg": {
        "pearson": [
            0.4668603959019475,
            2.8658667558616105e-269
        ],
        "spearman": [
            0.5046055360866758,
            0.0
        ],
        "count": 5002
    },
    "Ribo14_avg": {
        "pearson": [
            0.431260329771721,
            7.20246321396482e-234
        ],
        "spearman": [
            0.47197818004576564,
            6.221663571136626e-286
        ],
        "count": 5184
    },
    "Ribo18_avg": {
        "pearson": [
            0.38053422002882137,
            7.920310313219752e-179
        ],
        "spearman": [
            0.41143753425311663,
            1.2325903284517762e-211
        ],
        "count": 5200
    }
}