{
    "fitness_min": {
        "pearson": [
            0.5724381614971027,
            2.072916772225492e-124
        ],
        "spearman": [
            0.27990442013211786,
            5.67514882051135e-27
        ],
        "count": 1420
    },
    "fitness_rich": {
        "pearson": [
            0.5384653296288756,
            1.4460430416231648e-107
        ],
        "spearman": [
            0.3569807346860243,
            6.264073929625834e-44
        ],
        "count": 1420
    }
}