{
    "fitness_min": {
        "pearson": [
            0.535062413890592,
            2.2315240954760666e-107
        ],
        "spearman": [
            0.27748843932868833,
            7.478665797952102e-27
        ],
        "count": 1439
    },
    "fitness_rich": {
        "pearson": [
            0.5070254448742009,
            7.785469993485715e-95
        ],
        "spearman": [
            0.3587175406349545,
            6.09041095943154e-45
        ],
        "count": 1439
    }
}