{
    "screenscore": {
        "pearson": [
            0.26431522968520393,
            4.140163458344746e-51
        ],
        "spearman": [
            0.2801078301695379,
            1.969218539213764e-57
        ],
        "count": 3125
    }
}