{
    "screenscore": {
        "pearson": [
            0.26556301599439047,
            2.3157883378084035e-56
        ],
        "spearman": [
            0.2750799072713141,
            1.6776205980004155e-60
        ],
        "count": 3424
    }
}