{
    "enrichment": {
        "pearson": [
            0.4400819180955675,
            1.3711673320405902e-147
        ],
        "spearman": [
            0.5559085389723409,
            5.821666065947786e-252
        ],
        "count": 3112
    }
}