{
    "enrichment": {
        "pearson": [
            0.44267271456201907,
            6.529004079722453e-168
        ],
        "spearman": [
            0.567183368302586,
            3.436860032623732e-297
        ],
        "count": 3500
    }
}