{
    "enrichment": {
        "pearson": [
            0.4572565218079267,
            1.2244882627773727e-160
        ],
        "spearman": [
            0.573338596771815,
            1.717773802476977e-271
        ],
        "count": 3112
    }
}