{
    "1A7V": {
        "pearson": [
            -0.3348564888413933,
            0.2634099778058734
        ],
        "spearman": [
            -0.23140583675324164,
            0.44684092176262336
        ],
        "count": 13
    },
    "1BA3": {
        "pearson": [
            -0.9039319584280167,
            0.09606804157198345
        ],
        "spearman": [
            -0.39999999999999997,
            0.6
        ],
        "count": 4
    },
    "1BFM": {
        "pearson": [
            1.0,
            1.0
        ],
        "spearman": [
            0.9999999999999999,
            NaN
        ],
        "count": 2
    },
    "1D5G": {
        "pearson": [
            1.0,
            1.0
        ],
        "spearman": [
            0.9999999999999999,
            NaN
        ],
        "count": 2
    },
    "1DIV": {
        "pearson": [
            -0.7482636022945155,
            4.2042180553467456e-10
        ],
        "spearman": [
            -0.7311931250511717,
            1.6391480543256726e-09
        ],
        "count": 50
    },
    "1EKG": {
        "pearson": [
            -0.5436505725965053,
            0.4563494274034947
        ],
        "spearman": [
            -0.39999999999999997,
            0.6
        ],
        "count": 4
    },
    "1FT8": {
        "pearson": [
            -0.7769433265421457,
            0.001780445000954158
        ],
        "spearman": [
            -0.8076923076923077,
            0.0008391600097274243
        ],
        "count": 13
    },
    "1FXA": {
        "pearson": [
            -0.7394301675248984,
            0.009304108706188056
        ],
        "spearman": [
            -0.790909090909091,
            0.003746082953397406
        ],
        "count": 11
    },
    "1G3P": {
        "pearson": [
            -0.545474026281751,
            0.0032533600299616957
        ],
        "spearman": [
            -0.39157001808179265,
            0.04339876417037134
        ],
        "count": 27
    },
    "1GUA": {
        "pearson": [
            -0.7519241224847022,
            4.744367498308021e-10
        ],
        "spearman": [
            -0.8015306122448979,
            4.5523132784401746e-12
        ],
        "count": 49
    },
    "1H0X": {
        "pearson": [
            1.0,
            1.0
        ],
        "spearman": [
            0.9999999999999999,
            NaN
        ],
        "count": 2
    },
    "1HCQ": {
        "pearson": [
            1.0,
            1.0
        ],
        "spearman": [
            0.9999999999999999,
            NaN
        ],
        "count": 2
    },
    "1ITM": {
        "pearson": [
            0.9688607809765073,
            0.159287770741875
        ],
        "spearman": [
            1.0,
            0.0
        ],
        "count": 3
    },
    "1IV7": {
        "pearson": [
            -0.9995448863600622,
            0.019207529953508436
        ],
        "spearman": [
            -1.0,
            0.0
        ],
        "count": 3
    },
    "1J8I": {
        "pearson": [
            -0.04825770429535142,
            0.9276696349732032
        ],
        "spearman": [
            -0.35309393180189985,
            0.4923701525912946
        ],
        "count": 6
    },
    "1JLV": {
        "pearson": [
            0.8394478078200417,
            0.3657571628017878
        ],
        "spearman": [
            0.5,
            0.6666666666666667
        ],
        "count": 3
    },
    "1L6H": {
        "pearson": [
            -0.9312343436690623,
            0.2374660961950764
        ],
        "spearman": [
            -0.5,
            0.6666666666666667
        ],
        "count": 3
    },
    "1LVM": {
        "pearson": [
            -0.19576695427984703,
            0.7523431770578928
        ],
        "spearman": [
            0.05129891760425771,
            0.934712848108234
        ],
        "count": 5
    },
    "1N18": {
        "pearson": [
            -0.48345932086667365,
            0.5165406791333265
        ],
        "spearman": [
            -0.6000000000000001,
            0.3999999999999999
        ],
        "count": 4
    },
    "1N88": {
        "pearson": [
            -0.35739895259044985,
            0.15901864188345088
        ],
        "spearman": [
            -0.46531693395149465,
            0.059807720842360114
        ],
        "count": 17
    },
    "1NM1": {
        "pearson": [
            -1.0,
            1.0
        ],
        "spearman": [
            -0.9999999999999999,
            NaN
        ],
        "count": 2
    },
    "1O1U": {
        "pearson": [
            -0.6102163850601239,
            0.1982867405787704
        ],
        "spearman": [
            -0.3946648814672956,
            0.43873925151701676
        ],
        "count": 6
    },
    "1O6X": {
        "pearson": [
            -0.17687220092625,
            0.45568158338302894
        ],
        "spearman": [
            -0.23777282878521744,
            0.3127556071349127
        ],
        "count": 20
    },
    "1OSI": {
        "pearson": [
            -0.6242775892850594,
            0.3757224107149406
        ],
        "spearman": [
            -0.39999999999999997,
            0.6
        ],
        "count": 4
    },
    "1PFL": {
        "pearson": [
            -0.5750044466780792,
            0.3105091884713435
        ],
        "spearman": [
            -0.3,
            0.6238376647810728
        ],
        "count": 5
    },
    "1PRG": {
        "pearson": [
            -0.17429104887879338,
            0.7085878873349771
        ],
        "spearman": [
            -0.10714285714285716,
            0.8191508555699912
        ],
        "count": 7
    },
    "1R6R": {
        "pearson": [
            -0.46790632447572905,
            0.5320936755242709
        ],
        "spearman": [
            0.19999999999999998,
            0.8
        ],
        "count": 4
    },
    "1SPD": {
        "pearson": [
            -1.0,
            1.0
        ],
        "spearman": [
            -0.9999999999999999,
            NaN
        ],
        "count": 2
    },
    "1X0J": {
        "pearson": [
            -0.601173772426094,
            0.15335869411606629
        ],
        "spearman": [
            -0.642857142857143,
            0.11939237342741094
        ],
        "count": 7
    },
    "1XWS": {
        "pearson": [
            0.3739982225165236,
            0.6260017774834763
        ],
        "spearman": [
            0.19999999999999998,
            0.8
        ],
        "count": 4
    },
    "1XXN": {
        "pearson": [
            -0.15445028737528602,
            0.8041324610476216
        ],
        "spearman": [
            0.10259783520851543,
            0.8695979205185651
        ],
        "count": 5
    },
    "1XZO": {
        "pearson": [
            -0.17986058961408785,
            0.8201394103859121
        ],
        "spearman": [
            -0.19999999999999998,
            0.8
        ],
        "count": 4
    },
    "2BJD": {
        "pearson": [
            -0.9678237320864329,
            0.16193263556793858
        ],
        "spearman": [
            -1.0,
            0.0
        ],
        "count": 3
    },
    "2C9Q": {
        "pearson": [
            -1.0,
            1.0
        ],
        "spearman": [
            -0.9999999999999999,
            NaN
        ],
        "count": 2
    },
    "2CLR": {
        "pearson": [
            -0.9356721720036535,
            0.06432782799634662
        ],
        "spearman": [
            -1.0,
            0.0
        ],
        "count": 4
    },
    "2DVV": {
        "pearson": [
            -1.0,
            1.0
        ],
        "spearman": [
            -0.9999999999999999,
            NaN
        ],
        "count": 2
    },
    "2HBB": {
        "pearson": [
            -0.7212676256319128,
            1.5635511971660552e-08
        ],