{
    "fitness": {
        "pearson": [
            0.4232457786975765,
            4.547766505369732e-67
        ],
        "spearman": [
            0.40169599371431797,
            5.47275197475079e-60
        ],
        "count": 1519
    }
}