{
    "fitness": {
        "pearson": [
            0.4142850942997568,
            4.624185641906047e-64
        ],
        "spearman": [
            0.3926864611803864,
            3.525953809683352e-57
        ],
        "count": 1519
    }
}