{
    "SelectionTwo": {
        "pearson": [
            0.38265768465866656,
            1.2003254185020845e-288
        ],
        "spearman": [
            0.4199137839526517,
            0.0
        ],
        "count": 8329
    }
}