{
    "log_proba_mt__minus__log_proba_wt vs. IFN_gamma (pg/ml)": {
        "Sr": 0.4418126396597592,
        "Sr_pval": 1.3017653267669021e-09,
        "Pr": 0.506536285878294,
        "Pr_pval": 1.3470752062915973e-12,
        "num": 172
    },
    "blosum vs. IFN_gamma (pg/ml)": {
        "Sr": 0.2174733347098187,
        "Sr_pval": 0.00416064211939098,
        "Pr": 0.24663740792014044,
        "Pr_pval": 0.001107979454142637,
        "num": 172
    },
    "blosum vs. log_proba_mt__minus__log_proba_wt": {
        "Sr": 0.2627211582293468,
        "Sr_pval": 0.0004980591607651976,
        "Pr": 0.29500694953251644,
        "Pr_pval": 8.545514969508552e-05,
        "num": 172
    },
    "combined_score vs. IFN_gamma (pg/ml)": {
        "Sr": 0.4476425189704131,
        "Sr_pval": 7.422052941816746e-10,
        "Pr": 0.5016119463659852,
        "Pr_pval": 2.3941373977404772e-12,
        "num": 172
    }
}