{
    "attenuated": {
        "pearson": [
            0.04611800983769326,
            0.00981929310071824
        ],
        "spearman": [
            0.0475539330306376,
            0.0077536010423483286
        ],
        "count": 3134
    },
    "regulated": {
        "pearson": [
            0.3032020556355402,
            1.2152303665397308e-67
        ],
        "spearman": [
            0.30578246456352864,
            7.999249404715981e-69
        ],
        "count": 3134
    },
    "unregulated": {
        "pearson": [
            0.2851506565952872,
            1.0455412950520599e-59
        ],
        "spearman": [
            0.2981835563530834,
            2.231021493053025e-65
        ],
        "count": 3134
    }
}