{
    "attenuated": {
        "pearson": [
            0.019374170341950134,
            0.27824217632710035
        ],
        "spearman": [
            0.02526771249054785,
            0.15730257204393372
        ],
        "count": 3134
    },
    "regulated": {
        "pearson": [
            0.27484743871790657,
            1.964293612081634e-55
        ],
        "spearman": [
            0.2890679167692089,
            2.219299664192865e-61
        ],
        "count": 3134
    },
    "unregulated": {
        "pearson": [
            0.27384353454565835,
            5.010697624831817e-55
        ],
        "spearman": [
            0.2947829020649461,
            7.195113650121484e-64
        ],
        "count": 3134
    }
}