{
    "attenuated": {
        "pearson": [
            -0.01713605766514797,
            0.3375582942586291
        ],
        "spearman": [
            0.004152039797943039,
            0.8162674629368778
        ],
        "count": 3134
    },
    "regulated": {
        "pearson": [
            0.3049046374202712,
            2.0247256262236337e-68
        ],
        "spearman": [
            0.3132691274268472,
            2.549958572080726e-72
        ],
        "count": 3134
    },
    "unregulated": {
        "pearson": [
            0.30631737031376927,
            4.535291423152725e-69
        ],
        "spearman": [
            0.3293010544724726,
            3.7298626870970425e-80
        ],
        "count": 3134
    }
}