{
    "selection_coefficient": {
        "pearson": [
            0.26555577132885333,
            9.233495841735957e-70
        ],
        "spearman": [
            0.18553315388247263,
            2.4522145780867406e-34
        ],
        "count": 4265
    }
}