{
    "enrichment": {
        "pearson": [
            0.4179830882880117,
            4.040744480271805e-132
        ],
        "spearman": [
            0.546745707304472,
            1.2953646888813436e-242
        ],
        "count": 3118
    }
}