{
    "enrichment": {
        "pearson": [
            0.4036004606048692,
            2.9311215492808087e-137
        ],
        "spearman": [
            0.5411748700547643,
            1.480181237940352e-265
        ],
        "count": 3500
    }
}