{
    "enrichment": {
        "pearson": [
            0.4268621076983926,
            2.6246533661214694e-138
        ],
        "spearman": [
            0.5527511518600995,
            5.065943379312667e-249
        ],
        "count": 3118
    }
}