{
    "ddG_stat": {
        "pearson": [
            -0.48790201976573555,
            9.97964078924e-313
        ],
        "spearman": [
            -0.49559548892777044,
            0.0
        ],
        "count": 5259
    }
}