{
    "1AMQ": {
        "pearson": [
            -0.5426319138649851,
            0.4573680861350149
        ],
        "spearman": [
            -0.7999999999999999,
            0.20000000000000007
        ],
        "count": 4
    },
    "1BNI": {
        "pearson": [
            -0.6561831258000117,
            0.014863059527806262
        ],
        "spearman": [
            -0.7217658241589203,
            0.005346337987933916
        ],
        "count": 13
    },
    "1CEY": {
        "pearson": [
            0.9803766281384543,
            0.12632656875297318
        ],
        "spearman": [
            1.0,
            0.0
        ],
        "count": 3
    },
    "1EY0": {
        "pearson": [
            -0.49727525906190906,
            0.007096350983996392
        ],
        "spearman": [
            -0.4551555222587738,
            0.014944471687451392
        ],
        "count": 28
    },
    "1IHB": {
        "pearson": [
            -0.8505729870207778,
            0.352510606689145
        ],
        "spearman": [
            -1.0,
            0.0
        ],
        "count": 3
    },
    "1L63": {
        "pearson": [
            -0.7015796041387358,
            8.881048387578284e-19
        ],
        "spearman": [
            -0.7568838375426175,
            3.6252839233135636e-23
        ],
        "count": 118
    },
    "1LZ1": {
        "pearson": [
            -0.565390254381057,
            1.6847374201255954e-06
        ],
        "spearman": [
            -0.5902661757165902,
            4.4350240880809465e-07
        ],
        "count": 62
    },
    "1OH0": {
        "pearson": [
            -1.0,
            1.0
        ],
        "spearman": [
            -0.9999999999999999,
            NaN
        ],
        "count": 2
    },
    "1VQB": {
        "pearson": [
            -0.1095532949504646,
            0.8607919370090957
        ],
        "spearman": [
            -0.09999999999999999,
            0.8728885715695383
        ],
        "count": 5
    },
    "2LZM": {
        "pearson": [
            -0.6703083950305222,
            7.448920337248866e-10
        ],
        "spearman": [
            -0.6524841710315098,
            2.9220623507960237e-09
        ],
        "count": 66
    },
    "2RN2": {
        "pearson": [
            -0.6533079866685464,
            0.0032819852197007717
        ],
        "spearman": [
            -0.48550958767710056,
            0.041100140338999086
        ],
        "count": 18
    },
    "3ZCF": {
        "pearson": [
            1.0,
            1.0
        ],
        "spearman": [
            0.9999999999999999,
            NaN
        ],
        "count": 2
    },
    "4BVM": {
        "pearson": [
            -0.16989655311645702,
            0.7847262118719308
        ],
        "spearman": [
            0.3,
            0.6238376647810728
        ],
        "count": 5
    },
    "4LYZ": {
        "pearson": [
            -0.381337752768045,
            0.17852329907792613
        ],
        "spearman": [
            -0.4088460188812741,
            0.14664498103721557
        ],
        "count": 14
    },
    "5PTI": {
        "pearson": [
            -0.29470117981575433,
            0.6302791602996084
        ],
        "spearman": [
            -0.3,
            0.6238376647810728
        ],
        "count": 5
    },
    "overall": {
        "pearson": [
            -0.6387024905262204,
            9.692009542628934e-42
        ],
        "spearman": [
            -0.6763997560669092,
            2.068076642231837e-48
        ],
        "count": 352
    }
}