{
    "Caffeine": {
        "pearson": [
            0.32008541304803406,
            4.5115232625000746e-32
        ],
        "spearman": [
            0.3067745526312839,
            1.8053437272891126e-29
        ],
        "count": 1288
    },
    "DMSO": {
        "pearson": [
            0.30104976685145074,
            3.860296371540812e-29
        ],
        "spearman": [
            0.2769025814051698,
            9.872471203322064e-25
        ],
        "count": 1324
    },
    "DTT": {
        "pearson": [
            0.3015909269341105,
            2.078580824438229e-28
        ],
        "spearman": [
            0.28825368887313746,
            5.443071969570243e-26
        ],
        "count": 1284
    },
    "HU": {
        "pearson": [
            0.2875326302440201,
            1.177325981115793e-25
        ],
        "spearman": [
            0.2407755160729231,
            3.0206177585719673e-18
        ],
        "count": 1273
    },
    "MG132": {
        "pearson": [
            0.32460227642748074,
            6.862392920328762e-32
        ],
        "spearman": [
            0.2632962048720099,
            3.708274597942493e-21
        ],
        "count": 1243
    }
}