{
    "Caffeine": {
        "pearson": [
            0.3012772594366113,
            1.962448277229253e-28
        ],
        "spearman": [
            0.29102085461377974,
            1.469400504585115e-26
        ],
        "count": 1288
    },
    "DMSO": {
        "pearson": [
            0.2641811445404416,
            1.4015198962059983e-22
        ],
        "spearman": [
            0.23739577884229357,
            2.0343198422310787e-18
        ],
        "count": 1324
    },
    "DTT": {
        "pearson": [
            0.2911671550663959,
            1.6540604308340316e-26
        ],
        "spearman": [
            0.29127382035804195,
            1.583060619478756e-26
        ],
        "count": 1284
    },
    "HU": {
        "pearson": [
            0.24569268234532723,
            5.886071774552812e-19
        ],
        "spearman": [
            0.17786425412698964,
            1.6498856641579456e-10
        ],
        "count": 1273
    },
    "MG132": {
        "pearson": [
            0.2791110195797173,
            1.1195547198851662e-23
        ],
        "spearman": [
            0.2218858701042332,
            2.495834767705498e-15
        ],
        "count": 1243
    }
}