{
    "Caffeine": {
        "pearson": [
            0.29021606403732286,
            2.0464376656783126e-26
        ],
        "spearman": [
            0.288415357823326,
            4.2775781196051855e-26
        ],
        "count": 1288
    },
    "DMSO": {
        "pearson": [
            0.24491459902883683,
            1.5484046786123908e-19
        ],
        "spearman": [
            0.22103083831012077,
            4.0909241060186164e-16
        ],
        "count": 1324
    },
    "DTT": {
        "pearson": [
            0.2628906246037639,
            9.707405164584612e-22
        ],
        "spearman": [
            0.26963390657647834,
            7.950194499914714e-23
        ],
        "count": 1284
    },
    "HU": {
        "pearson": [
            0.2256105048390818,
            3.732575050084623e-16
        ],
        "spearman": [
            0.1663746191919593,
            2.3445244980626726e-09
        ],
        "count": 1273
    },
    "MG132": {
        "pearson": [
            0.26342302396972933,
            3.5450722827451505e-21
        ],
        "spearman": [
            0.2179703093892512,
            7.805873123884766e-15
        ],
        "count": 1243
    }
}