{
    "2LZM": {
        "pearson": [
            -0.7387146772201809,
            9.177582382192169e-07
        ],
        "spearman": [
            -0.7483485645641113,
            5.520273064584846e-07
        ],
        "count": 33
    }
}