{
    "2LZM": {
        "pearson": [
            -0.8000593891978329,
            2.308984413756854e-08
        ],
        "spearman": [
            -0.7540356122161408,
            4.045590610708468e-07
        ]
    }
}