{
    "2LZM": {
        "pearson": [
            -0.800056955228809,
            2.3093781379146874e-08
        ],
        "spearman": [
            -0.7540356122161408,
            4.045590610708468e-07
        ],
        "count": 33
    }
}