{
    "2LZM": {
        "pearson": [
            -0.738714677220181,
            9.17758238219207e-07
        ],
        "spearman": [
            -0.7483485645641113,
            5.520273064584846e-07
        ],
        "count": 33
    }
}