{
    "2LZM": {
        "pearson": [
            -0.7387149592465824,
            9.177448758220859e-07
        ],
        "spearman": [
            -0.7483485645641113,
            5.520273064584846e-07
        ]
    }
}