{
    "2LZM": {
        "pearson": [
            -0.738715977044627,
            9.176966540783098e-07
        ],
        "spearman": [
            -0.7483485645641113,
            5.520273064584846e-07
        ],
        "count": 33
    }
}