{
    "2LZM": {
        "pearson": [
            -0.8000593891978328,
            2.3089844137568884e-08
        ],
        "spearman": [
            -0.7540356122161408,
            4.045590610708468e-07
        ],
        "count": 33
    }
}