{
    "linear": {
        "pearson": [
            0.5354691100245665,
            0.0
        ],
        "spearman": [
            0.5565768254910978,
            0.0
        ],
        "count": 5468
    }
}