{
    "1A7V": {
        "pearson": [
            -0.28741578718751376,
            0.3410069249183755
        ],
        "spearman": [
            -0.24793482509275888,
            0.41407779088907426
        ],
        "count": 13
    },
    "1BA3": {
        "pearson": [
            -0.8561191675232384,
            0.14388083247676153
        ],
        "spearman": [
            -0.39999999999999997,
            0.6
        ],
        "count": 4
    },
    "1BFM": {
        "pearson": [
            1.0,
            1.0
        ],
        "spearman": [
            0.9999999999999999,
            NaN
        ],
        "count": 2
    },
    "1D5G": {
        "pearson": [
            1.0,
            1.0
        ],
        "spearman": [
            0.9999999999999999,
            NaN
        ],
        "count": 2
    },
    "1DIV": {
        "pearson": [
            -0.7808133211416636,
            2.2672080337071534e-11
        ],
        "spearman": [
            -0.7386366384087791,
            9.173707649953158e-10
        ],
        "count": 50
    },
    "1EKG": {
        "pearson": [
            -0.23224214530344833,
            0.7677578546965518
        ],
        "spearman": [
            0.19999999999999998,
            0.8
        ],
        "count": 4
    },
    "1FT8": {
        "pearson": [
            -0.8418789794665833,
            0.00030662530177397125
        ],
        "spearman": [
            -0.8296703296703297,
            0.0004502862955462125
        ],
        "count": 13
    },
    "1FXA": {
        "pearson": [
            -0.6484726791050743,
            0.030909558136067324
        ],
        "spearman": [
            -0.7090909090909092,
            0.014552051953727704
        ],
        "count": 11
    },
    "1G3P": {
        "pearson": [
            -0.3304458685909195,
            0.0922848026994235
        ],
        "spearman": [
            -0.09102017580996427,
            0.6516188740200475
        ],
        "count": 27
    },
    "1GUA": {
        "pearson": [
            -0.7827435634986775,
            3.0476682085497264e-11
        ],
        "spearman": [
            -0.8297959183673469,
            1.7176808238233876e-13
        ],
        "count": 49
    },
    "1H0X": {
        "pearson": [
            1.0,
            1.0
        ],
        "spearman": [
            0.9999999999999999,
            NaN
        ],
        "count": 2
    },
    "1HCQ": {
        "pearson": [
            1.0,
            1.0
        ],
        "spearman": [
            0.9999999999999999,
            NaN
        ],
        "count": 2
    },
    "1ITM": {
        "pearson": [
            0.5089674136764142,
            0.6600547318295455
        ],
        "spearman": [
            0.5,
            0.6666666666666667
        ],
        "count": 3
    },
    "1IV7": {
        "pearson": [
            -0.9996268495118705,
            0.017392044323002905
        ],
        "spearman": [
            -1.0,
            0.0
        ],
        "count": 3
    },
    "1J8I": {
        "pearson": [
            -0.6645608731711969,
            0.14990740575835534
        ],
        "spearman": [
            -0.7356123579206245,
            0.09561078073827967
        ],
        "count": 6
    },
    "1JLV": {
        "pearson": [
            -0.10333265024951649,
            0.9340987566993346
        ],
        "spearman": [
            0.5,
            0.6666666666666667
        ],
        "count": 3
    },
    "1L6H": {
        "pearson": [
            -0.9978712241836666,
            0.04154675966806912
        ],
        "spearman": [
            -1.0,
            0.0
        ],
        "count": 3
    },
    "1LVM": {
        "pearson": [
            0.037657789899188034,
            0.9520639475828633
        ],
        "spearman": [
            -0.05129891760425771,
            0.934712848108234
        ],
        "count": 5
    },
    "1N18": {
        "pearson": [
            -0.3698857408448266,
            0.6301142591551734
        ],
        "spearman": [
            -0.6000000000000001,
            0.3999999999999999
        ],
        "count": 4
    },
    "1N88": {
        "pearson": [
            -0.4045081942438672,
            0.10728747399950697
        ],
        "spearman": [
            -0.3953352314838556,
            0.11626825280407056
        ],
        "count": 17
    },
    "1NM1": {
        "pearson": [
            -1.0,
            1.0
        ],
        "spearman": [
            -0.9999999999999999,
            NaN
        ],
        "count": 2
    },
    "1O1U": {
        "pearson": [
            -0.7062552361562446,
            0.11675595109618739
        ],
        "spearman": [
            -0.6982532518267538,
            0.12283946337339596
        ],
        "count": 6
    },
    "1O6X": {
        "pearson": [
            -0.4607762223622881,
            0.040890184037382774
        ],
        "spearman": [
            -0.44770516812406447,
            0.047762801462047734
        ],
        "count": 20
    },
    "1OSI": {
        "pearson": [
            -0.9061065417671892,
            0.09389345823281081
        ],
        "spearman": [
            -0.7999999999999999,
            0.20000000000000007
        ],
        "count": 4
    },
    "1PFL": {
        "pearson": [
            -0.5111904966498934,
            0.37870941866363544
        ],
        "spearman": [
            -0.49999999999999994,
            0.39100221895577053
        ],
        "count": 5
    },
    "1PRG": {
        "pearson": [
            -0.32474712399756056,
            0.47729698246350183
        ],
        "spearman": [
            -0.03571428571428572,
            0.9394082054712856
        ],
        "count": 7
    },
    "1R6R": {
        "pearson": [
            -0.858224159262881,
            0.14177584073711902
        ],
        "spearman": [
            -1.0,
            0.0
        ],
        "count": 4
    },
    "1SPD": {
        "pearson": [
            -1.0,
            1.0
        ],
        "spearman": [
            -0.9999999999999999,
            NaN
        ],
        "count": 2
    },
    "1X0J": {
        "pearson": [
            -0.31429834567704484,
            0.4923892420440495
        ],
        "spearman": [
            -0.28571428571428575,
            0.5345092286010406
        ],
        "count": 7
    },
    "1XWS": {
        "pearson": [
            0.5640089959748961,
            0.4359910040251038
        ],
        "spearman": [
            0.19999999999999998,
            0.8
        ],
        "count": 4
    },
    "1XXN": {
        "pearson": [
            -0.38589821738038665,
            0.521142039407657
        ],
        "spearman": [
            -0.15389675281277312,
            0.8048288166080632
        ],
        "count": 5
    },
    "1XZO": {
        "pearson": [
            -0.6117362018481114,
            0.3882637981518886
        ],
        "spearman": [
            -0.39999999999999997,
            0.6
        ],
        "count": 4
    },
    "2BJD": {
        "pearson": [
            -0.9662247198445049,
            0.16592988389026436
        ],
        "spearman": [
            -1.0,
            0.0
        ],
        "count": 3
    },
    "2C9Q": {
        "pearson": [
            -1.0,
            1.0
        ],
        "spearman": [
            -0.9999999999999999,
            NaN
        ],
        "count": 2
    },
    "2CLR": {
        "pearson": [
            -0.6093177850097016,
            0.3906822149902984
        ],
        "spearman": [
            -0.39999999999999997,
            0.6
        ],
        "count": 4
    },
    "2DVV": {
        "pearson": [
            -1.0,
            1.0
        ],
        "spearman": [
            -0.9999999999999999,
            NaN
        ],
        "count": 2
    },
    "2HBB": {
        "pearson": [
            -0.7249843886691578,
            1.2144998237488075e-08
        ],