{
    "1AMQ": {
        "pearson": [
            -0.5261382217805097,
            0.47386177821949027
        ],
        "spearman": [
            -0.7999999999999999,
            0.20000000000000007
        ],
        "count": 4
    },
    "1BNI": {
        "pearson": [
            -0.6782616951592317,
            0.010825911132194976
        ],
        "spearman": [
            -0.6969723416496444,
            0.008107817588962922
        ],
        "count": 13
    },
    "1CEY": {
        "pearson": [
            0.9128939685516386,
            0.2676845430779452
        ],
        "spearman": [
            0.5,
            0.6666666666666667
        ],
        "count": 3
    },
    "1EY0": {
        "pearson": [
            -0.41501242303483715,
            0.028089195495397224
        ],
        "spearman": [
            -0.3141175595853271,
            0.103550472920617
        ],
        "count": 28
    },
    "1IHB": {
        "pearson": [
            -0.7263429804585733,
            0.48243685641817224
        ],
        "spearman": [
            -0.5,
            0.6666666666666667
        ],
        "count": 3
    },
    "1L63": {
        "pearson": [
            -0.7056673956780838,
            4.560758037179404e-19
        ],
        "spearman": [
            -0.748363185314042,
            2.0387099665578612e-22
        ],
        "count": 118
    },
    "1LZ1": {
        "pearson": [
            -0.4720955211158624,
            0.00010715395424870609
        ],
        "spearman": [
            -0.5046475341794631,
            2.8838686128323995e-05
        ],
        "count": 62
    },
    "1OH0": {
        "pearson": [
            -1.0,
            1.0
        ],
        "spearman": [
            -0.9999999999999999,
            NaN
        ],
        "count": 2
    },
    "1VQB": {
        "pearson": [
            0.05984960779017187,
            0.9238426299123791
        ],
        "spearman": [
            0.09999999999999999,
            0.8728885715695383
        ],
        "count": 5
    },
    "2LZM": {
        "pearson": [
            -0.6565506469141524,
            2.156464983693435e-09
        ],
        "spearman": [
            -0.6197325486428356,
            2.8839894745535257e-08
        ],
        "count": 66
    },
    "2RN2": {
        "pearson": [
            -0.5170455281151556,
            0.02799985682987566
        ],
        "spearman": [
            -0.26190602490896897,
            0.2937784273121022
        ],
        "count": 18
    },
    "3ZCF": {
        "pearson": [
            1.0,
            1.0
        ],
        "spearman": [
            0.9999999999999999,
            NaN
        ],
        "count": 2
    },
    "4BVM": {
        "pearson": [
            0.09482588502995393,
            0.8794451202375506
        ],
        "spearman": [
            0.3,
            0.6238376647810728
        ],
        "count": 5
    },
    "4LYZ": {
        "pearson": [
            -0.38123196645154656,
            0.17865385384702354
        ],
        "spearman": [
            -0.4884052441770896,
            0.07639492988931419
        ],
        "count": 14
    },
    "5PTI": {
        "pearson": [
            -0.28868864481641554,
            0.6376016220154168
        ],
        "spearman": [
            -0.3,
            0.6238376647810728
        ],
        "count": 5
    },
    "overall": {
        "pearson": [
            -0.5972031140162197,
            2.1348630919831827e-35
        ],
        "spearman": [
            -0.6278669805068648,
            5.436864830367071e-40
        ],
        "count": 352
    }
}