{
    "1AMQ": {
        "pearson": [
            -0.5781900941370892,
            0.4218099058629108
        ],
        "spearman": [
            -0.7999999999999999,
            0.20000000000000007
        ],
        "count": 4
    },
    "1BNI": {
        "pearson": [
            -0.6532112380580499,
            0.015482438656045613
        ],
        "spearman": [
            -0.7217658241589203,
            0.005346337987933916
        ],
        "count": 13
    },
    "1CEY": {
        "pearson": [
            0.8275871424134977,
            0.3794258761856413
        ],
        "spearman": [
            0.5,
            0.6666666666666667
        ],
        "count": 3
    },
    "1EY0": {
        "pearson": [
            -0.354334760951461,
            0.06431037730865698
        ],
        "spearman": [
            -0.3006984136222224,
            0.11998480173762864
        ],
        "count": 28
    },
    "1IHB": {
        "pearson": [
            -0.7575873891580077,
            0.4527559265436295
        ],
        "spearman": [
            -0.5,
            0.6666666666666667
        ],
        "count": 3
    },
    "1L63": {
        "pearson": [
            -0.7082629033623329,
            2.969518044198651e-19
        ],
        "spearman": [
            -0.7497845119507984,
            1.535837015611857e-22
        ],
        "count": 118
    },
    "1LZ1": {
        "pearson": [
            -0.520801876746323,
            1.4283925413003862e-05
        ],
        "spearman": [
            -0.560321112648754,
            2.1823522237025648e-06
        ],
        "count": 62
    },
    "1OH0": {
        "pearson": [
            -1.0,
            1.0
        ],
        "spearman": [
            -0.9999999999999999,
            NaN
        ],
        "count": 2
    },
    "1VQB": {
        "pearson": [
            -0.015267477459816492,
            0.9805615991740416
        ],
        "spearman": [
            0.19999999999999998,
            0.747060078104662
        ],
        "count": 5
    },
    "2LZM": {
        "pearson": [
            -0.6786660246948002,
            3.798105502366973e-10
        ],
        "spearman": [
            -0.6701967831396703,
            7.515129077087547e-10
        ],
        "count": 66
    },
    "2RN2": {
        "pearson": [
            -0.4869254696842138,
            0.04042673104600059
        ],
        "spearman": [
            -0.33437014247271535,
            0.1750386826296171
        ],
        "count": 18
    },
    "3ZCF": {
        "pearson": [
            1.0,
            1.0
        ],
        "spearman": [
            0.9999999999999999,
            NaN
        ],
        "count": 2
    },
    "4BVM": {
        "pearson": [
            0.39825052634576646,
            0.5066739609694645
        ],
        "spearman": [
            0.39999999999999997,
            0.5046315754686911
        ],
        "count": 5
    },
    "4LYZ": {
        "pearson": [
            -0.3784496154618073,
            0.18210979738113023
        ],
        "spearman": [
            -0.4596755239313784,
            0.0981914646353945
        ],
        "count": 14
    },
    "5PTI": {
        "pearson": [
            -0.12678783373518537,
            0.839002270699243
        ],
        "spearman": [
            -0.6,
            0.28475697986529375
        ],
        "count": 5
    },
    "overall": {
        "pearson": [
            -0.6207613801780671,
            7.002631896859528e-39
        ],
        "spearman": [
            -0.6527497575461634,
            4.0916002758318063e-44
        ],
        "count": 352
    }
}