{
    "Ami11_avg": {
        "pearson": [
            0.2575804952702198,
            2.9544165837382274e-80
        ],
        "spearman": [
            0.19037192386936408,
            5.408544039260158e-44
        ],
        "count": 5245
    },
    "Ami12_avg": {
        "pearson": [
            0.30405692814959995,
            2.067985682548168e-108
        ],
        "spearman": [
            0.3649297916896343,
            8.961922581799568e-159
        ],
        "count": 5046
    },
    "Ami14_avg": {
        "pearson": [
            0.25891365997458754,
            2.3742035599087403e-77
        ],
        "spearman": [
            0.3042593172804372,
            1.5936678859332346e-107
        ],
        "count": 4997
    },
    "Ami18_avg": {
        "pearson": [
            0.013794965271720179,
            0.317256690467933
        ],
        "spearman": [
            0.022015835678770572,
            0.11043797348923064
        ],
        "count": 5258
    },
    "G41811_avg": {
        "pearson": [
            0.3081750746128656,
            1.3564357326505011e-111
        ],
        "spearman": [
            0.32220712135660334,
            2.200618594332837e-122
        ],
        "count": 5052
    },
    "G41812_avg": {
        "pearson": [
            0.2921537501377849,
            3.57800731196626e-98
        ],
        "spearman": [
            0.357369347224314,
            2.6613566175108384e-149
        ],
        "count": 4959
    },
    "G41814_avg": {
        "pearson": [
            0.22189728176460738,
            2.6870865404517533e-59
        ],
        "spearman": [
            0.26413342915133037,
            3.9629362264548075e-84
        ],
        "count": 5225
    },
    "Kan11_avg": {
        "pearson": [
            0.32678537077281383,
            5.964835046899763e-125
        ],
        "spearman": [
            0.33014342878975933,
            1.2109984428025864e-127
        ],
        "count": 5008
    },
    "Kan12_avg": {
        "pearson": [
            0.31060852241563636,
            7.84202437041698e-109
        ],
        "spearman": [
            0.3760419309967574,
            1.521005974528716e-162
        ],
        "count": 4844
    },
    "Kan14_avg": {
        "pearson": [
            0.27217517777553313,
            1.3637641166798176e-85
        ],
        "spearman": [
            0.3261638490158972,
            3.462093435860254e-124
        ],
        "count": 4997
    },
    "Kan18_avg": {
        "pearson": [
            0.23442414127568934,
            3.788042015944878e-66
        ],
        "spearman": [
            0.28105403233123016,
            1.930936049577422e-95
        ],
        "count": 5224
    },
    "Neo11_avg": {
        "pearson": [
            0.3041534387775866,
            3.528189286956921e-109
        ],
        "spearman": [
            0.2938330513919919,
            1.0825084689483717e-101
        ],
        "count": 5079
    },
    "Neo12_avg": {
        "pearson": [
            0.28748446771297415,
            3.423759555928478e-95
        ],
        "spearman": [
            0.3592058803460593,
            2.9325276437015157e-151
        ],
        "count": 4970
    },
    "Neo14_avg": {
        "pearson": [
            0.2557441418255581,
            3.8008740997346596e-78
        ],
        "spearman": [
            0.3028127518473083,
            2.6547567975598224e-110
        ],
        "count": 5180
    },
    "Neo18_avg": {
        "pearson": [
            0.20043794549015082,
            1.6756819988359624e-48
        ],
        "spearman": [
            0.22937635105956986,
            2.3436782174465586e-63
        ],
        "count": 5226
    },
    "Paro11_avg": {
        "pearson": [
            0.27550120224046704,
            1.0574364340584285e-91
        ],
        "spearman": [
            0.23351619807176044,
            1.0987281234777093e-65
        ],
        "count": 5228
    },
    "Paro12_avg": {
        "pearson": [
            0.3189497846980309,
            2.220817934093371e-118
        ],
        "spearman": [
            0.3676259182121829,
            1.6550326811406313e-159
        ],
        "count": 4990
    },
    "Paro14_avg": {
        "pearson": [
            0.3105730716413153,
            2.5362400742068865e-111
        ],
        "spearman": [
            0.36381474235267197,
            4.976184421565664e-155
        ],
        "count": 4958
    },
    "Paro18_avg": {
        "pearson": [
            0.28906981877790033,
            1.210005259059213e-98
        ],
        "spearman": [
            0.3423247299849375,
            4.66686259041877e-140
        ],
        "count": 5095
    },
    "Ribo11_avg": {
        "pearson": [
            0.3187467574397319,
            1.7640035148895856e-118
        ],
        "spearman": [
            0.35606226854105,
            2.180502900381682e-149
        ],
        "count": 5001
    },
    "Ribo12_avg": {
        "pearson": [
            0.32354640930748,
            3.052873060092414e-122
        ],
        "spearman": [
            0.3840226077436544,
            1.727702712201861e-175
        ],
        "count": 5002
    },
    "Ribo14_avg": {
        "pearson": [
            0.2821326184276457,
            1.8117561841893e-95
        ],
        "spearman": [
            0.3287388778914013,
            6.840791297728426e-131
        ],
        "count": 5184
    },
    "Ribo18_avg": {
        "pearson": [
            0.2399098132143783,
            5.648330651391306e-69
        ],
        "spearman": [
            0.2725630055875078,
            2.9866641077499876e-89
        ],
        "count": 5200
    }
}