{
    "Ami11_avg": {
        "pearson": [
            0.22533073904177386,
            2.357796609931939e-59
        ],
        "spearman": [
            0.1571138932749682,
            2.261221838742504e-29
        ],
        "count": 5068
    },
    "Ami12_avg": {
        "pearson": [
            0.28996709765192674,
            1.1667071000984912e-95
        ],
        "spearman": [
            0.35172859768522063,
            7.563082112096688e-143
        ],
        "count": 4906
    },
    "Ami14_avg": {
        "pearson": [
            0.25375722456584804,
            1.904732794479938e-72
        ],
        "spearman": [
            0.2958019874011502,
            5.950777097599775e-99
        ],
        "count": 4871
    },
    "Ami18_avg": {
        "pearson": [
            0.007787361199350224,
            0.5789568165531361
        ],
        "spearman": [
            0.02028284390009972,
            0.14833580962178508
        ],
        "count": 5080
    },
    "G41811_avg": {
        "pearson": [
            0.29604382506237803,
            8.122883323464172e-100
        ],
        "spearman": [
            0.28999020096748396,
            1.1255092420533808e-95
        ],
        "count": 4906
    },
    "G41812_avg": {
        "pearson": [
            0.30676070816497397,
            1.3604856685412985e-105
        ],
        "spearman": [
            0.36541975626737194,
            3.0275945107053465e-152
        ],
        "count": 4822
    },
    "G41814_avg": {
        "pearson": [
            0.24373922295161884,
            3.4618991521001134e-69
        ],
        "spearman": [
            0.27587974285942,
            7.109226680279636e-89
        ],
        "count": 5049
    },
    "Kan11_avg": {
        "pearson": [
            0.3028073082182591,
            4.615453639888249e-104
        ],
        "spearman": [
            0.29860282501634133,
            4.132165942190687e-101
        ],
        "count": 4882
    },
    "Kan12_avg": {
        "pearson": [
            0.33037073448932974,
            6.895261391828243e-121
        ],
        "spearman": [
            0.3824429080751769,
            1.1571743284020791e-164
        ],
        "count": 4732
    },
    "Kan14_avg": {
        "pearson": [
            0.28751453865622256,
            7.271487398010652e-93
        ],
        "spearman": [
            0.33455713859352504,
            5.0219940407353305e-127
        ],
        "count": 4845
    },
    "Kan18_avg": {
        "pearson": [
            0.26287113344286606,
            1.3294449221919529e-80
        ],
        "spearman": [
            0.30004452060422643,
            1.3806199332160434e-105
        ],
        "count": 5051
    },
    "Neo11_avg": {
        "pearson": [
            0.28395353940756196,
            1.466207952431794e-92
        ],
        "spearman": [
            0.26304662470995477,
            3.147441302192329e-79
        ],
        "count": 4956
    },
    "Neo12_avg": {
        "pearson": [
            0.30286296585281935,
            1.5490944536035546e-103
        ],
        "spearman": [
            0.3676696624354823,
            2.7666880760974733e-155
        ],
        "count": 4855
    },
    "Neo14_avg": {
        "pearson": [
            0.28478964842374777,
            3.4718324934871223e-94
        ],
        "spearman": [
            0.32049951526112297,
            3.8277428383839664e-120
        ],
        "count": 5014
    },
    "Neo18_avg": {
        "pearson": [
            0.2261806037611264,
            1.2199187197725637e-59
        ],
        "spearman": [
            0.24425074023351953,
            1.5154066950476657e-69
        ],
        "count": 5054
    },
    "Paro11_avg": {
        "pearson": [
            0.2561947312293797,
            1.0747489726963339e-76
        ],
        "spearman": [
            0.20125308866768996,
            2.0214129095987596e-47
        ],
        "count": 5063
    },
    "Paro12_avg": {
        "pearson": [
            0.30684597138171477,
            8.150380275085756e-107
        ],
        "spearman": [
            0.34336293336422014,
            5.63332792590005e-135
        ],
        "count": 4876
    },
    "Paro14_avg": {
        "pearson": [
            0.3141900233939177,
            3.0601156101120095e-111
        ],
        "spearman": [
            0.36447185472184623,
            8.21655130637754e-152
        ],
        "count": 4835
    },
    "Paro18_avg": {
        "pearson": [
            0.31043978067923583,
            5.855329250100728e-111
        ],
        "spearman": [
            0.354993223996485,
            7.861654099278249e-147
        ],
        "count": 4946
    },
    "Ribo11_avg": {
        "pearson": [
            0.30133153131060153,
            3.469405200289141e-103
        ],
        "spearman": [
            0.3340580212160773,
            8.677221661893278e-128
        ],
        "count": 4890
    },
    "Ribo12_avg": {
        "pearson": [
            0.3405732653694611,
            1.3228169281590825e-132
        ],
        "spearman": [
            0.3939459391117727,
            1.2011137085300366e-180
        ],
        "count": 4873
    },
    "Ribo14_avg": {
        "pearson": [
            0.3108011308330278,
            6.614568210006335e-113
        ],
        "spearman": [
            0.3478695831941861,
            8.0384548438937765e-143
        ],
        "count": 5022
    },
    "Ribo18_avg": {
        "pearson": [
            0.27554190929967276,
            2.2301396156883427e-88
        ],
        "spearman": [
            0.2962758122229764,
            1.6210300128384786e-102
        ],
        "count": 5033
    }
}