{
    "attenuated": {
        "pearson": [
            0.01832601475634933,
            0.30507716045365213
        ],
        "spearman": [
            0.02817659494814057,
            0.11477943685217624
        ],
        "count": 3134
    },
    "regulated": {
        "pearson": [
            0.3130556160656138,
            3.2185873556629835e-72
        ],
        "spearman": [
            0.32803527369708707,
            1.6134803088918444e-79
        ],
        "count": 3134
    },
    "unregulated": {
        "pearson": [
            0.2959790395126767,
            2.131905169155324e-64
        ],
        "spearman": [
            0.3272642134348068,
            3.92417364567861e-79
        ],
        "count": 3134
    }
}