{
    "attenuated": {
        "pearson": [
            0.02685582127267642,
            0.13280870183196072
        ],
        "spearman": [
            0.04538050788883119,
            0.011060124566450202
        ],
        "count": 3134
    },
    "regulated": {
        "pearson": [
            0.31915690324997825,
            3.843144948514795e-75
        ],
        "spearman": [
            0.3378016662448274,
            1.6636256240737195e-84
        ],
        "count": 3134
    },
    "unregulated": {
        "pearson": [
            0.33917589009384663,
            3.196784937081906e-85
        ],
        "spearman": [
            0.368059534134534,
            3.8592056101909056e-101
        ],
        "count": 3134
    }
}