{
    "attenuated": {
        "pearson": [
            -0.0012408007316621218,
            0.9446433728365717
        ],
        "spearman": [
            0.023326205165887532,
            0.19172007252419135
        ],
        "count": 3134
    },
    "regulated": {
        "pearson": [
            0.2827783255610905,
            1.0462312923503671e-58
        ],
        "spearman": [
            0.31932306157987556,
            3.192441127402532e-75
        ],
        "count": 3134
    },
    "unregulated": {
        "pearson": [
            0.27814711480286125,
            8.797180246662634e-57
        ],
        "spearman": [
            0.3235505814713939,
            2.7358298612191735e-77
        ],
        "count": 3134
    }
}