{
    "screenscore": {
        "pearson": [
            0.21843413896490915,
            1.271781049705476e-22
        ],
        "spearman": [
            0.1937067384213947,
            4.85255717688377e-18
        ],
        "count": 1962
    }
}