{
    "screenscore": {
        "pearson": [
            0.10871725012630408,
            0.25823806312793623
        ],
        "spearman": [
            0.05057930555492917,
            0.5997525683572322
        ],
        "count": 110
    }
}