{
    "selection_coefficient": {
        "pearson": [
            0.28970874076267983,
            2.976904643820359e-83
        ],
        "spearman": [
            0.19713117010993347,
            1.2557245405846238e-38
        ],
        "count": 4265
    }
}