{
    "react_rel": {
        "pearson": [
            0.3119093846547487,
            9.50924956042564e-34
        ],
        "spearman": [
            0.33334339236759836,
            1.397433689007989e-38
        ],
        "count": 1435
    }
}