{
    "react_rel": {
        "pearson": [
            0.29746337931338873,
            1.0428085481470307e-30
        ],
        "spearman": [
            0.34813977884097147,
            3.772049951660436e-42
        ],
        "count": 1435
    }
}