{
    "MIC_score": {
        "pearson": [
            0.5101157638625147,
            1.25441704987718e-66
        ],
        "spearman": [
            0.5630408170953558,
            8.61217563769036e-84
        ],
        "count": 989
    }
}