{
    "selection_coefficient": {
        "pearson": [
            0.21379121928886846,
            2.798314215658703e-45
        ],
        "spearman": [
            0.1508660928166635,
            3.90196281779531e-23
        ],
        "count": 4265
    }
}