{
    "overall": {
        "pearson": [
            -0.4571083656682051,
            1.5936934654115456e-19
        ],
        "spearman": [
            -0.5004591709985162,
            1.199437668511193e-23
        ],
        "count": 351
    }
}