{
    "linear": {
        "pearson": [
            0.3630092605176091,
            1.0226821595292177e-12
        ],
        "spearman": [
            0.3806822213433126,
            6.272234994285849e-14
        ],
        "count": 362
    }
}