{
    "attenuated": {
        "pearson": [
            0.03814493400440898,
            0.0327315936839551
        ],
        "spearman": [
            0.04544105559339362,
            0.01095324563153364
        ],
        "count": 3134
    },
    "regulated": {
        "pearson": [
            0.2865052824232317,
            2.7783302469313095e-60
        ],
        "spearman": [
            0.29074544961280124,
            4.183253622936806e-62
        ],
        "count": 3134
    },
    "unregulated": {
        "pearson": [
            0.27307377795265736,
            1.0246405675671072e-54
        ],
        "spearman": [
            0.2879259729437973,
            6.866303313933675e-61
        ],
        "count": 3134
    }
}