{
    "attenuated": {
        "pearson": [
            0.08939837023248455,
            5.365623651584568e-07
        ],
        "spearman": [
            0.08700925435467147,
            1.0701780807528065e-06
        ],
        "count": 3134
    },
    "regulated": {
        "pearson": [
            0.3197338322187948,
            2.0171399532713139e-75
        ],
        "spearman": [
            0.33910094415996755,
            3.498440785562685e-85
        ],
        "count": 3134
    },
    "unregulated": {
        "pearson": [
            0.32955941069644545,
            2.7637144367071507e-80
        ],
        "spearman": [
            0.3582188504065562,
            1.575862834611994e-95
        ],
        "count": 3134
    }
}