{
    "attenuated": {
        "pearson": [
            0.04658591543872813,
            0.009980366112719257
        ],
        "spearman": [
            0.04218297027878126,
            0.019660296942715722
        ],
        "count": 3058
    },
    "regulated": {
        "pearson": [
            0.3161611654749936,
            5.912323944692895e-72
        ],
        "spearman": [
            0.32412095113615924,
            9.833033430540405e-76
        ],
        "count": 3058
    },
    "unregulated": {
        "pearson": [
            0.31924008237320367,
            2.1066345643098203e-73
        ],
        "spearman": [
            0.3316909970870768,
            1.9555887251946605e-79
        ],
        "count": 3058
    }
}