{
    "function_score": {
        "pearson": [
            0.5434430412323621,
            1.6693393407560018e-112
        ],
        "spearman": [
            0.4568400369555203,
            7.154108801895004e-76
        ],
        "count": 1454
    }
}