{
    "function_score": {
        "pearson": [
            0.5641318706719987,
            8.908702849750435e-126
        ],
        "spearman": [
            0.45690518408293485,
            1.2502390767055036e-77
        ],
        "count": 1488
    }
}