{
    "2LZM": {
        "pearson": [
            -0.8128648819018491,
            9.105065130734202e-09
        ],
        "spearman": [
            -0.7968557357137743,
            2.8841889618769548e-08
        ],
        "count": 33
    }
}