{
    "2LZM": {
        "pearson": [
            -0.842617220881376,
            7.744264586007967e-10
        ],
        "spearman": [
            -0.8386722625669321,
            1.104279259018696e-09
        ],
        "count": 33
    }
}