{
    "fitness_min": {
        "pearson": [
            0.5260218965280452,
            3.327209406432884e-103
        ],
        "spearman": [
            0.27311777645348195,
            4.933034078463034e-26
        ],
        "count": 1439
    },
    "fitness_rich": {
        "pearson": [
            0.49631387655092973,
            2.411147184495954e-90
        ],
        "spearman": [
            0.31948234806345427,
            1.664003758018298e-35
        ],
        "count": 1439
    }
}