{
    "Caffeine": {
        "pearson": [
            0.2742856932992911,
            1.1584412753097295e-23
        ],
        "spearman": [
            0.261042617850875,
            1.6501992840651939e-21
        ],
        "count": 1288
    },
    "DMSO": {
        "pearson": [
            0.2464701456116189,
            8.98826661247147e-20
        ],
        "spearman": [
            0.2100759862451703,
            1.1352231328951617e-14
        ],
        "count": 1324
    },
    "DTT": {
        "pearson": [
            0.25300110068822,
            3.3492913281180215e-20
        ],
        "spearman": [
            0.2430019950319077,
            1.0309430996734692e-18
        ],
        "count": 1284
    },
    "HU": {
        "pearson": [
            0.21693152172663677,
            5.0486379861312284e-15
        ],
        "spearman": [
            0.14351797906893435,
            2.715292997683122e-07
        ],
        "count": 1273
    },
    "MG132": {
        "pearson": [
            0.2569267054441987,
            3.445991470780596e-20
        ],
        "spearman": [
            0.1972082068694407,
            2.3025169741975823e-12
        ],
        "count": 1243
    }
}