{
    "Caffeine": {
        "pearson": [
            0.2840827108945825,
            2.466844333937507e-25
        ],
        "spearman": [
            0.2788879028667477,
            1.9362789661532e-24
        ],
        "count": 1288
    },
    "DMSO": {
        "pearson": [
            0.24833297569561893,
            4.6626146030539044e-20
        ],
        "spearman": [
            0.21803172396345197,
            1.034508673588293e-15
        ],
        "count": 1324
    },
    "DTT": {
        "pearson": [
            0.2545027518202442,
            1.9755459698500345e-20
        ],
        "spearman": [
            0.2523617221463835,
            4.189014245432642e-20
        ],
        "count": 1284
    },
    "HU": {
        "pearson": [
            0.21956841305333058,
            2.3148817018256422e-15
        ],
        "spearman": [
            0.15237964205615087,
            4.671919695917159e-08
        ],
        "count": 1273
    },
    "MG132": {
        "pearson": [
            0.26332273326873595,
            3.673532678426663e-21
        ],
        "spearman": [
            0.21321698792440713,
            3.0264613526626303e-14
        ],
        "count": 1243
    }
}