{
    "Caffeine": {
        "pearson": [
            0.3235807805127652,
            8.888020906902102e-33
        ],
        "spearman": [
            0.2988506246232823,
            5.535581706544209e-28
        ],
        "count": 1288
    },
    "DMSO": {
        "pearson": [
            0.2938761445624938,
            8.730057349705642e-28
        ],
        "spearman": [
            0.24699792313603072,
            7.467198334669135e-20
        ],
        "count": 1324
    },
    "DTT": {
        "pearson": [
            0.30432685489021694,
            6.394132884547619e-29
        ],
        "spearman": [
            0.29023488405130693,
            2.425147089699145e-26
        ],
        "count": 1284
    },
    "HU": {
        "pearson": [
            0.2848110852092329,
            3.493044097429117e-25
        ],
        "spearman": [
            0.2176470696240829,
            4.0898906577313904e-15
        ],
        "count": 1273
    },
    "MG132": {
        "pearson": [
            0.3231936870455567,
            1.2973321653039129e-31
        ],
        "spearman": [
            0.24664065292111492,
            1.109139915560049e-18
        ],
        "count": 1243
    }
}