{
    "5BON": {
        "pearson": [
            0.537039714704598,
            4.387871135339173e-209
        ],
        "spearman": [
            0.5491295623891698,
            2.0492751868193224e-220
        ],
        "count": 2801
    },
    "1D5R": {
        "pearson": [
            0.5204129568904617,
            3.854459895015315e-223
        ],
        "spearman": [
            0.528728453663676,
            1.4552052075205253e-231
        ],
        "count": 3222
    },
    "2H11": {
        "pearson": [
            0.4543257765139096,
            3.4150993300127937e-174
        ],
        "spearman": [
            0.45178447431378554,
            4.906093566054725e-172
        ],
        "count": 3427
    },
    "overall": {
        "pearson": [
            0.4796147162906029,
            0.0
        ],
        "spearman": [
            0.48636397091230055,
            0.0
        ],
        "count": 9450
    }
}