{
    "screenscore": {
        "pearson": [
            0.44235709934365564,
            3.0901338400053395e-130
        ],
        "spearman": [
            0.4864797539822922,
            4.968555796461218e-161
        ],
        "count": 2710
    }
}