{
    "screenscore": {
        "pearson": [
            0.4243348818314705,
            1.9940556007493445e-119
        ],
        "spearman": [
            0.45376669739065495,
            2.2610019799469994e-138
        ],
        "count": 2722
    }
}