{
    "attenuated": {
        "pearson": [
            0.12236561481833007,
            6.268961838787543e-12
        ],
        "spearman": [
            0.09579979657837105,
            7.730847869326126e-08
        ],
        "count": 3134
    },
    "regulated": {
        "pearson": [
            0.41526000588072887,
            6.431283952572311e-131
        ],
        "spearman": [
            0.37913062523651564,
            1.0834716237975382e-107
        ],
        "count": 3134
    },
    "unregulated": {
        "pearson": [
            0.41987993996683687,
            4.219606383938838e-134
        ],
        "spearman": [
            0.3935435244948878,
            1.30389677392159e-116
        ],
        "count": 3134
    }
}