{
    "attenuated": {
        "pearson": [
            0.0606826543187461,
            0.0006765197456788232
        ],
        "spearman": [
            0.05643791477576942,
            0.0015735042426204518
        ],
        "count": 3134
    },
    "regulated": {
        "pearson": [
            0.3689520769200707,
            1.1688757173607652e-101
        ],
        "spearman": [
            0.3303612732394032,
            1.0878923378596712e-80
        ],
        "count": 3134
    },
    "unregulated": {
        "pearson": [
            0.3449218532395307,
            2.9501725592164564e-88
        ],
        "spearman": [
            0.31837724471803663,
            9.16284545671144e-75
        ],
        "count": 3134
    }
}