{
    "attenuated": {
        "pearson": [
            0.0683416764045167,
            0.00015550066925224814
        ],
        "spearman": [
            0.049427770287257165,
            0.006259494194611054
        ],
        "count": 3058
    },
    "regulated": {
        "pearson": [
            0.4078487817436103,
            6.588041783170139e-123
        ],
        "spearman": [
            0.37295020642900806,
            1.5878779474147316e-101
        ],
        "count": 3058
    },
    "unregulated": {
        "pearson": [
            0.4074096571047062,
            1.2709637486446082e-122
        ],
        "spearman": [
            0.37600667123281234,
            2.694118823401078e-103
        ],
        "count": 3058
    }
}