{
    "screenscore": {
        "pearson": [
            0.222262762756578,
            2.1991480837194204e-23
        ],
        "spearman": [
            0.19377533074732722,
            4.721366546107987e-18
        ],
        "count": 1962
    }
}