{
    "screenscore": {
        "pearson": [
            0.09618389004154787,
            0.31751326249221407
        ],
        "spearman": [
            0.0674916903815885,
            0.48357015460386843
        ],
        "count": 110
    }
}