{
    "SelectionOne": {
        "pearson": [
            0.3470674380268665,
            4.235023740139406e-227
        ],
        "spearman": [
            0.3618536679005063,
            4.090460257386437e-248
        ],
        "count": 8067
    }
}