{
    "SelectionOne": {
        "pearson": [
            0.3556865081545936,
            4.264430521832173e-235
        ],
        "spearman": [
            0.3583724061928818,
            6.981284970708176e-239
        ],
        "count": 7927
    }
}