{
    "selection_coefficient": {
        "pearson": [
            0.1897195789971023,
            9.512127326500934e-12
        ],
        "spearman": [
            0.2490020774445223,
            2.1833966591392744e-19
        ],
        "count": 1269
    }
}