{
    "selection_coefficient": {
        "pearson": [
            0.2104730335093593,
            3.582763065208598e-14
        ],
        "spearman": [
            0.24115252553566183,
            3.0123483337455135e-18
        ],
        "count": 1269
    }
}