{
    "selection_coefficient": {
        "pearson": [
            0.1869831113693744,
            1.8983405443957253e-11
        ],
        "spearman": [
            0.24694678709834728,
            4.379864304026088e-19
        ],
        "count": 1269
    }
}