{
    "fitness": {
        "pearson": [
            0.4117910771588503,
            3.061313426284622e-63
        ],
        "spearman": [
            0.4122747264536312,
            2.1245381053712385e-63
        ],
        "count": 1519
    }
}