{
    "fitness": {
        "pearson": [
            0.39414903367686815,
            1.2507404946235771e-57
        ],
        "spearman": [
            0.40799795945066875,
            5.261189125367397e-62
        ],
        "count": 1519
    }
}