{
    "fitness": {
        "pearson": [
            0.3284432130145303,
            1.550614075938349e-39
        ],
        "spearman": [
            0.33794654354951803,
            6.784574878473077e-42
        ],
        "count": 1519
    }
}