{
    "fitness": {
        "pearson": [
            0.2831392130877696,
            2.1336809789535817e-29
        ],
        "spearman": [
            0.31183099068590453,
            1.3090610057110788e-35
        ],
        "count": 1519
    }
}