{
    "CRIPT": {
        "pearson": [
            0.3161563819998545,
            7.90590011664919e-40
        ],
        "spearman": [
            0.30872798928928397,
            5.742237844872059e-38
        ],
        "count": 1659
    },
    "Tm2F": {
        "pearson": [
            0.22219492856784356,
            5.2831834920770213e-20
        ],
        "spearman": [
            0.1777230704959225,
            3.065920118746108e-13
        ],
        "count": 1659
    }
}