{
    "enrichment": {
        "pearson": [
            0.4347532038459404,
            5.782627137548078e-144
        ],
        "spearman": [
            0.5629249680105193,
            3.517275597390761e-260
        ],
        "count": 3118
    }
}