{
    "enrichment": {
        "pearson": [
            0.43963493551996935,
            1.5365155295550808e-147
        ],
        "spearman": [
            0.5639961057564793,
            2.2320082987569358e-261
        ],
        "count": 3118
    }
}