{
    "enrichment": {
        "pearson": [
            0.42982204046014194,
            2.2212355930095235e-157
        ],
        "spearman": [
            0.5551984180958061,
            2.89431903647736e-282
        ],
        "count": 3500
    }
}