{
    "5BON": {
        "pearson": [
            0.4920413220501574,
            9.977896308522522e-171
        ],
        "spearman": [
            0.5123866377967314,
            2.3350713043355984e-187
        ],
        "count": 2801
    },
    "1D5R": {
        "pearson": [
            0.47949255275969704,
            6.247599938877232e-185
        ],
        "spearman": [
            0.488281725537808,
            1.0513821852596723e-192
        ],
        "count": 3222
    },
    "2H11": {
        "pearson": [
            0.41007232813735006,
            3.8892305198384605e-139
        ],
        "spearman": [
            0.41932982544535663,
            4.82429193403936e-146
        ],
        "count": 3427
    },
    "overall": {
        "pearson": [
            0.43913074249004497,
            0.0
        ],
        "spearman": [
            0.4528390557133234,
            0.0
        ],
        "count": 9450
    }
}