{
    "fitness": {
        "pearson": [
            0.3595290893619856,
            1.4411834673850994e-47
        ],
        "spearman": [
            0.3554409869073583,
            1.851594497486878e-46
        ],
        "count": 1519
    }
}