{
    "fitness": {
        "pearson": [
            0.3673741621433856,
            9.6597537597772e-50
        ],
        "spearman": [
            0.3627744162810769,
            1.8486310694612546e-48
        ],
        "count": 1519
    }
}