{
    "react_rel": {
        "pearson": [
            0.4083509853522233,
            8.841577641809805e-59
        ],
        "spearman": [
            0.3855060417699561,
            4.691391325920177e-52
        ],
        "count": 1435
    }
}