{
    "react_rel": {
        "pearson": [
            0.4001460613985734,
            2.6470430716493923e-56
        ],
        "spearman": [
            0.39055034283841544,
            1.704673553618105e-53
        ],
        "count": 1435
    }
}