{
    "react_rel": {
        "pearson": [
            0.4734751165702508,
            4.588447464457806e-81
        ],
        "spearman": [
            0.46769068351141546,
            6.964796560989744e-79
        ],
        "count": 1435
    }
}