{
    "screenscore": {
        "pearson": [
            0.12909660883696267,
            0.1789026217957473
        ],
        "spearman": [
            0.0472960479139137,
            0.6236716862092517
        ],
        "count": 110
    }
}