{
    "screenscore": {
        "pearson": [
            0.21546635571198136,
            4.845831174326097e-22
        ],
        "spearman": [
            0.21145339651466172,
            2.866359802419786e-21
        ],
        "count": 1962
    }
}