{
    "Overall": {
        "all_types_of_mutations": {
            "Pr": -0.05028263940680282,
            "Pr_pval": 0.3347735285033611,
            "Sr": -0.04021652420201177,
            "Sr_pval": 0.44054403873228465,
            "num": 370.0,
            "num_struc": 38.0
        },
        "single_point_mutations": {
            "Pr": -0.13759353577050928,
            "Pr_pval": 0.02681577025535035,
            "Sr": -0.19496718222109338,
            "Sr_pval": 0.0016169414942406957,
            "num": 259.0,
            "num_struc": 35.0
        },
        "multi_point_mutations": {
            "Pr": 0.14113841500028496,
            "Pr_pval": 0.13952565681604856,
            "Sr": 0.12804914171828555,
            "Sr_pval": 0.1804631179135724,
            "num": 111.0,
            "num_struc": 16.0
        }
    },
    "Per-Structure": {
        "all_types_of_mutations": {
            "Pr": -0.26962072657065556,
            "Pr_std": 0.18513203820239613,
            "Pr_pval": 0.021171529936680863,
            "Sr": -0.29362674736998495,
            "Sr_std": 0.24527627710232583,
            "Sr_pval": 0.004908322170156675,
            "num": 266.0,
            "num_struc": 8.0
        },
        "single_point_mutations": {
            "Pr": -0.3320693283326195,
            "Pr_std": 0.1159733646936734,
            "Pr_pval": 0.012476380404923448,
            "Sr": -0.38925776927111794,
            "Sr_std": 0.14266351352843468,
            "Sr_pval": 0.002193596309352837,
            "num": 180.0,
            "num_struc": 7.0
        },
        "multi_point_mutations": {
            "Pr": 0.20838572752651374,
            "Pr_std": 0.14762155705184463,
            "Pr_pval": 0.25054137989236097,
            "Sr": 0.15769000163890706,
            "Sr_std": 0.12099870106352438,
            "Sr_pval": 0.4613482723110709,
            "num": 79.0,
            "num_struc": 2.0
        }
    }
}