{
    "Overall": {
        "all_types_of_mutations": {
            "Pr": -0.12189083645151591,
            "Pr_pval": 0.019004866687064085,
            "Sr": -0.13349501243667486,
            "Sr_pval": 0.010150645278656334,
            "num": 370.0,
            "num_struc": 38.0
        },
        "single_point_mutations": {
            "Pr": -0.1023826762836321,
            "Pr_pval": 0.10016664155439144,
            "Sr": -0.09278322944099912,
            "Sr_pval": 0.13643569459853577,
            "num": 259.0,
            "num_struc": 35.0
        },
        "multi_point_mutations": {
            "Pr": -0.2717644199131679,
            "Pr_pval": 0.003910219171138558,
            "Sr": -0.26331157801527383,
            "Sr_pval": 0.005234962744010389,
            "num": 111.0,
            "num_struc": 16.0
        }
    },
    "Per-Structure": {
        "all_types_of_mutations": {
            "Pr": -0.18029534242549325,
            "Pr_std": 0.11842321595369454,
            "Pr_pval": 0.13812508753447528,
            "Sr": -0.17949765111261984,
            "Sr_std": 0.22630913279069936,
            "Sr_pval": 0.007619518630392062,
            "num": 266.0,
            "num_struc": 8.0
        },
        "single_point_mutations": {
            "Pr": -0.1837111765419883,
            "Pr_std": 0.12511983687009337,
            "Pr_pval": 0.43312355417744225,
            "Sr": -0.2246513911084071,
            "Sr_std": 0.16214888062539531,
            "Sr_pval": 0.19424327545171163,
            "num": 180.0,
            "num_struc": 7.0
        },
        "multi_point_mutations": {
            "Pr": 0.009266181775235277,
            "Pr_std": 0.47000814279537784,
            "Pr_pval": 9.541645810810802e-05,
            "Sr": -0.03866335617324085,
            "Sr_std": 0.45754434745620576,
            "Sr_pval": 6.029036599181802e-05,
            "num": 79.0,
            "num_struc": 2.0
        }
    }
}