{
    "Overall": {
        "all_types_of_mutations": {
            "Pr": -0.12148374763377537,
            "Pr_pval": 0.01941093572747905,
            "Sr": -0.13306181244902604,
            "Sr_pval": 0.010400009699123887,
            "num": 370.0,
            "num_struc": 38.0
        },
        "single_point_mutations": {
            "Pr": -0.10137369569073337,
            "Pr_pval": 0.1035758273953884,
            "Sr": -0.09185970050133417,
            "Sr_pval": 0.14039813114087632,
            "num": 259.0,
            "num_struc": 35.0
        },
        "multi_point_mutations": {
            "Pr": -0.27162709224340204,
            "Pr_pval": 0.003929084089364695,
            "Sr": -0.2629561784648633,
            "Sr_pval": 0.0052985261949085385,
            "num": 111.0,
            "num_struc": 16.0
        }
    },
    "Per-Structure": {
        "all_types_of_mutations": {
            "Pr": -0.1798207206597632,
            "Pr_pval": 0.13656092478364465,
            "Sr": -0.17890226278069365,
            "Sr_pval": 0.007726830304961238,
            "num": 266.0,
            "num_struc": 8.0
        },
        "single_point_mutations": {
            "Pr": -0.18316697053015574,
            "Pr_pval": 0.4288415737285376,
            "Sr": -0.22411950278267526,
            "Sr_pval": 0.19392282971954997,
            "num": 180.0,
            "num_struc": 7.0
        },
        "multi_point_mutations": {
            "Pr": 0.009179047734486745,
            "Pr_pval": 9.623934532418483e-05,
            "Sr": -0.038274402456894036,
            "Sr_pval": 6.195868895422266e-05,
            "num": 79.0,
            "num_struc": 2.0
        }
    }
}