{
    "Overall": {
        "all_types_of_mutations": {
            "Pr": -0.03925578393072433,
            "Pr_pval": 0.4515488791619414,
            "Sr": -0.02504078353543368,
            "Sr_pval": 0.631145917281485,
            "num": 370.0,
            "num_struc": 38.0
        },
        "single_point_mutations": {
            "Pr": -0.13031773634258811,
            "Pr_pval": 0.036076194369638735,
            "Sr": -0.18690996208891547,
            "Sr_pval": 0.002526568193778802,
            "num": 259.0,
            "num_struc": 35.0
        },
        "multi_point_mutations": {
            "Pr": 0.18653789154575848,
            "Pr_pval": 0.049961491140974326,
            "Sr": 0.17535677076182152,
            "Sr_pval": 0.06563972981950474,
            "num": 111.0,
            "num_struc": 16.0
        }
    },
    "Per-Structure": {
        "all_types_of_mutations": {
            "Pr": -0.24611927079792018,
            "Pr_pval": 0.038924418732701804,
            "Sr": -0.24246093664578441,
            "Sr_pval": 0.009348851642139226,
            "num": 266.0,
            "num_struc": 8.0
        },
        "single_point_mutations": {
            "Pr": -0.31500735546248626,
            "Pr_pval": 0.024865746583575477,
            "Sr": -0.3535429482026554,
            "Sr_pval": 0.009042119502486736,
            "num": 180.0,
            "num_struc": 7.0
        },
        "multi_point_mutations": {
            "Pr": 0.2859532718408446,
            "Pr_pval": 0.0703948524782885,
            "Sr": 0.2505901881054382,
            "Sr_pval": 0.13472351559756926,
            "num": 79.0,
            "num_struc": 2.0
        }
    }
}