{
    "Overall": {
        "all_types_of_mutations": {
            "Pr": -0.12148374763377538,
            "Pr_pval": 0.01941093572747896,
            "Sr": -0.13306181244902604,
            "Sr_pval": 0.010400009699123887,
            "num": 370.0
        },
        "single_point_mutations": {
            "Pr": -0.10137369569073337,
            "Pr_pval": 0.10357582739535791,
            "Sr": -0.09185970050133417,
            "Sr_pval": 0.14039813114087632,
            "num": 259.0
        },
        "multi_point_mutations": {
            "Pr": -0.2716270922434019,
            "Pr_pval": 0.003929084089364758,
            "Sr": -0.2629561784648633,
            "Sr_pval": 0.0052985261949085385,
            "num": 111.0
        }
    },
    "Per-Structure": {
        "all_types_of_mutations": {
            "Pr": -0.17982072065976323,
            "Pr_pval": 0.13656092478364504,
            "Sr": -0.17890226278069365,
            "Sr_pval": 0.007726830304961238,
            "num": 266.0
        },
        "single_point_mutations": {
            "Pr": -0.18316697053015576,
            "Pr_pval": 0.42884157372853715,
            "Sr": -0.22411950278267526,
            "Sr_pval": 0.19392282971954997,
            "num": 180.0
        },
        "multi_point_mutations": {
            "Pr": 0.009179047734486717,
            "Pr_pval": 9.623934532418495e-05,
            "Sr": -0.038274402456894036,
            "Sr_pval": 6.195868895422266e-05,
            "num": 79.0
        }
    }
}