{
    "Overall": {
        "all_types_of_mutations": {
            "Pr": -0.03925578393072433,
            "Pr_pval": 0.45154887916195025,
            "Sr": -0.02504078353543368,
            "Sr_pval": 0.631145917281485,
            "num": 370.0
        },
        "single_point_mutations": {
            "Pr": -0.1303177363425881,
            "Pr_pval": 0.03607619436962893,
            "Sr": -0.18690996208891547,
            "Sr_pval": 0.002526568193778802,
            "num": 259.0
        },
        "multi_point_mutations": {
            "Pr": 0.18653789154575845,
            "Pr_pval": 0.04996149114097448,
            "Sr": 0.17535677076182152,
            "Sr_pval": 0.06563972981950474,
            "num": 111.0
        }
    },
    "Per-Structure": {
        "all_types_of_mutations": {
            "Pr": -0.24611927079792023,
            "Pr_pval": 0.038924418732701804,
            "Sr": -0.24246093664578441,
            "Sr_pval": 0.009348851642139226,
            "num": 266.0
        },
        "single_point_mutations": {
            "Pr": -0.3150073554624862,
            "Pr_pval": 0.024865746583575418,
            "Sr": -0.3535429482026554,
            "Sr_pval": 0.009042119502486736,
            "num": 180.0
        },
        "multi_point_mutations": {
            "Pr": 0.2859532718408446,
            "Pr_pval": 0.07039485247828868,
            "Sr": 0.2505901881054382,
            "Sr_pval": 0.13472351559756926,
            "num": 79.0
        }
    }
}