{
    "NONSEL_24h": {
        "pearson": [
            -0.31469251017572614,
            2.4054589381269618e-26
        ],
        "spearman": [
            -0.33839697456756285,
            1.8964825025174113e-30
        ],
        "count": 1084
    },
    "SEL_A_24h": {
        "pearson": [
            0.3924282605047198,
            3.1345500463013536e-41
        ],
        "spearman": [
            0.3909267254140355,
            6.672071947096107e-41
        ],
        "count": 1084
    },
    "SEL_A_40h": {
        "pearson": [
            0.3589495541963552,
            2.6224848316207083e-34
        ],
        "spearman": [
            0.385273886238048,
            1.1072668889484224e-39
        ],
        "count": 1084
    },
    "SEL_B_40h": {
        "pearson": [
            0.34624853037016856,
            6.877966073364817e-32
        ],
        "spearman": [
            0.3681463031004323,
            3.957625468089833e-36
        ],
        "count": 1084
    },
    "SEL_C_40h": {
        "pearson": [
            0.3470778965290678,
            4.8181403412980307e-32
        ],
        "spearman": [
            0.3608415071367641,
            1.1191528911326073e-34
        ],
        "count": 1084
    },
    "SEL_C_64h": {
        "pearson": [
            0.3186133468509935,
            5.3393103719448315e-27
        ],
        "spearman": [
            0.34372856103043703,
            2.0150839745714323e-31
        ],
        "count": 1084
    }
}