{
    "1BVC": {
        "pearson": [
            -0.5098971014783906,
            3.478217691694908e-06
        ],
        "spearman": [
            -0.49309103920887193,
            8.067279165490255e-06
        ]
    },
    "1LZ1": {
        "pearson": [
            -0.4246689505934373,
            2.4877748784148923e-06
        ],
        "spearman": [
            -0.416463127970286,
            4.050581352859083e-06
        ]
    },
    "2CI2": {
        "pearson": [
            -0.515973134596177,
            1.1342645930860464e-06
        ],
        "spearman": [
            -0.5794208261086456,
            2.2096027236084944e-08
        ]
    },
    "2RN2": {
        "pearson": [
            -0.5816873596185715,
            2.8917724286147317e-08
        ],
        "spearman": [
            -0.6056511140525854,
            5.357061307634769e-09
        ]
    }
}