{
    "1BVC": {
        "pearson": [
            -0.5153220923191066,
            2.625499770670236e-06
        ],
        "spearman": [
            -0.4981413198711601,
            6.29446026680341e-06
        ],
        "count": 74
    },
    "1LZ1": {
        "pearson": [
            -0.42467556026322373,
            2.4867853572166077e-06
        ],
        "spearman": [
            -0.416463127970286,
            4.050581352859083e-06
        ],
        "count": 114
    },
    "2CI2": {
        "pearson": [
            -0.5159645210633526,
            1.1348110951902117e-06
        ],
        "spearman": [
            -0.5794208261086456,
            2.2096027236084944e-08
        ],
        "count": 79
    },
    "2RN2": {
        "pearson": [
            -0.5816850657435949,
            2.892220466116504e-08
        ],
        "spearman": [
            -0.6054145007771384,
            5.450723552980063e-09
        ],
        "count": 77
    },
    "overall": {
        "pearson": [
            -0.5088375618066516,
            4.697361282284029e-24
        ],
        "spearman": [
            -0.5530415665018265,
            5.984376743118008e-29
        ],
        "count": 344
    }
}