{
    "1BVC": {
        "pearson": [
            -0.5153193873379824,
            2.625871158577247e-06
        ],
        "spearman": [
            -0.4981413198711601,
            6.29446026680341e-06
        ],
        "count": 74
    },
    "1LZ1": {
        "pearson": [
            -0.4246689505934373,
            2.4877748784148923e-06
        ],
        "spearman": [
            -0.416463127970286,
            4.050581352859083e-06
        ],
        "count": 114
    },
    "2CI2": {
        "pearson": [
            -0.515973134596177,
            1.1342645930860464e-06
        ],
        "spearman": [
            -0.5794208261086456,
            2.2096027236084944e-08
        ],
        "count": 79
    },
    "2RN2": {
        "pearson": [
            -0.5816873596185715,
            2.8917724286147317e-08
        ],
        "spearman": [
            -0.6056511140525854,
            5.357061307634769e-09
        ],
        "count": 77
    },
    "overall": {
        "pearson": [
            -0.5088363057461289,
            4.698758318337509e-24
        ],
        "spearman": [
            -0.5530456935676994,
            5.977607018559094e-29
        ],
        "count": 344
    }
}