{
    "1BVC": {
        "pearson": [
            -0.5098971014783906,
            3.478217691694908e-06
        ],
        "spearman": [
            -0.49309103920887193,
            8.067279165490255e-06
        ],
        "count": 74,
        "pearson - filtered rosetta [-1;7]": [
            -0.46012860338265127,
            4.771445757263373e-05
        ],
        "spearman - filtered rosetta [-1;7]": [
            -0.45914265595352,
            4.976787206639492e-05
        ],
        "count - filtered rosetta [-1;7]": 72
    },
    "1LZ1": {
        "pearson": [
            -0.4246689505934373,
            2.4877748784148923e-06
        ],
        "spearman": [
            -0.416463127970286,
            4.050581352859083e-06
        ],
        "count": 114,
        "pearson - filtered rosetta [-1;7]": [
            -0.43026724405278166,
            1.9698126897133787e-06
        ],
        "spearman - filtered rosetta [-1;7]": [
            -0.42476142786770654,
            2.7441472219238336e-06
        ],
        "count - filtered rosetta [-1;7]": 113
    },
    "2CI2": {
        "pearson": [
            -0.515973134596177,
            1.1342645930860464e-06
        ],
        "spearman": [
            -0.5794208261086456,
            2.2096027236084944e-08
        ],
        "count": 79,
        "pearson - filtered rosetta [-1;7]": [
            -0.515973134596177,
            1.1342645930860464e-06
        ],
        "spearman - filtered rosetta [-1;7]": [
            -0.5794208261086456,
            2.2096027236084944e-08
        ],
        "count - filtered rosetta [-1;7]": 79
    },
    "2RN2": {
        "pearson": [
            -0.5816873596185715,
            2.8917724286147317e-08
        ],
        "spearman": [
            -0.6056511140525854,
            5.357061307634769e-09
        ],
        "count": 77,
        "pearson - filtered rosetta [-1;7]": [
            -0.5797105685200443,
            1.793165057511546e-07
        ],
        "spearman - filtered rosetta [-1;7]": [
            -0.6452190438739964,
            2.169262881682368e-09
        ],
        "count - filtered rosetta [-1;7]": 69
    },
    "overall": {
        "pearson": [
            -0.5083231822152596,
            5.3051293549083236e-24
        ],
        "spearman": [
            -0.5522630250039285,
            7.406743472082673e-29
        ],
        "count": 344,
        "pearson - filtered rosetta [-1;7]": [
            -0.4917235145239741,
            1.1244793342222568e-21
        ],
        "spearman - filtered rosetta [-1;7]": [
            -0.5411292548536126,
            1.0055962864865183e-26
        ],
        "count - filtered rosetta [-1;7]": 333
    }
}