{
    "log2_ratio": {
        "pearson": [
            0.2683175106295309,
            2.7366655153479086e-16
        ],
        "spearman": [
            0.24521794058817456,
            8.894958109221967e-14
        ],
        "count": 899
    }
}