{
    "log2_ratio": {
        "pearson": [
            0.23365298204026258,
            1.299404648802773e-12
        ],
        "spearman": [
            0.22337291981966315,
            1.2534434289185993e-11
        ],
        "count": 899
    }
}