{
    "enrichment": {
        "pearson": [
            0.5249222891660188,
            5.6793064175996556e-220
        ],
        "spearman": [
            0.5971574028857597,
            3.718899995639581e-300
        ],
        "count": 3112
    }
}