{
    "enrichment": {
        "pearson": [
            0.532020188885071,
            5.2322895584239535e-227
        ],
        "spearman": [
            0.6062618879737921,
            9.218251434746e-312
        ],
        "count": 3112
    }
}