{
    "enrichment": {
        "pearson": [
            0.5190962086559227,
            8.450130808389939e-241
        ],
        "spearman": [
            0.5963039712869639,
            0.0
        ],
        "count": 3500
    }
}