{
    "screenscore": {
        "pearson": [
            0.3126295449116022,
            2.123397025255719e-18
        ],
        "spearman": [
            0.2938268411366251,
            2.4264320752764504e-16
        ],
        "count": 747
    }
}