{
    "screenscore": {
        "pearson": [
            0.4668426619128133,
            4.948778853773358e-78
        ],
        "spearman": [
            0.49729946128836733,
            6.941305043988992e-90
        ],
        "count": 1425
    }
}