{
    "screenscore": {
        "pearson": [
            0.4498832275293331,
            1.8990929193538764e-90
        ],
        "spearman": [
            0.4737095146956351,
            2.122605282715977e-101
        ],
        "count": 1801
    }
}