{
    "fitness": {
        "pearson": [
            0.10602484563101244,
            3.88014160269836e-05
        ],
        "spearman": [
            0.06934387922503209,
            0.0072167682370472665
        ],
        "count": 1500
    }
}