{
    "acetamide_normalized_fitness": {
        "pearson": [
            0.28495809825658813,
            4.64231082426599e-124
        ],
        "spearman": [
            0.3899431556563011,
            1.1094076568383515e-239
        ],
        "count": 6629
    },
    "isobutyramide_normalized_fitness": {
        "pearson": [
            0.4840589371348133,
            0.0
        ],
        "spearman": [
            0.48600390645345753,
            0.0
        ],
        "count": 6568
    },
    "propionamide_normalized_fitness": {
        "pearson": [
            0.3539205565503134,
            6.311495961730037e-195
        ],
        "spearman": [
            0.39543528204564105,
            4.2288836650774464e-247
        ],
        "count": 6631
    }
}