{
    "acetamide_normalized_fitness": {
        "pearson": [
            0.2943196183891148,
            3.225408104232532e-132
        ],
        "spearman": [
            0.4064742209600844,
            1.796007969274881e-261
        ],
        "count": 6610
    },
    "isobutyramide_normalized_fitness": {
        "pearson": [
            0.4934035460415901,
            0.0
        ],
        "spearman": [
            0.4951385647715227,
            0.0
        ],
        "count": 6548
    },
    "propionamide_normalized_fitness": {
        "pearson": [
            0.3663585807462884,
            3.918117208102935e-209
        ],
        "spearman": [
            0.41177482116663244,
            5.4150900663209444e-269
        ],
        "count": 6611
    }
}