{
    "log2_ratio": {
        "pearson": [
            0.26791341453788853,
            3.0432196454678267e-16
        ],
        "spearman": [
            0.276158314845751,
            3.3646568937406934e-17
        ],
        "count": 899
    }
}