{
    "log2_ratio": {
        "pearson": [
            0.2809713193622525,
            8.982493068026618e-18
        ],
        "spearman": [
            0.27874564200973395,
            1.6596888048629624e-17
        ],
        "count": 899
    }
}