{
    "screenscore": {
        "pearson": [
            0.25195345392295065,
            9.927715211230264e-51
        ],
        "spearman": [
            0.26488242817752167,
            4.511952520024319e-56
        ],
        "count": 3424
    }
}