{
    "screenscore": {
        "pearson": [
            0.1996956567791751,
            1.7923482122794087e-29
        ],
        "spearman": [
            0.20969267448096182,
            2.1658214657596283e-32
        ],
        "count": 3125
    }
}