{
    "Overall": {
        "all_types_of_mutations": {
            "Pr": -0.13595765818874234,
            "Pr_pval": 0.008831262908996848,
            "Sr": -0.18163624158091177,
            "Sr_pval": 0.0004459678151289587,
            "num": 370.0,
            "num_struc": 38.0
        },
        "single_point_mutations": {
            "Pr": -0.21027182341151063,
            "Pr_pval": 0.0006597240069327647,
            "Sr": -0.194907777966186,
            "Sr_pval": 0.0016223750958869788,
            "num": 259.0,
            "num_struc": 35.0
        },
        "multi_point_mutations": {
            "Pr": -0.13714286341867432,
            "Pr_pval": 0.15119452742981385,
            "Sr": -0.07253660947391367,
            "Sr_pval": 0.44930932325460493,
            "num": 111.0,
            "num_struc": 16.0
        }
    },
    "Per-Structure": {
        "all_types_of_mutations": {
            "Pr": -0.31920593869594277,
            "Pr_pval": 0.0019204749640278004,
            "Sr": -0.32872763907007824,
            "Sr_pval": 0.0003332948769941427,
            "num": 266.0,
            "num_struc": 8.0
        },
        "single_point_mutations": {
            "Pr": -0.36555016322496925,
            "Pr_pval": 0.002218621053801348,
            "Sr": -0.37955791525129406,
            "Sr_pval": 0.0009902220573459425,
            "num": 180.0,
            "num_struc": 7.0
        },
        "multi_point_mutations": {
            "Pr": -0.03806409998942892,
            "Pr_pval": 0.08592239518399367,
            "Sr": -0.10106594854960285,
            "Sr_pval": 0.07490506448554093,
            "num": 79.0,
            "num_struc": 2.0
        }
    }
}