{
    "Overall": {
        "all_types_of_mutations": {
            "Pr": -0.07365240827615105,
            "Pr_pval": 0.15796920986566554,
            "Sr": -0.07513408124725517,
            "Sr_pval": 0.14974905183221698,
            "num": 369.0,
            "num_struc": 38.0
        },
        "single_point_mutations": {
            "Pr": -0.22008440350929248,
            "Pr_pval": 0.0003588311786696709,
            "Sr": -0.2197933255423336,
            "Sr_pval": 0.00036551467381839106,
            "num": 259.0,
            "num_struc": 35.0
        },
        "multi_point_mutations": {
            "Pr": 0.13373553830842394,
            "Pr_pval": 0.16365829692987993,
            "Sr": 0.2612220056800552,
            "Sr_pval": 0.005843186203454785,
            "num": 110.0,
            "num_struc": 16.0
        }
    },
    "Per-Structure": {
        "all_types_of_mutations": {
            "Pr": -0.3197947566185063,
            "Pr_pval": 0.0008534797897452817,
            "Sr": -0.29274236075590443,
            "Sr_pval": 3.784398190473325e-05,
            "num": 265.0,
            "num_struc": 8.0
        },
        "single_point_mutations": {
            "Pr": -0.4177786058644322,
            "Pr_pval": 8.919334313817189e-05,
            "Sr": -0.4293665679045046,
            "Sr_pval": 1.9373297137389447e-05,
            "num": 180.0,
            "num_struc": 7.0
        },
        "multi_point_mutations": {
            "Pr": 0.2982740190848603,
            "Pr_pval": 0.05981513903396391,
            "Sr": 0.3554500158072011,
            "Sr_pval": 0.014023794523317567,
            "num": 78.0,
            "num_struc": 2.0
        }
    }
}