{
    "Overall": {
        "all_types_of_mutations": {
            "Pr": -0.07365240827615108,
            "Pr_pval": 0.15796920986566554,
            "Sr": -0.07513408124725517,
            "Sr_pval": 0.14974905183221698,
            "num": 369.0,
            "num_struc": 38.0
        },
        "single_point_mutations": {
            "Pr": -0.22008440350929248,
            "Pr_pval": 0.0003588311786696709,
            "Sr": -0.2197933255423336,
            "Sr_pval": 0.00036551467381839106,
            "num": 259.0,
            "num_struc": 35.0
        },
        "multi_point_mutations": {
            "Pr": 0.1337355383084239,
            "Pr_pval": 0.16365829692987993,
            "Sr": 0.2612220056800552,
            "Sr_pval": 0.005843186203454785,
            "num": 110.0,
            "num_struc": 16.0
        }
    },
    "Per-Structure": {
        "all_types_of_mutations": {
            "Pr": -0.31979475661850637,
            "Pr_std": 0.2632165793006051,
            "Pr_pval": 0.0008534797897452817,
            "Sr": -0.29274236075590443,
            "Sr_std": 0.3383402643718056,
            "Sr_pval": 3.784398190473325e-05,
            "num": 265.0,
            "num_struc": 8.0
        },
        "single_point_mutations": {
            "Pr": -0.41777860586443233,
            "Pr_std": 0.21282961304364803,
            "Pr_pval": 8.919334313817153e-05,
            "Sr": -0.4293665679045046,
            "Sr_std": 0.22313878842906912,
            "Sr_pval": 1.9373297137389447e-05,
            "num": 180.0,
            "num_struc": 7.0
        },
        "multi_point_mutations": {
            "Pr": 0.29827401908486034,
            "Pr_std": 0.11630766305404612,
            "Pr_pval": 0.05981513903396391,
            "Sr": 0.3554500158072011,
            "Sr_std": 0.08668299781155336,
            "Sr_pval": 0.014023794523317567,
            "num": 78.0,
            "num_struc": 2.0
        }
    }
}