{
    "ddG_stat": {
        "pearson": [
            -0.500000250765678,
            0.0
        ],
        "spearman": [
            -0.4871214721865157,
            0.0
        ],
        "count": 5259
    }
}