{
    "fitness": {
        "pearson": [
            0.2702371070435327,
            1.627903386255929e-26
        ],
        "spearman": [
            0.2823338996408549,
            6.899397933021594e-29
        ],
        "count": 1500
    }
}