{
    "log_proba_mt__minus__log_proba_wt vs. IFN_gamma (pg/ml)": {
        "Sr": 0.2708169967397481,
        "Sr_pval": 0.00032662084450897985,
        "Pr": 0.41632457892102703,
        "Pr_pval": 1.3450531007864456e-08,
        "num": 172
    },
    "blosum vs. IFN_gamma (pg/ml)": {
        "Sr": 0.2174733347098187,
        "Sr_pval": 0.00416064211939098,
        "Pr": 0.24663740792014044,
        "Pr_pval": 0.001107979454142637,
        "num": 172
    },
    "blosum vs. log_proba_mt__minus__log_proba_wt": {
        "Sr": 0.237943052001123,
        "Sr_pval": 0.001671646722312489,
        "Pr": 0.2701505434136471,
        "Pr_pval": 0.00033833351519222803,
        "num": 172
    },
    "combined_score vs. IFN_gamma (pg/ml)": {
        "Sr": 0.2984759063495168,
        "Sr_pval": 6.979937045997498e-05,
        "Pr": 0.4331292669828535,
        "Pr_pval": 2.9480339393256857e-09,
        "num": 172
    }
}