{
    "linear": {
        "pearson": [
            0.6342640622846734,
            0.0
        ],
        "spearman": [
            0.6522140279938565,
            0.0
        ],
        "count": 5468
    }
}