{
    "screenscore": {
        "pearson": [
            0.4203940210108694,
            2.3915124230387404e-33
        ],
        "spearman": [
            0.4213048460509565,
            1.6866667336860585e-33
        ],
        "count": 747
    }
}