{
    "screenscore": {
        "pearson": [
            0.5027524649764978,
            5.618870317287918e-116
        ],
        "spearman": [
            0.4891109435739255,
            5.913656767460493e-109
        ],
        "count": 1801
    }
}