{
    "screenscore": {
        "pearson": [
            0.5544370261887115,
            1.2129116257327476e-115
        ],
        "spearman": [
            0.5797012136472222,
            1.0212897481866949e-128
        ],
        "count": 1425
    }
}