{
    "SelectionTwo": {
        "pearson": [
            0.5190087465561612,
            0.0
        ],
        "spearman": [
            0.5388553883242699,
            0.0
        ],
        "count": 8329
    }
}