{
    "2LZM": {
        "pearson": [
            -0.7533551335866141,
            4.2007008904327733e-07
        ],
        "spearman": [
            -0.6108558242709287,
            0.00015957799838907548
        ],
        "count": 33
    }
}