{
    "score": {
        "pearson": [
            0.3665038753007191,
            2.9187019675420036e-112
        ],
        "spearman": [
            0.3790024379356745,
            1.550991592853857e-120
        ],
        "count": 3517
    }
}