{
    "score": {
        "pearson": [
            0.3590817363517961,
            1.6131557235095482e-107
        ],
        "spearman": [
            0.3860022283742396,
            2.482565874499257e-125
        ],
        "count": 3517
    }
}