{
    "score": {
        "pearson": [
            0.38394875722389865,
            3.0347164018120042e-133
        ],
        "spearman": [
            0.399509415951446,
            4.2736727027972366e-145
        ],
        "count": 3786
    }
}