{
    "log2_ratio": {
        "pearson": [
            0.19822013840332492,
            2.039752297603574e-09
        ],
        "spearman": [
            0.15593689094557117,
            2.6302006717722554e-06
        ],
        "count": 899
    }
}