{
    "log2_ratio": {
        "pearson": [
            0.18935838713163808,
            1.0556538144966266e-08
        ],
        "spearman": [
            0.1465692476422373,
            1.0224555241903012e-05
        ],
        "count": 899
    }
}