{
  "Pearson R": -0.7626466777381852,
  "Pearson R - pval": 0.00023293286025648224,
  "Spearman R": -0.6801041765574006,
  "Spearman R - pval": 0.001898722578325311
}