{
    "2LZM": {
        "pearson": [
            -0.7702458300243499,
            1.5907813997847292e-07
        ],
        "spearman": [
            -0.7754456739649576,
            1.1603884524071761e-07
        ],
        "count": 33
    }
}