{
    "2LZM": {
        "pearson": [
            -0.7626466777381851,
            0.00023293286025648387
        ],
        "spearman": [
            -0.6801041765574006,
            0.001898722578325311
        ],
        "count": 18
    }
}