{
    "2LZM": {
        "pearson": [
            -0.6897480729718878,
            8.981944813028484e-06
        ],
        "spearman": [
            -0.7269385028152946,
            1.6596213849007116e-06
        ],
        "count": 33
    }
}