{
  "Pearson R": -0.6984432200975543,
  "Pearson R - pval": 6.190489978918043e-06,
  "Spearman R": -0.7262694383856441,
  "Spearman R - pval": 1.7148778649302235e-06
}