{
    "2LZM": {
        "pearson": [
            -0.6984432130377944,
            6.1904918821907445e-06
        ],
        "spearman": [
            -0.7262694383856441,
            1.7148778649302235e-06
        ],
        "count": 33
    }
}