{
    "selection_coefficient": {
        "pearson": [
            0.0442816927697715,
            0.11487221976379502
        ],
        "spearman": [
            0.13230817020248964,
            2.2520852652277005e-06
        ],
        "count": 1269
    }
}