{
    "selection_coefficient": {
        "pearson": [
            0.043413057251958695,
            0.12217481825778316
        ],
        "spearman": [
            0.14073792737157173,
            4.812456769371702e-07
        ],
        "count": 1269
    }
}