{
    "selection_coefficient": {
        "pearson": [
            0.1488802377152804,
            9.926856352504543e-08
        ],
        "spearman": [
            0.23144486159993674,
            6.810589333876216e-17
        ],
        "count": 1269
    }
}