{
    "1AMQ": {
        "pearson": [
            -0.43698103355670065,
            0.5630189664432994
        ],
        "spearman": [
            -0.6000000000000001,
            0.3999999999999999
        ],
        "count": 4
    },
    "1BNI": {
        "pearson": [
            -0.6650393155960952,
            0.013127373614544155
        ],
        "spearman": [
            -0.6584047021907707,
            0.014412353883591472
        ],
        "count": 13
    },
    "1CEY": {
        "pearson": [
            0.9904936540392825,
            0.08785097297636602
        ],
        "spearman": [
            1.0,
            0.0
        ],
        "count": 3
    },
    "1EY0": {
        "pearson": [
            -0.4270296217553287,
            0.023427974993004586
        ],
        "spearman": [
            -0.34917165516241677,
            0.06857464174582432
        ],
        "count": 28
    },
    "1IHB": {
        "pearson": [
            -0.8057148737142735,
            0.4035627653478807
        ],
        "spearman": [
            -1.0,
            0.0
        ],
        "count": 3
    },
    "1L63": {
        "pearson": [
            -0.6916662933781421,
            4.2699558325177935e-18
        ],
        "spearman": [
            -0.7400654146403308,
            1.026680521320828e-21
        ],
        "count": 118
    },
    "1LZ1": {
        "pearson": [
            -0.49039887990251096,
            5.207106893249016e-05
        ],
        "spearman": [
            -0.5364105100136436,
            6.9962248640764875e-06
        ],
        "count": 62
    },
    "1OH0": {
        "pearson": [
            -1.0,
            1.0
        ],
        "spearman": [
            -0.9999999999999999,
            NaN
        ],
        "count": 2
    },
    "1VQB": {
        "pearson": [
            0.051956521760183116,
            0.9338766771140098
        ],
        "spearman": [
            0.19999999999999998,
            0.747060078104662
        ],
        "count": 5
    },
    "2LZM": {
        "pearson": [
            -0.6246517199344397,
            2.079666738695239e-08
        ],
        "spearman": [
            -0.6120250558740722,
            4.7600904443823724e-08
        ],
        "count": 66
    },
    "2RN2": {
        "pearson": [
            -0.6161103801245542,
            0.006476711126072426
        ],
        "spearman": [
            -0.36232058781873183,
            0.13951764219452603
        ],
        "count": 18
    },
    "3ZCF": {
        "pearson": [
            1.0,
            1.0
        ],
        "spearman": [
            0.9999999999999999,
            NaN
        ],
        "count": 2
    },
    "4BVM": {
        "pearson": [
            -0.1280060800272663,
            0.837463790256594
        ],
        "spearman": [
            0.49999999999999994,
            0.39100221895577053
        ],
        "count": 5
    },
    "4LYZ": {
        "pearson": [
            -0.34357496012635763,
            0.22908040977103217
        ],
        "spearman": [
            -0.38232627711600226,
            0.1773063020612448
        ],
        "count": 14
    },
    "5PTI": {
        "pearson": [
            -0.5130655952597867,
            0.37665881691091463
        ],
        "spearman": [
            -0.09999999999999999,
            0.8728885715695383
        ],
        "count": 5
    },
    "overall": {
        "pearson": [
            -0.6008975394557814,
            6.33911685514716e-36
        ],
        "spearman": [
            -0.630445108746044,
            2.115907760632825e-40
        ],
        "count": 352
    }
}