{
    "5BON": {
        "pearson": [
            0.4445334343598282,
            5.2168141985454516e-136
        ],
        "spearman": [
            0.4674129869276028,
            4.805929330118923e-152
        ],
        "count": 2801
    },
    "1D5R": {
        "pearson": [
            0.5362613537862979,
            2.1236613370980746e-239
        ],
        "spearman": [
            0.5558959553872166,
            8.745513276424019e-261
        ],
        "count": 3222
    },
    "2H11": {
        "pearson": [
            0.43539543497363054,
            1.4832403899750884e-158
        ],
        "spearman": [
            0.47044832089422006,
            2.5846022786129352e-188
        ],
        "count": 3427
    },
    "overall": {
        "pearson": [
            0.4377280517902186,
            0.0
        ],
        "spearman": [
            0.4726998706231591,
            0.0
        ],
        "count": 9450
    }
}