{
    "acetamide_normalized_fitness": {
        "pearson": [
            0.2667577648471917,
            4.386717306593299e-108
        ],
        "spearman": [
            0.3988026859543367,
            6.95652133287521e-251
        ],
        "count": 6610
    },
    "isobutyramide_normalized_fitness": {
        "pearson": [
            0.4231538466533848,
            8.125029132570675e-283
        ],
        "spearman": [
            0.4440946384239374,
            0.0
        ],
        "count": 6548
    },
    "propionamide_normalized_fitness": {
        "pearson": [
            0.34269243445717357,
            1.4838246973664115e-181
        ],
        "spearman": [
            0.40404823013270236,
            3.9275215201827052e-258
        ],
        "count": 6611
    }
}