{
    "acetamide_normalized_fitness": {
        "pearson": [
            0.2591190117220696,
            3.627702235001638e-102
        ],
        "spearman": [
            0.3813743844022349,
            1.6892402760132308e-228
        ],
        "count": 6629
    },
    "isobutyramide_normalized_fitness": {
        "pearson": [
            0.40701638374034627,
            1.408051009421045e-260
        ],
        "spearman": [
            0.427824036760871,
            1.3440777397834257e-290
        ],
        "count": 6568
    },
    "propionamide_normalized_fitness": {
        "pearson": [
            0.32423189871786884,
            3.926915564064114e-162
        ],
        "spearman": [
            0.3823910426205417,
            7.073693358287748e-230
        ],
        "count": 6631
    }
}