{
    "function_score": {
        "pearson": [
            0.4875878039077939,
            1.091383528892725e-87
        ],
        "spearman": [
            0.4222675991867,
            5.9151580169746954e-64
        ],
        "count": 1454
    }
}