{
    "function_score": {
        "pearson": [
            0.5117726057288103,
            4.080027143061348e-100
        ],
        "spearman": [
            0.43824421688651954,
            7.184593081970722e-71
        ],
        "count": 1488
    }
}