{
    "attenuated": {
        "pearson": [
            0.02381613069774001,
            0.18255309115876192
        ],
        "spearman": [
            0.04861761065347455,
            0.006484066033860987
        ],
        "count": 3134
    },
    "regulated": {
        "pearson": [
            0.36004682607879024,
            1.479564356809479e-96
        ],
        "spearman": [
            0.3747235070193622,
            4.716316862891779e-105
        ],
        "count": 3134
    },
    "unregulated": {
        "pearson": [
            0.37598711581094596,
            8.340520016915247e-106
        ],
        "spearman": [
            0.40394654949296827,
            2.4808166470347865e-123
        ],
        "count": 3134
    }
}