{
    "attenuated": {
        "pearson": [
            0.06009019743658779,
            0.0007635595540893455
        ],
        "spearman": [
            0.08512994921201526,
            1.819342389059597e-06
        ],
        "count": 3134
    },
    "regulated": {
        "pearson": [
            0.3660919728159654,
            5.299173394519636e-100
        ],
        "spearman": [
            0.3793972932479161,
            7.47881232059919e-108
        ],
        "count": 3134
    },
    "unregulated": {
        "pearson": [
            0.4083977327164582,
            2.7847220880286985e-126
        ],
        "spearman": [
            0.4251402260662928,
            8.705672314529569e-138
        ],
        "count": 3134
    }
}