{
    "attenuated": {
        "pearson": [
            0.03912472209323832,
            0.028506075595177337
        ],
        "spearman": [
            0.06731883336975282,
            0.00016231626413652157
        ],
        "count": 3134
    },
    "regulated": {
        "pearson": [
            0.3507675815329506,
            2.069985515083722e-91
        ],
        "spearman": [
            0.3617290317427598,
            1.6546224396928207e-97
        ],
        "count": 3134
    },
    "unregulated": {
        "pearson": [
            0.3707027857347711,
            1.1104551945796119e-102
        ],
        "spearman": [
            0.38654405028224187,
            3.1835931256028847e-112
        ],
        "count": 3134
    }
}