{
    "linear": {
        "pearson": [
            0.5465190249998195,
            0.0
        ],
        "spearman": [
            0.5711124691954874,
            0.0
        ],
        "count": 5468
    }
}