{
    "screenscore": {
        "pearson": [
            0.21889871809502762,
            1.0296572908019315e-22
        ],
        "spearman": [
            0.18571543520412329,
            1.1027098217580283e-16
        ],
        "count": 1962
    }
}