{
    "screenscore": {
        "pearson": [
            0.09647111296574294,
            0.31606352768011414
        ],
        "spearman": [
            0.029337350212645052,
            0.7609425408013836
        ],
        "count": 110
    }
}