{
    "Overall": {
        "all_types_of_mutations": {
            "Pr": -0.2078182607592731,
            "Pr_pval": 6.744238741422898e-57,
            "Sr": -0.22245455244658427,
            "Sr_pval": 3.905053215919471e-65,
            "num": 5726.0,
            "num_struc": 333.0
        },
        "single_point_mutations": {
            "Pr": -0.2436455507287656,
            "Pr_pval": 1.0202587114760927e-56,
            "Sr": -0.23414204429662538,
            "Sr_pval": 2.137592928737638e-52,
            "num": 4118.0,
            "num_struc": 310.0
        },
        "multi_point_mutations": {
            "Pr": -0.26541653611127114,
            "Pr_pval": 2.4895714425532915e-27,
            "Sr": -0.27033388023220517,
            "Sr_pval": 2.5033099849108507e-28,
            "num": 1608.0,
            "num_struc": 143.0
        }
    },
    "Per-Structure": {
        "all_types_of_mutations": {
            "Pr": -0.23966499074157913,
            "Pr_pval": 9.843649711858822e-49,
            "Sr": -0.24497684482960547,
            "Sr_pval": 2.6726571719452544e-45,
            "num": 5025.0,
            "num_struc": 116.0
        },
        "single_point_mutations": {
            "Pr": -0.2662649768704484,
            "Pr_pval": 4.146441063302967e-40,
            "Sr": -0.2623373353133503,
            "Sr_pval": 1.6118904290538682e-31,
            "num": 3485.0,
            "num_struc": 93.0
        },
        "multi_point_mutations": {
            "Pr": -0.2883814844236617,
            "Pr_pval": 4.0496265522978004e-21,
            "Sr": -0.2957578940310161,
            "Sr_pval": 8.538943959859328e-23,
            "num": 1304.0,
            "num_struc": 41.0
        }
    }
}