{
    "Overall": {
        "all_types_of_mutations": {
            "Pr": -0.208403738838472,
            "Pr_pval": 3.244257136953761e-57,
            "Sr": -0.22293855789955758,
            "Sr_pval": 2.035923515401462e-65,
            "num": 5726.0,
            "num_struc": 333.0
        },
        "single_point_mutations": {
            "Pr": -0.24417725871983634,
            "Pr_pval": 5.771373002717865e-57,
            "Sr": -0.23451419934274542,
            "Sr_pval": 1.4598153852461206e-52,
            "num": 4118.0,
            "num_struc": 310.0
        },
        "multi_point_mutations": {
            "Pr": -0.2670275766364718,
            "Pr_pval": 1.1791733723740596e-27,
            "Sr": -0.27169428112848126,
            "Sr_pval": 1.314722641018388e-28,
            "num": 1608.0,
            "num_struc": 143.0
        }
    },
    "Per-Structure": {
        "all_types_of_mutations": {
            "Pr": -0.23937058197328095,
            "Pr_pval": 3.08922791071658e-49,
            "Sr": -0.24368558609373184,
            "Sr_pval": 5.632214526951218e-46,
            "num": 5025.0,
            "num_struc": 116.0
        },
        "single_point_mutations": {
            "Pr": -0.2660342810504436,
            "Pr_pval": 5.476755501726029e-40,
            "Sr": -0.26160705732517026,
            "Sr_pval": 1.3675716413022578e-31,
            "num": 3485.0,
            "num_struc": 93.0
        },
        "multi_point_mutations": {
            "Pr": -0.2845103121408015,
            "Pr_pval": 4.320103960158612e-21,
            "Sr": -0.29011365099889064,
            "Sr_pval": 1.4291392161069204e-22,
            "num": 1304.0,
            "num_struc": 41.0
        }
    }
}