{
    "Overall": {
        "all_types_of_mutations": {
            "Pr": -0.2091331644653571,
            "Pr_pval": 1.299580146889334e-57,
            "Sr": -0.22396657144449955,
            "Sr_pval": 5.078362616398086e-66,
            "num": 5726.0
        },
        "single_point_mutations": {
            "Pr": -0.2449223873527125,
            "Pr_pval": 2.5912939559589247e-57,
            "Sr": -0.2353813168866746,
            "Sr_pval": 5.987668354633509e-53,
            "num": 4118.0
        },
        "multi_point_mutations": {
            "Pr": -0.2670218020535126,
            "Pr_pval": 1.18234698517787e-27,
            "Sr": -0.2726859162619128,
            "Sr_pval": 8.20267644854725e-29,
            "num": 1608.0
        }
    },
    "Per-Structure": {
        "all_types_of_mutations": {
            "Pr": -0.23956291498426036,
            "Pr_pval": 4.317006288814249e-49,
            "Sr": -0.24493615622908219,
            "Sr_pval": 9.299080988548244e-46,
            "num": 5025.0
        },
        "single_point_mutations": {
            "Pr": -0.26443114525729533,
            "Pr_pval": 5.5498769842581065e-40,
            "Sr": -0.26125083878223027,
            "Sr_pval": 1.7776580862833132e-31,
            "num": 3485.0
        },
        "multi_point_mutations": {
            "Pr": -0.29615992556665915,
            "Pr_pval": 2.891726676630097e-21,
            "Sr": -0.30043705111651003,
            "Sr_pval": 2.5401665511139852e-23,
            "num": 1304.0
        }
    }
}